-- phpMyAdmin SQL Dump
-- version 5.2.3
-- https://www.phpmyadmin.net/
--
-- Host: localhost:3306
-- Generation Time: Oct 20, 2025 at 04:36 AM
-- Server version: 8.0.30
-- PHP Version: 8.3.26

SET SQL_MODE = "NO_AUTO_VALUE_ON_ZERO";
START TRANSACTION;
SET time_zone = "+00:00";


/*!40101 SET @OLD_CHARACTER_SET_CLIENT=@@CHARACTER_SET_CLIENT */;
/*!40101 SET @OLD_CHARACTER_SET_RESULTS=@@CHARACTER_SET_RESULTS */;
/*!40101 SET @OLD_COLLATION_CONNECTION=@@COLLATION_CONNECTION */;
/*!40101 SET NAMES utf8mb4 */;

--
-- Database: `inventory_db_upg_larv`
--

-- --------------------------------------------------------

--
-- Table structure for table `audits`
--

CREATE TABLE `audits` (
  `id` bigint UNSIGNED NOT NULL,
  `user_type` varchar(255) CHARACTER SET utf8mb4 COLLATE utf8mb4_unicode_ci DEFAULT NULL,
  `user_id` bigint UNSIGNED DEFAULT NULL,
  `event` varchar(255) CHARACTER SET utf8mb4 COLLATE utf8mb4_unicode_ci NOT NULL,
  `auditable_type` varchar(255) CHARACTER SET utf8mb4 COLLATE utf8mb4_unicode_ci NOT NULL,
  `auditable_id` bigint UNSIGNED NOT NULL,
  `old_values` text CHARACTER SET utf8mb4 COLLATE utf8mb4_unicode_ci,
  `new_values` text CHARACTER SET utf8mb4 COLLATE utf8mb4_unicode_ci,
  `url` text CHARACTER SET utf8mb4 COLLATE utf8mb4_unicode_ci,
  `ip_address` varchar(45) CHARACTER SET utf8mb4 COLLATE utf8mb4_unicode_ci DEFAULT NULL,
  `user_agent` varchar(1023) CHARACTER SET utf8mb4 COLLATE utf8mb4_unicode_ci DEFAULT NULL,
  `tags` varchar(255) CHARACTER SET utf8mb4 COLLATE utf8mb4_unicode_ci DEFAULT NULL,
  `created_at` timestamp NULL DEFAULT NULL,
  `updated_at` timestamp NULL DEFAULT NULL
) ENGINE=InnoDB DEFAULT CHARSET=utf8mb4 COLLATE=utf8mb4_unicode_ci;

--
-- Dumping data for table `audits`
--

INSERT INTO `audits` (`id`, `user_type`, `user_id`, `event`, `auditable_type`, `auditable_id`, `old_values`, `new_values`, `url`, `ip_address`, `user_agent`, `tags`, `created_at`, `updated_at`) VALUES
(1, 'App\\Models\\User', 1, 'updated', 'App\\Models\\Inventory', 69, '{\"name\":\"Button 4\"}', '{\"name\":\"Button 44\"}', 'https://inventory-system-v2-upg-larv.test/inventory/69', '127.0.0.1', 'Mozilla/5.0 (Windows NT 10.0; Win64; x64) AppleWebKit/537.36 (KHTML, like Gecko) Chrome/141.0.0.0 Safari/537.36 Edg/141.0.0.0', NULL, '2025-10-08 09:45:17', '2025-10-08 09:45:17'),
(2, 'App\\Models\\User', 1, 'updated', 'App\\Models\\Inventory', 69, '{\"name\":\"Button 44\"}', '{\"name\":\"Button 4\"}', 'https://inventory-system-v2-upg-larv.test/inventory/69', '127.0.0.1', 'Mozilla/5.0 (Windows NT 10.0; Win64; x64) AppleWebKit/537.36 (KHTML, like Gecko) Chrome/141.0.0.0 Safari/537.36 Edg/141.0.0.0', NULL, '2025-10-09 07:02:10', '2025-10-09 07:02:10'),
(3, 'App\\Models\\User', 1, 'deleted', 'App\\Models\\MaterialRequest', 505, '{\"inventory_id\":192,\"project_id\":25,\"processed_qty\":\"0.00\",\"requested_by\":\"logitech\",\"remark\":\"sdc\",\"status\":\"canceled\"}', '[]', 'https://inventory-system-v2-upg-larv.test/material_requests/505', '127.0.0.1', 'Mozilla/5.0 (Windows NT 10.0; Win64; x64) AppleWebKit/537.36 (KHTML, like Gecko) Chrome/141.0.0.0 Safari/537.36 Edg/141.0.0.0', NULL, '2025-10-09 07:02:22', '2025-10-09 07:02:22'),
(4, 'App\\Models\\User', 1, 'deleted', 'App\\Models\\Project', 81, '{\"name\":\"test lliuy\"}', '[]', 'https://inventory-system-v2-upg-larv.test/projects/81', '127.0.0.1', 'Mozilla/5.0 (Windows NT 10.0; Win64; x64) AppleWebKit/537.36 (KHTML, like Gecko) Chrome/141.0.0.0 Safari/537.36 Edg/141.0.0.0', NULL, '2025-10-09 07:03:15', '2025-10-09 07:03:15'),
(5, 'App\\Models\\User', 1, 'updated', 'App\\Models\\Inventory', 184, '{\"quantity\":\"996.00\"}', '{\"quantity\":997}', 'https://inventory-system-v2-upg-larv.test/goods_out/293', '127.0.0.1', 'Mozilla/5.0 (Windows NT 10.0; Win64; x64) AppleWebKit/537.36 (KHTML, like Gecko) Chrome/141.0.0.0 Safari/537.36 Edg/141.0.0.0', NULL, '2025-10-09 07:04:03', '2025-10-09 07:04:03'),
(6, 'App\\Models\\User', 1, 'deleted', 'App\\Models\\GoodsOut', 293, '{\"material_request_id\":447,\"inventory_id\":184,\"project_id\":25,\"requested_by\":\"logitech\",\"quantity\":\"1.00\",\"remark\":\"Bulk Goods Out\"}', '[]', 'https://inventory-system-v2-upg-larv.test/goods_out/293', '127.0.0.1', 'Mozilla/5.0 (Windows NT 10.0; Win64; x64) AppleWebKit/537.36 (KHTML, like Gecko) Chrome/141.0.0.0 Safari/537.36 Edg/141.0.0.0', NULL, '2025-10-09 07:04:03', '2025-10-09 07:04:03'),
(7, 'App\\Models\\User', 1, 'updated', 'App\\Models\\Inventory', 184, '{\"quantity\":\"997.00\"}', '{\"quantity\":998}', 'https://inventory-system-v2-upg-larv.test/goods_out/292', '127.0.0.1', 'Mozilla/5.0 (Windows NT 10.0; Win64; x64) AppleWebKit/537.36 (KHTML, like Gecko) Chrome/141.0.0.0 Safari/537.36 Edg/141.0.0.0', NULL, '2025-10-09 07:04:09', '2025-10-09 07:04:09'),
(8, 'App\\Models\\User', 1, 'deleted', 'App\\Models\\GoodsOut', 292, '{\"material_request_id\":446,\"inventory_id\":184,\"project_id\":43,\"requested_by\":\"logitech\",\"quantity\":\"1.00\",\"remark\":\"Bulk Goods Out\"}', '[]', 'https://inventory-system-v2-upg-larv.test/goods_out/292', '127.0.0.1', 'Mozilla/5.0 (Windows NT 10.0; Win64; x64) AppleWebKit/537.36 (KHTML, like Gecko) Chrome/141.0.0.0 Safari/537.36 Edg/141.0.0.0', NULL, '2025-10-09 07:04:09', '2025-10-09 07:04:09'),
(9, 'App\\Models\\User', 1, 'updated', 'App\\Models\\Inventory', 180, '{\"quantity\":\"52.02\"}', '{\"quantity\":52.52}', 'https://inventory-system-v2-upg-larv.test/goods_out/146', '127.0.0.1', 'Mozilla/5.0 (Windows NT 10.0; Win64; x64) AppleWebKit/537.36 (KHTML, like Gecko) Chrome/141.0.0.0 Safari/537.36 Edg/141.0.0.0', NULL, '2025-10-09 07:04:21', '2025-10-09 07:04:21'),
(10, 'App\\Models\\User', 1, 'deleted', 'App\\Models\\GoodsOut', 146, '{\"material_request_id\":495,\"inventory_id\":180,\"project_id\":64,\"requested_by\":\"logitech\",\"quantity\":\"0.50\",\"remark\":null}', '[]', 'https://inventory-system-v2-upg-larv.test/goods_out/146', '127.0.0.1', 'Mozilla/5.0 (Windows NT 10.0; Win64; x64) AppleWebKit/537.36 (KHTML, like Gecko) Chrome/141.0.0.0 Safari/537.36 Edg/141.0.0.0', NULL, '2025-10-09 07:04:21', '2025-10-09 07:04:21'),
(11, 'App\\Models\\User', 1, 'updated', 'App\\Models\\Inventory', 192, '{\"quantity\":\"38.00\"}', '{\"quantity\":37}', 'https://inventory-system-v2-upg-larv.test/goods_out/store_independent', '127.0.0.1', 'Mozilla/5.0 (Windows NT 10.0; Win64; x64) AppleWebKit/537.36 (KHTML, like Gecko) Chrome/141.0.0.0 Safari/537.36 Edg/141.0.0.0', NULL, '2025-10-09 07:04:54', '2025-10-09 07:04:54'),
(12, 'App\\Models\\User', 1, 'created', 'App\\Models\\GoodsOut', 295, '[]', '{\"inventory_id\":\"192\",\"project_id\":null,\"requested_by\":\"dyla\",\"quantity\":\"1\",\"remark\":\"test\"}', 'https://inventory-system-v2-upg-larv.test/goods_out/store_independent', '127.0.0.1', 'Mozilla/5.0 (Windows NT 10.0; Win64; x64) AppleWebKit/537.36 (KHTML, like Gecko) Chrome/141.0.0.0 Safari/537.36 Edg/141.0.0.0', NULL, '2025-10-09 07:04:54', '2025-10-09 07:04:54'),
(13, 'App\\Models\\User', 1, 'updated', 'App\\Models\\Inventory', 192, '{\"quantity\":\"37.00\"}', '{\"quantity\":38}', 'https://inventory-system-v2-upg-larv.test/goods_out/295', '127.0.0.1', 'Mozilla/5.0 (Windows NT 10.0; Win64; x64) AppleWebKit/537.36 (KHTML, like Gecko) Chrome/141.0.0.0 Safari/537.36 Edg/141.0.0.0', NULL, '2025-10-09 07:04:58', '2025-10-09 07:04:58'),
(14, 'App\\Models\\User', 1, 'deleted', 'App\\Models\\GoodsOut', 295, '{\"material_request_id\":null,\"inventory_id\":192,\"project_id\":null,\"requested_by\":\"dyla\",\"quantity\":\"1.00\",\"remark\":\"test\"}', '[]', 'https://inventory-system-v2-upg-larv.test/goods_out/295', '127.0.0.1', 'Mozilla/5.0 (Windows NT 10.0; Win64; x64) AppleWebKit/537.36 (KHTML, like Gecko) Chrome/141.0.0.0 Safari/537.36 Edg/141.0.0.0', NULL, '2025-10-09 07:04:58', '2025-10-09 07:04:58'),
(15, 'App\\Models\\User', 1, 'updated', 'App\\Models\\Inventory', 215, '{\"quantity\":\"14.10\"}', '{\"quantity\":16.1}', 'https://inventory-system-v2-upg-larv.test/goods_out/137', '127.0.0.1', 'Mozilla/5.0 (Windows NT 10.0; Win64; x64) AppleWebKit/537.36 (KHTML, like Gecko) Chrome/141.0.0.0 Safari/537.36 Edg/141.0.0.0', NULL, '2025-10-09 07:05:52', '2025-10-09 07:05:52'),
(16, 'App\\Models\\User', 1, 'deleted', 'App\\Models\\GoodsOut', 137, '{\"material_request_id\":null,\"inventory_id\":215,\"project_id\":null,\"requested_by\":\"dyla\",\"quantity\":\"2.00\",\"remark\":null}', '[]', 'https://inventory-system-v2-upg-larv.test/goods_out/137', '127.0.0.1', 'Mozilla/5.0 (Windows NT 10.0; Win64; x64) AppleWebKit/537.36 (KHTML, like Gecko) Chrome/141.0.0.0 Safari/537.36 Edg/141.0.0.0', NULL, '2025-10-09 07:05:52', '2025-10-09 07:05:52'),
(17, 'App\\Models\\User', 1, 'updated', 'App\\Models\\Inventory', 192, '{\"quantity\":\"38.00\"}', '{\"quantity\":37}', 'https://inventory-system-v2-upg-larv.test/goods_out/store_independent', '127.0.0.1', 'Mozilla/5.0 (Windows NT 10.0; Win64; x64) AppleWebKit/537.36 (KHTML, like Gecko) Chrome/141.0.0.0 Safari/537.36 Edg/141.0.0.0', NULL, '2025-10-09 07:06:24', '2025-10-09 07:06:24'),
(18, 'App\\Models\\User', 1, 'created', 'App\\Models\\GoodsOut', 296, '[]', '{\"inventory_id\":\"192\",\"project_id\":null,\"requested_by\":\"asasd\",\"quantity\":\"1\",\"remark\":\"testing no proj\"}', 'https://inventory-system-v2-upg-larv.test/goods_out/store_independent', '127.0.0.1', 'Mozilla/5.0 (Windows NT 10.0; Win64; x64) AppleWebKit/537.36 (KHTML, like Gecko) Chrome/141.0.0.0 Safari/537.36 Edg/141.0.0.0', NULL, '2025-10-09 07:06:24', '2025-10-09 07:06:24'),
(19, 'App\\Models\\User', 1, 'restored', 'App\\Models\\Inventory', 58, '[]', '{\"name\":\"Fabric 223\",\"quantity\":\"339.40\",\"price\":\"2500.00\",\"currency_id\":6,\"supplier_id\":null,\"location_id\":1,\"category_id\":1}', 'https://inventory-system-v2-upg-larv.test/trash/restore', '127.0.0.1', 'Mozilla/5.0 (Windows NT 10.0; Win64; x64) AppleWebKit/537.36 (KHTML, like Gecko) Chrome/141.0.0.0 Safari/537.36 Edg/141.0.0.0', NULL, '2025-10-09 07:08:07', '2025-10-09 07:08:07'),
(20, 'App\\Models\\User', 1, 'created', 'App\\Models\\Inventory', 219, '[]', '{\"name\":\"benang tiger2\",\"quantity\":\"2\",\"price\":0}', 'https://inventory-system-v2-upg-larv.test/inventories/quick-add', '127.0.0.1', 'Mozilla/5.0 (Windows NT 10.0; Win64; x64) AppleWebKit/537.36 (KHTML, like Gecko) Chrome/141.0.0.0 Safari/537.36 Edg/141.0.0.0', NULL, '2025-10-09 07:28:38', '2025-10-09 07:28:38'),
(21, 'App\\Models\\User', 1, 'updated', 'App\\Models\\Inventory', 99, '{\"quantity\":\"25.30\"}', '{\"quantity\":26.3}', 'https://inventory-system-v2-upg-larv.test/goods_out/284', '127.0.0.1', 'Mozilla/5.0 (Windows NT 10.0; Win64; x64) AppleWebKit/537.36 (KHTML, like Gecko) Chrome/141.0.0.0 Safari/537.36 Edg/141.0.0.0', NULL, '2025-10-09 07:29:13', '2025-10-09 07:29:13'),
(22, 'App\\Models\\User', 1, 'deleted', 'App\\Models\\GoodsOut', 284, '{\"material_request_id\":437,\"inventory_id\":99,\"project_id\":14,\"requested_by\":\"logitech\",\"quantity\":\"1.00\",\"remark\":\"Bulk Goods Out\"}', '[]', 'https://inventory-system-v2-upg-larv.test/goods_out/284', '127.0.0.1', 'Mozilla/5.0 (Windows NT 10.0; Win64; x64) AppleWebKit/537.36 (KHTML, like Gecko) Chrome/141.0.0.0 Safari/537.36 Edg/141.0.0.0', NULL, '2025-10-09 07:29:13', '2025-10-09 07:29:13'),
(23, 'App\\Models\\User', 1, 'created', 'App\\Models\\Inventory', 220, '[]', '{\"name\":\"e6tst030\",\"quantity\":\"2\",\"price\":0}', 'https://inventory-system-v2-upg-larv.test/inventories/quick-add', '127.0.0.1', 'Mozilla/5.0 (Windows NT 10.0; Win64; x64) AppleWebKit/537.36 (KHTML, like Gecko) Chrome/141.0.0.0 Safari/537.36 Edg/141.0.0.0', NULL, '2025-10-09 07:31:36', '2025-10-09 07:31:36'),
(24, 'App\\Models\\User', 1, 'created', 'App\\Models\\Project', 82, '[]', '{\"name\":\"projk67\"}', 'https://inventory-system-v2-upg-larv.test/projects/quick-add', '127.0.0.1', 'Mozilla/5.0 (Windows NT 10.0; Win64; x64) AppleWebKit/537.36 (KHTML, like Gecko) Chrome/141.0.0.0 Safari/537.36 Edg/141.0.0.0', NULL, '2025-10-09 07:31:52', '2025-10-09 07:31:52'),
(25, 'App\\Models\\User', 1, 'deleted', 'App\\Models\\GoodsIn', 76, '{\"goods_out_id\":null,\"inventory_id\":200,\"project_id\":43,\"quantity\":\"1.00\",\"remark\":null}', '[]', 'https://inventory-system-v2-upg-larv.test/goods_in/76', '127.0.0.1', 'Mozilla/5.0 (Windows NT 10.0; Win64; x64) AppleWebKit/537.36 (KHTML, like Gecko) Chrome/141.0.0.0 Safari/537.36 Edg/141.0.0.0', NULL, '2025-10-09 08:10:20', '2025-10-09 08:10:20'),
(26, 'App\\Models\\User', 1, 'deleted', 'App\\Models\\GoodsIn', 75, '{\"goods_out_id\":null,\"inventory_id\":200,\"project_id\":14,\"quantity\":\"1.00\",\"remark\":\"asxa\"}', '[]', 'https://inventory-system-v2-upg-larv.test/goods_in/75', '127.0.0.1', 'Mozilla/5.0 (Windows NT 10.0; Win64; x64) AppleWebKit/537.36 (KHTML, like Gecko) Chrome/141.0.0.0 Safari/537.36 Edg/141.0.0.0', NULL, '2025-10-09 08:10:35', '2025-10-09 08:10:35'),
(27, 'App\\Models\\User', 1, 'created', 'App\\Models\\Inventory', 221, '[]', '{\"name\":\"benang tiger23\",\"category_id\":\"45\",\"quantity\":\"1\",\"price\":\"12\",\"supplier_id\":\"16\",\"currency_id\":\"42\",\"location_id\":\"19\"}', 'https://inventory-system-v2-upg-larv.test/inventory', '127.0.0.1', 'Mozilla/5.0 (Windows NT 10.0; Win64; x64) AppleWebKit/537.36 (KHTML, like Gecko) Chrome/141.0.0.0 Safari/537.36 Edg/141.0.0.0', NULL, '2025-10-13 07:10:34', '2025-10-13 07:10:34'),
(28, 'App\\Models\\User', 1, 'created', 'App\\Models\\Inventory', 222, '[]', '{\"name\":\"testImport1\",\"category_id\":1,\"quantity\":12,\"price\":\"12\",\"currency_id\":1,\"supplier_id\":null,\"location_id\":37}', 'https://inventory-system-v2-upg-larv.test/inventory/import', '127.0.0.1', 'Mozilla/5.0 (Windows NT 10.0; Win64; x64) AppleWebKit/537.36 (KHTML, like Gecko) Chrome/141.0.0.0 Safari/537.36 Edg/141.0.0.0', NULL, '2025-10-13 07:29:04', '2025-10-13 07:29:04'),
(29, 'App\\Models\\User', 1, 'created', 'App\\Models\\Inventory', 223, '[]', '{\"name\":\"testImport2\",\"category_id\":1,\"quantity\":13,\"price\":\"13\",\"currency_id\":1,\"supplier_id\":null,\"location_id\":38}', 'https://inventory-system-v2-upg-larv.test/inventory/import', '127.0.0.1', 'Mozilla/5.0 (Windows NT 10.0; Win64; x64) AppleWebKit/537.36 (KHTML, like Gecko) Chrome/141.0.0.0 Safari/537.36 Edg/141.0.0.0', NULL, '2025-10-13 07:29:04', '2025-10-13 07:29:04'),
(30, 'App\\Models\\User', 1, 'created', 'App\\Models\\Inventory', 224, '[]', '{\"name\":\"testImport3\",\"category_id\":1,\"quantity\":14,\"price\":\"14\",\"currency_id\":1,\"supplier_id\":null,\"location_id\":39}', 'https://inventory-system-v2-upg-larv.test/inventory/import', '127.0.0.1', 'Mozilla/5.0 (Windows NT 10.0; Win64; x64) AppleWebKit/537.36 (KHTML, like Gecko) Chrome/141.0.0.0 Safari/537.36 Edg/141.0.0.0', NULL, '2025-10-13 07:29:04', '2025-10-13 07:29:04'),
(31, 'App\\Models\\User', 1, 'created', 'App\\Models\\Inventory', 225, '[]', '{\"name\":\"testImport4\",\"category_id\":1,\"quantity\":15,\"price\":\"15\",\"currency_id\":1,\"supplier_id\":null,\"location_id\":40}', 'https://inventory-system-v2-upg-larv.test/inventory/import', '127.0.0.1', 'Mozilla/5.0 (Windows NT 10.0; Win64; x64) AppleWebKit/537.36 (KHTML, like Gecko) Chrome/141.0.0.0 Safari/537.36 Edg/141.0.0.0', NULL, '2025-10-13 07:29:04', '2025-10-13 07:29:04'),
(32, 'App\\Models\\User', 1, 'deleted', 'App\\Models\\Inventory', 222, '{\"name\":\"testImport1\",\"quantity\":\"12.00\",\"price\":\"12.00\",\"currency_id\":1,\"supplier_id\":null,\"location_id\":37,\"category_id\":1}', '[]', 'https://inventory-system-v2-upg-larv.test/inventory/222', '127.0.0.1', 'Mozilla/5.0 (Windows NT 10.0; Win64; x64) AppleWebKit/537.36 (KHTML, like Gecko) Chrome/141.0.0.0 Safari/537.36 Edg/141.0.0.0', NULL, '2025-10-13 07:50:27', '2025-10-13 07:50:27'),
(33, 'App\\Models\\User', 1, 'deleted', 'App\\Models\\Inventory', 223, '{\"name\":\"testImport2\",\"quantity\":\"13.00\",\"price\":\"13.00\",\"currency_id\":1,\"supplier_id\":null,\"location_id\":38,\"category_id\":1}', '[]', 'https://inventory-system-v2-upg-larv.test/inventory/223', '127.0.0.1', 'Mozilla/5.0 (Windows NT 10.0; Win64; x64) AppleWebKit/537.36 (KHTML, like Gecko) Chrome/141.0.0.0 Safari/537.36 Edg/141.0.0.0', NULL, '2025-10-13 07:50:45', '2025-10-13 07:50:45'),
(34, 'App\\Models\\User', 1, 'deleted', 'App\\Models\\Inventory', 224, '{\"name\":\"testImport3\",\"quantity\":\"14.00\",\"price\":\"14.00\",\"currency_id\":1,\"supplier_id\":null,\"location_id\":39,\"category_id\":1}', '[]', 'https://inventory-system-v2-upg-larv.test/inventory/224', '127.0.0.1', 'Mozilla/5.0 (Windows NT 10.0; Win64; x64) AppleWebKit/537.36 (KHTML, like Gecko) Chrome/141.0.0.0 Safari/537.36 Edg/141.0.0.0', NULL, '2025-10-13 08:05:37', '2025-10-13 08:05:37'),
(35, 'App\\Models\\User', 1, 'deleted', 'App\\Models\\Inventory', 225, '{\"name\":\"testImport4\",\"quantity\":\"15.00\",\"price\":\"15.00\",\"currency_id\":1,\"supplier_id\":null,\"location_id\":40,\"category_id\":1}', '[]', 'https://inventory-system-v2-upg-larv.test/inventory/225', '127.0.0.1', 'Mozilla/5.0 (Windows NT 10.0; Win64; x64) AppleWebKit/537.36 (KHTML, like Gecko) Chrome/141.0.0.0 Safari/537.36 Edg/141.0.0.0', NULL, '2025-10-13 08:07:32', '2025-10-13 08:07:32'),
(36, 'App\\Models\\User', 1, 'created', 'App\\Models\\Inventory', 226, '[]', '{\"name\":\"testImport1\",\"category_id\":1,\"quantity\":12,\"price\":\"12\",\"currency_id\":1,\"supplier_id\":null,\"location_id\":37}', 'https://inventory-system-v2-upg-larv.test/inventory/import', '127.0.0.1', 'Mozilla/5.0 (Windows NT 10.0; Win64; x64) AppleWebKit/537.36 (KHTML, like Gecko) Chrome/141.0.0.0 Safari/537.36 Edg/141.0.0.0', NULL, '2025-10-13 08:08:10', '2025-10-13 08:08:10'),
(37, 'App\\Models\\User', 1, 'created', 'App\\Models\\Inventory', 227, '[]', '{\"name\":\"testImport2\",\"category_id\":1,\"quantity\":13,\"price\":\"13\",\"currency_id\":1,\"supplier_id\":null,\"location_id\":38}', 'https://inventory-system-v2-upg-larv.test/inventory/import', '127.0.0.1', 'Mozilla/5.0 (Windows NT 10.0; Win64; x64) AppleWebKit/537.36 (KHTML, like Gecko) Chrome/141.0.0.0 Safari/537.36 Edg/141.0.0.0', NULL, '2025-10-13 08:08:10', '2025-10-13 08:08:10'),
(38, 'App\\Models\\User', 1, 'created', 'App\\Models\\Inventory', 228, '[]', '{\"name\":\"testImport3\",\"category_id\":1,\"quantity\":14,\"price\":\"14\",\"currency_id\":1,\"supplier_id\":null,\"location_id\":39}', 'https://inventory-system-v2-upg-larv.test/inventory/import', '127.0.0.1', 'Mozilla/5.0 (Windows NT 10.0; Win64; x64) AppleWebKit/537.36 (KHTML, like Gecko) Chrome/141.0.0.0 Safari/537.36 Edg/141.0.0.0', NULL, '2025-10-13 08:08:10', '2025-10-13 08:08:10'),
(39, 'App\\Models\\User', 1, 'created', 'App\\Models\\Inventory', 229, '[]', '{\"name\":\"testImport4\",\"category_id\":1,\"quantity\":15,\"price\":\"15\",\"currency_id\":1,\"supplier_id\":null,\"location_id\":40}', 'https://inventory-system-v2-upg-larv.test/inventory/import', '127.0.0.1', 'Mozilla/5.0 (Windows NT 10.0; Win64; x64) AppleWebKit/537.36 (KHTML, like Gecko) Chrome/141.0.0.0 Safari/537.36 Edg/141.0.0.0', NULL, '2025-10-13 08:08:10', '2025-10-13 08:08:10'),
(40, 'App\\Models\\User', 1, 'deleted', 'App\\Models\\Inventory', 228, '{\"name\":\"testImport3\",\"quantity\":\"14.00\",\"price\":\"14.00\",\"currency_id\":1,\"supplier_id\":null,\"location_id\":39,\"category_id\":1}', '[]', 'https://inventory-system-v2-upg-larv.test/inventory/228', '127.0.0.1', 'Mozilla/5.0 (Windows NT 10.0; Win64; x64) AppleWebKit/537.36 (KHTML, like Gecko) Chrome/141.0.0.0 Safari/537.36 Edg/141.0.0.0', NULL, '2025-10-13 08:10:00', '2025-10-13 08:10:00'),
(41, 'App\\Models\\User', 1, 'deleted', 'App\\Models\\Inventory', 226, '{\"name\":\"testImport1\",\"quantity\":\"12.00\",\"price\":\"12.00\",\"currency_id\":1,\"supplier_id\":null,\"location_id\":37,\"category_id\":1}', '[]', 'https://inventory-system-v2-upg-larv.test/inventory/226', '127.0.0.1', 'Mozilla/5.0 (Windows NT 10.0; Win64; x64) AppleWebKit/537.36 (KHTML, like Gecko) Chrome/141.0.0.0 Safari/537.36 Edg/141.0.0.0', NULL, '2025-10-13 08:16:09', '2025-10-13 08:16:09'),
(42, 'App\\Models\\User', 1, 'deleted', 'App\\Models\\Inventory', 227, '{\"name\":\"testImport2\",\"quantity\":\"13.00\",\"price\":\"13.00\",\"currency_id\":1,\"supplier_id\":null,\"location_id\":38,\"category_id\":1}', '[]', 'https://inventory-system-v2-upg-larv.test/inventory/227', '127.0.0.1', 'Mozilla/5.0 (Windows NT 10.0; Win64; x64) AppleWebKit/537.36 (KHTML, like Gecko) Chrome/141.0.0.0 Safari/537.36 Edg/141.0.0.0', NULL, '2025-10-13 08:16:20', '2025-10-13 08:16:20'),
(43, 'App\\Models\\User', 1, 'deleted', 'App\\Models\\Inventory', 229, '{\"name\":\"testImport4\",\"quantity\":\"15.00\",\"price\":\"15.00\",\"currency_id\":1,\"supplier_id\":null,\"location_id\":40,\"category_id\":1}', '[]', 'https://inventory-system-v2-upg-larv.test/inventory/229', '127.0.0.1', 'Mozilla/5.0 (Windows NT 10.0; Win64; x64) AppleWebKit/537.36 (KHTML, like Gecko) Chrome/141.0.0.0 Safari/537.36 Edg/141.0.0.0', NULL, '2025-10-13 08:22:26', '2025-10-13 08:22:26'),
(44, 'App\\Models\\User', 1, 'restored', 'App\\Models\\Inventory', 229, '[]', '{\"name\":\"testImport4\",\"quantity\":\"15.00\",\"price\":\"15.00\",\"currency_id\":1,\"supplier_id\":null,\"location_id\":40,\"category_id\":1}', 'https://inventory-system-v2-upg-larv.test/trash/bulk-action', '127.0.0.1', 'Mozilla/5.0 (Windows NT 10.0; Win64; x64) AppleWebKit/537.36 (KHTML, like Gecko) Chrome/141.0.0.0 Safari/537.36 Edg/141.0.0.0', NULL, '2025-10-13 08:23:10', '2025-10-13 08:23:10'),
(45, 'App\\Models\\User', 1, 'restored', 'App\\Models\\Inventory', 227, '[]', '{\"name\":\"testImport2\",\"quantity\":\"13.00\",\"price\":\"13.00\",\"currency_id\":1,\"supplier_id\":null,\"location_id\":38,\"category_id\":1}', 'https://inventory-system-v2-upg-larv.test/trash/bulk-action', '127.0.0.1', 'Mozilla/5.0 (Windows NT 10.0; Win64; x64) AppleWebKit/537.36 (KHTML, like Gecko) Chrome/141.0.0.0 Safari/537.36 Edg/141.0.0.0', NULL, '2025-10-13 08:23:10', '2025-10-13 08:23:10'),
(46, 'App\\Models\\User', 1, 'restored', 'App\\Models\\Inventory', 226, '[]', '{\"name\":\"testImport1\",\"quantity\":\"12.00\",\"price\":\"12.00\",\"currency_id\":1,\"supplier_id\":null,\"location_id\":37,\"category_id\":1}', 'https://inventory-system-v2-upg-larv.test/trash/bulk-action', '127.0.0.1', 'Mozilla/5.0 (Windows NT 10.0; Win64; x64) AppleWebKit/537.36 (KHTML, like Gecko) Chrome/141.0.0.0 Safari/537.36 Edg/141.0.0.0', NULL, '2025-10-13 08:23:10', '2025-10-13 08:23:10'),
(47, 'App\\Models\\User', 1, 'restored', 'App\\Models\\Inventory', 228, '[]', '{\"name\":\"testImport3\",\"quantity\":\"14.00\",\"price\":\"14.00\",\"currency_id\":1,\"supplier_id\":null,\"location_id\":39,\"category_id\":1}', 'https://inventory-system-v2-upg-larv.test/trash/bulk-action', '127.0.0.1', 'Mozilla/5.0 (Windows NT 10.0; Win64; x64) AppleWebKit/537.36 (KHTML, like Gecko) Chrome/141.0.0.0 Safari/537.36 Edg/141.0.0.0', NULL, '2025-10-13 08:23:10', '2025-10-13 08:23:10'),
(48, 'App\\Models\\User', 1, 'deleted', 'App\\Models\\Inventory', 226, '{\"name\":\"testImport1\",\"quantity\":\"12.00\",\"price\":\"12.00\",\"currency_id\":1,\"supplier_id\":null,\"location_id\":37,\"category_id\":1}', '[]', 'https://inventory-system-v2-upg-larv.test/inventory/226', '127.0.0.1', 'Mozilla/5.0 (Windows NT 10.0; Win64; x64) AppleWebKit/537.36 (KHTML, like Gecko) Chrome/141.0.0.0 Safari/537.36 Edg/141.0.0.0', NULL, '2025-10-13 08:23:20', '2025-10-13 08:23:20'),
(49, 'App\\Models\\User', 1, 'created', 'App\\Models\\MaterialRequest', 523, '[]', '{\"inventory_id\":\"154\",\"project_id\":\"14\",\"requested_by\":\"logitech\",\"remark\":\"test\"}', 'https://inventory-system-v2-upg-larv.test/material_requests', '127.0.0.1', 'Mozilla/5.0 (Windows NT 10.0; Win64; x64) AppleWebKit/537.36 (KHTML, like Gecko) Chrome/141.0.0.0 Safari/537.36 Edg/141.0.0.0', NULL, '2025-10-13 08:47:21', '2025-10-13 08:47:21'),
(50, 'App\\Models\\User', 1, 'deleted', 'App\\Models\\MaterialRequest', 520, '{\"inventory_id\":146,\"project_id\":43,\"processed_qty\":\"12.00\",\"requested_by\":\"tari\",\"remark\":\"as\",\"status\":\"delivered\"}', '[]', 'https://inventory-system-v2-upg-larv.test/material_requests/520', '127.0.0.1', 'Mozilla/5.0 (Windows NT 10.0; Win64; x64) AppleWebKit/537.36 (KHTML, like Gecko) Chrome/141.0.0.0 Safari/537.36 Edg/141.0.0.0', NULL, '2025-10-13 08:48:38', '2025-10-13 08:48:38'),
(51, 'App\\Models\\User', 1, 'deleted', 'App\\Models\\MaterialRequest', 513, '{\"inventory_id\":168,\"project_id\":50,\"processed_qty\":\"1.00\",\"requested_by\":\"tari\",\"remark\":\"test\",\"status\":\"delivered\"}', '[]', 'https://inventory-system-v2-upg-larv.test/material_requests/513', '127.0.0.1', 'Mozilla/5.0 (Windows NT 10.0; Win64; x64) AppleWebKit/537.36 (KHTML, like Gecko) Chrome/141.0.0.0 Safari/537.36 Edg/141.0.0.0', NULL, '2025-10-13 09:03:59', '2025-10-13 09:03:59'),
(52, 'App\\Models\\User', 1, 'updated', 'App\\Models\\Inventory', 192, '{\"quantity\":\"37.00\"}', '{\"quantity\":38}', 'https://inventory-system-v2-upg-larv.test/goods_out/296', '127.0.0.1', 'Mozilla/5.0 (Windows NT 10.0; Win64; x64) AppleWebKit/537.36 (KHTML, like Gecko) Chrome/141.0.0.0 Safari/537.36 Edg/141.0.0.0', NULL, '2025-10-13 09:20:28', '2025-10-13 09:20:28'),
(53, 'App\\Models\\User', 1, 'deleted', 'App\\Models\\GoodsOut', 296, '{\"material_request_id\":null,\"inventory_id\":192,\"project_id\":null,\"requested_by\":\"asasd\",\"quantity\":\"1.00\",\"remark\":\"testing no proj\"}', '[]', 'https://inventory-system-v2-upg-larv.test/goods_out/296', '127.0.0.1', 'Mozilla/5.0 (Windows NT 10.0; Win64; x64) AppleWebKit/537.36 (KHTML, like Gecko) Chrome/141.0.0.0 Safari/537.36 Edg/141.0.0.0', NULL, '2025-10-13 09:20:28', '2025-10-13 09:20:28'),
(54, 'App\\Models\\User', 1, 'updated', 'App\\Models\\Inventory', 146, '{\"quantity\":\"158.90\"}', '{\"quantity\":160.5}', 'https://inventory-system-v2-upg-larv.test/goods_out/283', '127.0.0.1', 'Mozilla/5.0 (Windows NT 10.0; Win64; x64) AppleWebKit/537.36 (KHTML, like Gecko) Chrome/141.0.0.0 Safari/537.36 Edg/141.0.0.0', NULL, '2025-10-13 09:20:42', '2025-10-13 09:20:42'),
(55, 'App\\Models\\User', 1, 'deleted', 'App\\Models\\GoodsOut', 283, '{\"material_request_id\":436,\"inventory_id\":146,\"project_id\":43,\"requested_by\":\"logitech\",\"quantity\":\"1.60\",\"remark\":\"Bulk Goods Out\"}', '[]', 'https://inventory-system-v2-upg-larv.test/goods_out/283', '127.0.0.1', 'Mozilla/5.0 (Windows NT 10.0; Win64; x64) AppleWebKit/537.36 (KHTML, like Gecko) Chrome/141.0.0.0 Safari/537.36 Edg/141.0.0.0', NULL, '2025-10-13 09:20:43', '2025-10-13 09:20:43'),
(56, 'App\\Models\\User', 1, 'updated', 'App\\Models\\Inventory', 187, '{\"quantity\":\"66.00\"}', '{\"quantity\":67}', 'https://inventory-system-v2-upg-larv.test/goods_out/106', '127.0.0.1', 'Mozilla/5.0 (Windows NT 10.0; Win64; x64) AppleWebKit/537.36 (KHTML, like Gecko) Chrome/141.0.0.0 Safari/537.36 Edg/141.0.0.0', NULL, '2025-10-13 09:21:13', '2025-10-13 09:21:13'),
(57, 'App\\Models\\User', 1, 'deleted', 'App\\Models\\GoodsOut', 106, '{\"material_request_id\":460,\"inventory_id\":187,\"project_id\":64,\"requested_by\":\"logitech\",\"quantity\":\"1.00\",\"remark\":null}', '[]', 'https://inventory-system-v2-upg-larv.test/goods_out/106', '127.0.0.1', 'Mozilla/5.0 (Windows NT 10.0; Win64; x64) AppleWebKit/537.36 (KHTML, like Gecko) Chrome/141.0.0.0 Safari/537.36 Edg/141.0.0.0', NULL, '2025-10-13 09:21:13', '2025-10-13 09:21:13'),
(58, 'App\\Models\\User', 1, 'updated', 'App\\Models\\Inventory', 215, '{\"quantity\":\"16.10\"}', '{\"quantity\":15.100000000000001}', 'https://inventory-system-v2-upg-larv.test/goods_out/store_independent', '127.0.0.1', 'Mozilla/5.0 (Windows NT 10.0; Win64; x64) AppleWebKit/537.36 (KHTML, like Gecko) Chrome/141.0.0.0 Safari/537.36 Edg/141.0.0.0', NULL, '2025-10-13 09:21:36', '2025-10-13 09:21:36'),
(59, 'App\\Models\\User', 1, 'created', 'App\\Models\\GoodsOut', 297, '[]', '{\"inventory_id\":\"215\",\"project_id\":\"25\",\"requested_by\":\"dyla\",\"quantity\":\"1\",\"remark\":\"eer\"}', 'https://inventory-system-v2-upg-larv.test/goods_out/store_independent', '127.0.0.1', 'Mozilla/5.0 (Windows NT 10.0; Win64; x64) AppleWebKit/537.36 (KHTML, like Gecko) Chrome/141.0.0.0 Safari/537.36 Edg/141.0.0.0', NULL, '2025-10-13 09:21:36', '2025-10-13 09:21:36'),
(60, 'App\\Models\\User', 1, 'updated', 'App\\Models\\Inventory', 215, '{\"quantity\":\"15.10\"}', '{\"quantity\":16.1}', 'https://inventory-system-v2-upg-larv.test/goods_out/297', '127.0.0.1', 'Mozilla/5.0 (Windows NT 10.0; Win64; x64) AppleWebKit/537.36 (KHTML, like Gecko) Chrome/141.0.0.0 Safari/537.36 Edg/141.0.0.0', NULL, '2025-10-13 09:21:40', '2025-10-13 09:21:40'),
(61, 'App\\Models\\User', 1, 'deleted', 'App\\Models\\GoodsOut', 297, '{\"material_request_id\":null,\"inventory_id\":215,\"project_id\":25,\"requested_by\":\"dyla\",\"quantity\":\"1.00\",\"remark\":\"eer\"}', '[]', 'https://inventory-system-v2-upg-larv.test/goods_out/297', '127.0.0.1', 'Mozilla/5.0 (Windows NT 10.0; Win64; x64) AppleWebKit/537.36 (KHTML, like Gecko) Chrome/141.0.0.0 Safari/537.36 Edg/141.0.0.0', NULL, '2025-10-13 09:21:40', '2025-10-13 09:21:40'),
(62, 'App\\Models\\User', 1, 'restored', 'App\\Models\\GoodsOut', 283, '[]', '{\"material_request_id\":436,\"inventory_id\":146,\"project_id\":43,\"requested_by\":\"logitech\",\"quantity\":\"1.60\",\"remark\":\"Bulk Goods Out\"}', 'https://inventory-system-v2-upg-larv.test/trash/restore', '127.0.0.1', 'Mozilla/5.0 (Windows NT 10.0; Win64; x64) AppleWebKit/537.36 (KHTML, like Gecko) Chrome/141.0.0.0 Safari/537.36 Edg/141.0.0.0', NULL, '2025-10-13 09:22:03', '2025-10-13 09:22:03'),
(63, 'App\\Models\\User', 1, 'restored', 'App\\Models\\GoodsOut', 296, '[]', '{\"material_request_id\":null,\"inventory_id\":192,\"project_id\":null,\"requested_by\":\"asasd\",\"quantity\":\"1.00\",\"remark\":\"testing no proj\"}', 'https://inventory-system-v2-upg-larv.test/trash/restore', '127.0.0.1', 'Mozilla/5.0 (Windows NT 10.0; Win64; x64) AppleWebKit/537.36 (KHTML, like Gecko) Chrome/141.0.0.0 Safari/537.36 Edg/141.0.0.0', NULL, '2025-10-13 09:22:15', '2025-10-13 09:22:15'),
(64, 'App\\Models\\User', 1, 'updated', 'App\\Models\\Inventory', 192, '{\"quantity\":\"38.00\"}', '{\"quantity\":39}', 'https://inventory-system-v2-upg-larv.test/goods_out/296', '127.0.0.1', 'Mozilla/5.0 (Windows NT 10.0; Win64; x64) AppleWebKit/537.36 (KHTML, like Gecko) Chrome/141.0.0.0 Safari/537.36 Edg/141.0.0.0', NULL, '2025-10-13 09:22:27', '2025-10-13 09:22:27'),
(65, 'App\\Models\\User', 1, 'deleted', 'App\\Models\\GoodsOut', 296, '{\"material_request_id\":null,\"inventory_id\":192,\"project_id\":null,\"requested_by\":\"asasd\",\"quantity\":\"1.00\",\"remark\":\"testing no proj\"}', '[]', 'https://inventory-system-v2-upg-larv.test/goods_out/296', '127.0.0.1', 'Mozilla/5.0 (Windows NT 10.0; Win64; x64) AppleWebKit/537.36 (KHTML, like Gecko) Chrome/141.0.0.0 Safari/537.36 Edg/141.0.0.0', NULL, '2025-10-13 09:22:27', '2025-10-13 09:22:27'),
(66, 'App\\Models\\User', 1, 'updated', 'App\\Models\\Inventory', 156, '{\"quantity\":\"998.92\"}', '{\"quantity\":1000}', 'https://inventory-system-v2-upg-larv.test/goods_out/285', '127.0.0.1', 'Mozilla/5.0 (Windows NT 10.0; Win64; x64) AppleWebKit/537.36 (KHTML, like Gecko) Chrome/141.0.0.0 Safari/537.36 Edg/141.0.0.0', NULL, '2025-10-13 09:24:53', '2025-10-13 09:24:53'),
(67, 'App\\Models\\User', 1, 'deleted', 'App\\Models\\GoodsOut', 285, '{\"material_request_id\":438,\"inventory_id\":156,\"project_id\":14,\"requested_by\":\"logitech\",\"quantity\":\"1.08\",\"remark\":\"Bulk Goods Out\"}', '[]', 'https://inventory-system-v2-upg-larv.test/goods_out/285', '127.0.0.1', 'Mozilla/5.0 (Windows NT 10.0; Win64; x64) AppleWebKit/537.36 (KHTML, like Gecko) Chrome/141.0.0.0 Safari/537.36 Edg/141.0.0.0', NULL, '2025-10-13 09:24:53', '2025-10-13 09:24:53'),
(68, 'App\\Models\\User', 1, 'updated', 'App\\Models\\Inventory', 146, '{\"quantity\":\"160.50\"}', '{\"quantity\":162.1}', 'https://inventory-system-v2-upg-larv.test/goods_out/283', '127.0.0.1', 'Mozilla/5.0 (Windows NT 10.0; Win64; x64) AppleWebKit/537.36 (KHTML, like Gecko) Chrome/141.0.0.0 Safari/537.36 Edg/141.0.0.0', NULL, '2025-10-13 09:33:10', '2025-10-13 09:33:10'),
(69, 'App\\Models\\User', 1, 'deleted', 'App\\Models\\GoodsOut', 283, '{\"material_request_id\":436,\"inventory_id\":146,\"project_id\":43,\"requested_by\":\"logitech\",\"quantity\":\"1.60\",\"remark\":\"Bulk Goods Out\"}', '[]', 'https://inventory-system-v2-upg-larv.test/goods_out/283', '127.0.0.1', 'Mozilla/5.0 (Windows NT 10.0; Win64; x64) AppleWebKit/537.36 (KHTML, like Gecko) Chrome/141.0.0.0 Safari/537.36 Edg/141.0.0.0', NULL, '2025-10-13 09:33:10', '2025-10-13 09:33:10'),
(70, 'App\\Models\\User', 4, 'updated', 'App\\Models\\Inventory', 154, '{\"quantity\":\"996.03\"}', '{\"quantity\":997.03}', 'https://inventory-system-v2-upg-larv.test/goods_out/291', '127.0.0.1', 'Mozilla/5.0 (Windows NT 10.0; Win64; x64) AppleWebKit/537.36 (KHTML, like Gecko) Chrome/141.0.0.0 Safari/537.36 Edg/141.0.0.0', NULL, '2025-10-13 09:35:59', '2025-10-13 09:35:59'),
(71, 'App\\Models\\User', 4, 'deleted', 'App\\Models\\GoodsOut', 291, '{\"material_request_id\":445,\"inventory_id\":154,\"project_id\":15,\"requested_by\":\"logitech\",\"quantity\":\"1.00\",\"remark\":\"Bulk Goods Out\"}', '[]', 'https://inventory-system-v2-upg-larv.test/goods_out/291', '127.0.0.1', 'Mozilla/5.0 (Windows NT 10.0; Win64; x64) AppleWebKit/537.36 (KHTML, like Gecko) Chrome/141.0.0.0 Safari/537.36 Edg/141.0.0.0', NULL, '2025-10-13 09:35:59', '2025-10-13 09:35:59'),
(72, 'App\\Models\\User', 1, 'updated', 'App\\Models\\MaterialRequest', 444, '{\"processed_qty\":\"1.00\",\"status\":\"delivered\"}', '{\"processed_qty\":0,\"status\":\"approved\"}', 'https://inventory-system-v2-upg-larv.test/goods_out/290', '127.0.0.1', 'Mozilla/5.0 (Windows NT 10.0; Win64; x64) AppleWebKit/537.36 (KHTML, like Gecko) Chrome/141.0.0.0 Safari/537.36 Edg/141.0.0.0', NULL, '2025-10-13 09:45:24', '2025-10-13 09:45:24'),
(73, 'App\\Models\\User', 1, 'updated', 'App\\Models\\Inventory', 184, '{\"quantity\":\"998.00\"}', '{\"quantity\":999}', 'https://inventory-system-v2-upg-larv.test/goods_out/290', '127.0.0.1', 'Mozilla/5.0 (Windows NT 10.0; Win64; x64) AppleWebKit/537.36 (KHTML, like Gecko) Chrome/141.0.0.0 Safari/537.36 Edg/141.0.0.0', NULL, '2025-10-13 09:45:24', '2025-10-13 09:45:24'),
(74, 'App\\Models\\User', 1, 'deleted', 'App\\Models\\GoodsOut', 290, '{\"material_request_id\":444,\"inventory_id\":184,\"project_id\":14,\"requested_by\":\"logitech\",\"quantity\":\"1.00\",\"remark\":\"Bulk Goods Out\"}', '[]', 'https://inventory-system-v2-upg-larv.test/goods_out/290', '127.0.0.1', 'Mozilla/5.0 (Windows NT 10.0; Win64; x64) AppleWebKit/537.36 (KHTML, like Gecko) Chrome/141.0.0.0 Safari/537.36 Edg/141.0.0.0', NULL, '2025-10-13 09:45:24', '2025-10-13 09:45:24'),
(79, 'App\\Models\\User', 1, 'updated', 'App\\Models\\Inventory', 221, '{\"quantity\":\"1.00\"}', '{\"quantity\":0}', 'https://inventory-system-v2-upg-larv.test/goods_out/store_independent', '127.0.0.1', 'Mozilla/5.0 (Windows NT 10.0; Win64; x64) AppleWebKit/537.36 (KHTML, like Gecko) Chrome/141.0.0.0 Safari/537.36 Edg/141.0.0.0', NULL, '2025-10-14 04:16:28', '2025-10-14 04:16:28'),
(80, 'App\\Models\\User', 1, 'created', 'App\\Models\\GoodsOut', 300, '[]', '{\"inventory_id\":\"221\",\"project_id\":null,\"requested_by\":\"asasd\",\"quantity\":\"1\",\"remark\":\"test usage\"}', 'https://inventory-system-v2-upg-larv.test/goods_out/store_independent', '127.0.0.1', 'Mozilla/5.0 (Windows NT 10.0; Win64; x64) AppleWebKit/537.36 (KHTML, like Gecko) Chrome/141.0.0.0 Safari/537.36 Edg/141.0.0.0', NULL, '2025-10-14 04:16:28', '2025-10-14 04:16:28'),
(81, 'App\\Models\\User', 1, 'created', 'App\\Models\\MaterialRequest', 524, '[]', '{\"inventory_id\":215,\"project_id\":\"43\",\"processed_qty\":0,\"requested_by\":\"logitech\",\"remark\":\"Imported from Material Planning\",\"status\":\"pending\"}', 'https://inventory-system-v2-upg-larv.test/material-planning', '127.0.0.1', 'Mozilla/5.0 (Windows NT 10.0; Win64; x64) AppleWebKit/537.36 (KHTML, like Gecko) Chrome/141.0.0.0 Safari/537.36 Edg/141.0.0.0', NULL, '2025-10-15 09:49:45', '2025-10-15 09:49:45'),
(82, 'App\\Models\\User', 1, 'created', 'App\\Models\\Project', 253, '[]', '{\"name\":\"TEST PTYOOOO\"}', 'https://inventory-system-v2-upg-larv.test/projects/quick-add', '127.0.0.1', 'Mozilla/5.0 (Windows NT 10.0; Win64; x64) AppleWebKit/537.36 (KHTML, like Gecko) Chrome/141.0.0.0 Safari/537.36 Edg/141.0.0.0', NULL, '2025-10-16 09:56:54', '2025-10-16 09:56:54'),
(83, 'App\\Models\\User', 20, 'created', 'App\\Models\\MaterialRequest', 525, '[]', '{\"inventory_id\":\"215\",\"project_id\":\"190\",\"requested_by\":\"asih\",\"remark\":\"dcm\"}', 'https://inventory-system-v2-upg-larv.test/material_requests', '127.0.0.1', 'Mozilla/5.0 (Windows NT 10.0; Win64; x64) AppleWebKit/537.36 (KHTML, like Gecko) Chrome/141.0.0.0 Safari/537.36 Edg/141.0.0.0', NULL, '2025-10-17 03:51:42', '2025-10-17 03:51:42'),
(84, 'App\\Models\\User', 20, 'deleted', 'App\\Models\\MaterialRequest', 525, '{\"inventory_id\":215,\"project_id\":190,\"processed_qty\":\"0.00\",\"requested_by\":\"asih\",\"remark\":\"dcm\",\"status\":\"pending\"}', '[]', 'https://inventory-system-v2-upg-larv.test/material_requests/525', '127.0.0.1', 'Mozilla/5.0 (Windows NT 10.0; Win64; x64) AppleWebKit/537.36 (KHTML, like Gecko) Chrome/141.0.0.0 Safari/537.36 Edg/141.0.0.0', NULL, '2025-10-17 03:51:56', '2025-10-17 03:51:56'),
(85, 'App\\Models\\User', 3, 'created', 'App\\Models\\Inventory', 230, '[]', '{\"name\":\"test role123\",\"quantity\":\"1\",\"price\":0}', 'https://inventory-system-v2-upg-larv.test/inventories/quick-add', '127.0.0.1', 'Mozilla/5.0 (Windows NT 10.0; Win64; x64) AppleWebKit/537.36 (KHTML, like Gecko) Chrome/141.0.0.0 Safari/537.36 Edg/141.0.0.0', NULL, '2025-10-17 04:23:08', '2025-10-17 04:23:08'),
(86, 'App\\Models\\User', 3, 'created', 'App\\Models\\Project', 254, '[]', '{\"name\":\"test role12345r\"}', 'https://inventory-system-v2-upg-larv.test/projects/quick-add', '127.0.0.1', 'Mozilla/5.0 (Windows NT 10.0; Win64; x64) AppleWebKit/537.36 (KHTML, like Gecko) Chrome/141.0.0.0 Safari/537.36 Edg/141.0.0.0', NULL, '2025-10-17 04:23:20', '2025-10-17 04:23:20'),
(87, 'App\\Models\\User', 3, 'created', 'App\\Models\\Inventory', 231, '[]', '{\"name\":\"test ooiiumbg;\",\"quantity\":\"1\",\"price\":0}', 'https://inventory-system-v2-upg-larv.test/inventories/quick-add', '127.0.0.1', 'Mozilla/5.0 (Windows NT 10.0; Win64; x64) AppleWebKit/537.36 (KHTML, like Gecko) Chrome/141.0.0.0 Safari/537.36 Edg/141.0.0.0', NULL, '2025-10-17 04:24:20', '2025-10-17 04:24:20'),
(88, 'App\\Models\\User', 3, 'created', 'App\\Models\\MaterialRequest', 526, '[]', '{\"inventory_id\":\"231\",\"project_id\":\"254\",\"requested_by\":\"tari\",\"remark\":null}', 'https://inventory-system-v2-upg-larv.test/material_requests', '127.0.0.1', 'Mozilla/5.0 (Windows NT 10.0; Win64; x64) AppleWebKit/537.36 (KHTML, like Gecko) Chrome/141.0.0.0 Safari/537.36 Edg/141.0.0.0', NULL, '2025-10-17 04:24:44', '2025-10-17 04:24:44'),
(89, 'App\\Models\\User', 1, 'created', 'App\\Models\\MaterialRequest', 527, '[]', '{\"inventory_id\":\"75\",\"project_id\":\"21\",\"requested_by\":\"logitech\",\"remark\":\"test\"}', 'https://inventory-system-v2-upg-larv.test/material_requests', '127.0.0.1', 'Mozilla/5.0 (Windows NT 10.0; Win64; x64) AppleWebKit/537.36 (KHTML, like Gecko) Chrome/141.0.0.0 Safari/537.36 Edg/141.0.0.0', NULL, '2025-10-17 07:05:34', '2025-10-17 07:05:34'),
(90, 'App\\Models\\User', 1, 'created', 'App\\Models\\MaterialRequest', 528, '[]', '{\"inventory_id\":\"74\",\"project_id\":\"23\",\"requested_by\":\"logitech\",\"remark\":\"test\"}', 'https://inventory-system-v2-upg-larv.test/material_requests', '127.0.0.1', 'Mozilla/5.0 (Windows NT 10.0; Win64; x64) AppleWebKit/537.36 (KHTML, like Gecko) Chrome/141.0.0.0 Safari/537.36 Edg/141.0.0.0', NULL, '2025-10-17 07:06:57', '2025-10-17 07:06:57'),
(91, 'App\\Models\\User', 1, 'created', 'App\\Models\\MaterialRequest', 529, '[]', '{\"inventory_id\":\"88\",\"project_id\":\"41\",\"requested_by\":\"logitech\",\"remark\":\"test\"}', 'https://inventory-system-v2-upg-larv.test/material_requests', '127.0.0.1', 'Mozilla/5.0 (Windows NT 10.0; Win64; x64) AppleWebKit/537.36 (KHTML, like Gecko) Chrome/141.0.0.0 Safari/537.36 Edg/141.0.0.0', NULL, '2025-10-17 07:09:04', '2025-10-17 07:09:04'),
(92, 'App\\Models\\User', 1, 'created', 'App\\Models\\MaterialRequest', 530, '[]', '{\"inventory_id\":\"75\",\"project_id\":\"39\",\"requested_by\":\"logitech\",\"remark\":\"etst\"}', 'https://inventory-system-v2-upg-larv.test/material_requests', '127.0.0.1', 'Mozilla/5.0 (Windows NT 10.0; Win64; x64) AppleWebKit/537.36 (KHTML, like Gecko) Chrome/141.0.0.0 Safari/537.36 Edg/141.0.0.0', NULL, '2025-10-17 07:12:58', '2025-10-17 07:12:58'),
(93, 'App\\Models\\User', 1, 'created', 'App\\Models\\MaterialRequest', 531, '[]', '{\"inventory_id\":\"178\",\"project_id\":\"74\",\"requested_by\":\"logitech\",\"remark\":\"test\"}', 'https://inventory-system-v2-upg-larv.test/material_requests', '127.0.0.1', 'Mozilla/5.0 (Windows NT 10.0; Win64; x64) AppleWebKit/537.36 (KHTML, like Gecko) Chrome/141.0.0.0 Safari/537.36 Edg/141.0.0.0', NULL, '2025-10-17 07:24:34', '2025-10-17 07:24:34'),
(94, 'App\\Models\\User', 1, 'created', 'App\\Models\\MaterialRequest', 532, '[]', '{\"inventory_id\":\"227\",\"project_id\":\"40\",\"requested_by\":\"logitech\",\"remark\":\"test\"}', 'https://inventory-system-v2-upg-larv.test/material_requests', '127.0.0.1', 'Mozilla/5.0 (Windows NT 10.0; Win64; x64) AppleWebKit/537.36 (KHTML, like Gecko) Chrome/141.0.0.0 Safari/537.36 Edg/141.0.0.0', NULL, '2025-10-17 07:26:41', '2025-10-17 07:26:41'),
(95, 'App\\Models\\User', 1, 'created', 'App\\Models\\MaterialRequest', 533, '[]', '{\"inventory_id\":\"178\",\"project_id\":\"21\",\"requested_by\":\"logitech\",\"remark\":\"test\"}', 'https://inventory-system-v2-upg-larv.test/material_requests', '127.0.0.1', 'Mozilla/5.0 (Windows NT 10.0; Win64; x64) AppleWebKit/537.36 (KHTML, like Gecko) Chrome/141.0.0.0 Safari/537.36 Edg/141.0.0.0', NULL, '2025-10-18 01:23:49', '2025-10-18 01:23:49'),
(96, 'App\\Models\\User', 1, 'updated', 'App\\Models\\MaterialRequest', 533, '{\"status\":\"pending\"}', '{\"status\":\"approved\"}', 'https://inventory-system-v2-upg-larv.test/material_requests/533/quick-update', '127.0.0.1', 'Mozilla/5.0 (Windows NT 10.0; Win64; x64) AppleWebKit/537.36 (KHTML, like Gecko) Chrome/141.0.0.0 Safari/537.36 Edg/141.0.0.0', NULL, '2025-10-18 01:24:55', '2025-10-18 01:24:55');

-- --------------------------------------------------------

--
-- Table structure for table `categories`
--

CREATE TABLE `categories` (
  `id` bigint UNSIGNED NOT NULL,
  `name` varchar(255) CHARACTER SET utf8mb4 COLLATE utf8mb4_unicode_ci NOT NULL,
  `created_at` timestamp NULL DEFAULT NULL,
  `updated_at` timestamp NULL DEFAULT NULL,
  `deleted_at` timestamp NULL DEFAULT NULL
) ENGINE=InnoDB DEFAULT CHARSET=utf8mb4 COLLATE=utf8mb4_unicode_ci;

--
-- Dumping data for table `categories`
--

INSERT INTO `categories` (`id`, `name`, `created_at`, `updated_at`, `deleted_at`) VALUES
(1, 'Fabric', '2025-05-16 05:01:14', '2025-05-16 05:01:14', NULL),
(8, 'Foam', '2025-05-19 07:01:43', '2025-05-19 07:01:43', NULL),
(9, 'Button', '2025-05-19 07:01:58', '2025-05-19 07:01:58', NULL),
(10, 'Zipper', '2025-05-19 07:02:52', '2025-05-19 07:02:52', NULL),
(11, 'Metal', '2025-05-19 07:03:05', '2025-05-19 07:03:05', NULL),
(12, 'Test Cat', '2025-05-19 07:58:52', '2025-05-19 07:58:52', NULL),
(13, 'test1', '2025-05-19 09:01:48', '2025-05-19 09:01:48', NULL),
(14, 'Busa', '2025-05-20 01:25:20', '2025-05-20 01:25:20', NULL),
(15, 'final test cat', '2025-05-20 06:36:05', '2025-05-20 06:36:05', NULL),
(16, 'test3', '2025-06-04 06:32:31', '2025-06-04 06:32:31', NULL),
(17, 'Kabel', '2025-06-09 04:01:00', '2025-06-09 04:01:00', NULL),
(18, 'llkk', '2025-06-09 07:38:46', '2025-06-09 07:38:46', NULL),
(19, 'Benang', '2025-06-09 07:58:45', '2025-06-09 07:58:45', NULL),
(20, 'Benang2', '2025-06-09 07:58:45', '2025-06-09 07:58:45', NULL),
(21, 'Jarum', '2025-06-10 03:30:14', '2025-06-10 03:30:14', NULL),
(22, 'Kertas', '2025-06-17 04:55:05', '2025-06-17 04:55:05', NULL),
(23, 'Electronic', '2025-06-18 02:35:40', '2025-06-18 02:35:40', NULL),
(24, 'Kaca', '2025-07-03 09:45:12', '2025-07-03 09:45:12', NULL),
(25, 'fgdfg', '2025-07-04 02:14:29', '2025-07-04 02:14:29', NULL),
(26, 'Tali', '2025-07-04 02:15:56', '2025-07-04 02:15:56', NULL),
(27, 'rtfrg', '2025-07-04 02:54:30', '2025-07-04 02:54:30', NULL),
(28, 'test', '2025-07-07 03:41:30', '2025-07-07 03:41:30', NULL),
(29, 'Pilox', '2025-07-09 07:06:35', '2025-07-09 07:06:35', NULL),
(30, 'fftyu', '2025-07-19 02:12:10', '2025-07-19 02:12:10', NULL),
(31, 'ascasca', '2025-07-19 02:26:09', '2025-07-19 02:26:09', NULL),
(32, 'ascascascas', '2025-07-19 02:26:14', '2025-07-19 02:26:14', NULL),
(33, 'Button 4', '2025-07-19 02:42:12', '2025-07-19 02:42:12', NULL),
(34, 'Foam 3', '2025-07-19 02:42:12', '2025-07-19 02:42:12', NULL),
(35, 'Zipper 1', '2025-07-19 02:42:12', '2025-07-19 02:42:12', NULL),
(36, 'Quick Mat', '2025-07-19 02:42:12', '2025-07-19 02:42:12', NULL),
(37, 'Fabric 7', '2025-07-19 02:42:12', '2025-07-19 02:42:12', NULL),
(38, 'Fabric 5', '2025-07-19 02:42:12', '2025-07-19 02:42:12', NULL),
(39, 'Buttons 8', '2025-07-19 02:42:12', '2025-07-19 02:42:12', NULL),
(40, 'Foam 4', '2025-07-19 02:42:12', '2025-07-19 02:42:12', NULL),
(41, '(no material)', '2025-07-19 02:42:12', '2025-07-19 02:42:12', NULL),
(42, 'Foam 1', '2025-07-19 02:42:12', '2025-07-19 02:42:12', NULL),
(43, 'test fabric', '2025-07-19 02:42:12', '2025-07-19 02:42:12', NULL),
(44, 'dfbdfb', '2025-07-19 02:42:12', '2025-07-19 02:42:12', NULL),
(45, 'ascasc', '2025-07-19 02:42:12', '2025-07-19 02:42:12', NULL),
(46, 'rgbrt', '2025-07-19 02:42:13', '2025-07-19 02:42:13', NULL),
(47, 'Buttons 1', '2025-07-19 02:42:13', '2025-07-19 02:42:13', NULL),
(48, 'test5464', '2025-07-19 02:42:13', '2025-07-19 02:42:13', NULL),
(49, 'Test Material 2', '2025-07-19 02:42:13', '2025-07-19 02:42:13', NULL),
(50, 'Buttons 2', '2025-07-19 02:42:13', '2025-07-19 02:42:13', NULL),
(51, 'Fabric 4', '2025-07-19 02:42:13', '2025-07-19 02:42:13', NULL),
(52, 'Foam 2', '2025-07-19 02:42:13', '2025-07-19 02:42:13', NULL),
(53, 'Fabric 223', '2025-07-19 02:42:13', '2025-07-19 02:42:13', NULL),
(54, 'Foam Biru', '2025-07-19 02:42:13', '2025-07-19 02:42:13', NULL),
(55, 'Kabel 1', '2025-07-19 02:42:13', '2025-07-19 02:42:13', NULL),
(56, 'Fiber Optik', '2025-07-19 02:42:13', '2025-07-19 02:42:13', NULL),
(57, 'AT004 Nylon Matte #78# Blue', '2025-07-19 02:42:13', '2025-07-19 02:42:13', NULL),
(58, 'Tisu', '2025-07-19 02:42:13', '2025-07-19 02:42:13', NULL),
(59, 'KUNMU 8002 #14 Yellow', '2025-07-19 02:42:13', '2025-07-19 02:42:13', NULL),
(60, 'Fur / A material crystal 1mm-172-blue', '2025-07-19 02:42:13', '2025-07-19 02:42:13', NULL),
(61, 'Fur / S Crystal Ultra Soft / #149 Dark Blue', '2025-07-19 02:42:13', '2025-07-19 02:42:13', NULL),
(62, 'Fur/ Thickened Crystal Super Soft WL-2022 / #152 Brownn', '2025-07-19 02:42:13', '2025-07-19 02:42:13', NULL),
(63, 'Battery', '2025-07-19 02:42:13', '2025-07-19 02:42:13', NULL),
(64, 'Botol Aki', '2025-07-19 02:42:13', '2025-07-19 02:42:13', NULL),
(65, 'Speaker', '2025-07-19 02:42:13', '2025-07-19 02:42:13', NULL),
(66, 'testsss334', '2025-07-19 02:42:13', '2025-07-19 02:42:13', NULL),
(67, 'ctrl', '2025-07-19 02:42:13', '2025-07-19 02:42:13', NULL),
(68, 'dfdfv', '2025-07-19 02:42:13', '2025-07-19 02:42:13', NULL),
(69, 'cfcf2', '2025-07-19 02:42:13', '2025-07-19 02:42:13', NULL),
(70, 'bbooy3', '2025-07-19 02:42:13', '2025-07-19 02:42:13', NULL),
(71, 'cfcf34', '2025-07-19 02:42:13', '2025-07-19 02:42:13', NULL),
(72, 'oli castrol', '2025-07-19 02:42:13', '2025-07-19 02:42:13', NULL),
(73, 'ban karet', '2025-07-19 02:42:13', '2025-07-19 02:42:13', NULL),
(74, 'Cat Tosca', '2025-07-19 02:42:13', '2025-07-19 02:42:13', NULL),
(75, 'Furing C123', '2025-07-19 02:42:13', '2025-07-19 02:42:13', NULL),
(76, 'Ayam', '2025-07-25 03:02:27', '2025-07-25 03:02:27', NULL),
(77, 'testkuuu', '2025-10-01 08:36:28', '2025-10-01 08:36:28', NULL);

-- --------------------------------------------------------

--
-- Table structure for table `currencies`
--

CREATE TABLE `currencies` (
  `id` bigint UNSIGNED NOT NULL,
  `name` varchar(255) CHARACTER SET utf8mb4 COLLATE utf8mb4_unicode_ci NOT NULL,
  `exchange_rate` varchar(255) CHARACTER SET utf8mb4 COLLATE utf8mb4_unicode_ci DEFAULT NULL,
  `created_at` timestamp NULL DEFAULT NULL,
  `updated_at` timestamp NULL DEFAULT NULL,
  `deleted_at` timestamp NULL DEFAULT NULL
) ENGINE=InnoDB DEFAULT CHARSET=utf8mb4 COLLATE=utf8mb4_unicode_ci;

--
-- Dumping data for table `currencies`
--

INSERT INTO `currencies` (`id`, `name`, `exchange_rate`, `created_at`, `updated_at`, `deleted_at`) VALUES
(1, 'USD', '16286.50', '2025-05-07 20:10:36', '2025-06-11 06:42:27', NULL),
(2, 'IDR', '1', '2025-05-07 20:10:53', '2025-05-07 23:21:32', NULL),
(5, 'SGD', '12671.96', '2025-05-07 23:21:45', '2025-06-09 02:28:10', NULL),
(6, 'RMB', '2265.72', '2025-05-07 23:21:54', '2025-06-09 02:28:43', NULL),
(15, 'TBH', '498.472', '2025-05-19 07:59:18', '2025-06-09 02:29:49', NULL),
(16, 'Rial', '1', '2025-05-19 08:50:07', '2025-07-07 06:09:05', NULL),
(17, 'SAU', '9876578096', '2025-05-19 08:50:49', '2025-07-07 06:10:14', '2025-07-07 06:10:14'),
(27, 'MYR', '3848.02', '2025-06-09 02:31:22', '2025-06-09 02:31:22', NULL),
(28, 'JPY', '112.92', '2025-06-09 02:32:12', '2025-06-09 02:32:12', NULL),
(29, 'SAR', '4339.13', '2025-06-09 02:33:35', '2025-06-09 02:33:35', NULL),
(30, 'PHP', '291.99', '2025-06-09 02:34:33', '2025-06-09 02:34:33', NULL),
(31, 'Test556609', '23234', '2025-06-10 09:44:07', '2025-06-10 09:45:21', '2025-06-10 09:45:21'),
(32, 'cvgghy', '12', '2025-06-10 09:45:46', '2025-06-10 09:45:56', '2025-06-10 09:45:56'),
(33, 'testsss556ss', '12', '2025-06-10 09:47:49', '2025-06-10 09:48:06', '2025-06-10 09:48:06'),
(34, 'fgggdz', '34', '2025-06-10 09:50:59', '2025-06-11 04:46:11', '2025-06-11 04:46:11'),
(35, 'PESO', '120056', '2025-07-03 09:46:12', '2025-07-04 09:19:55', NULL),
(36, 'ffd', '343', '2025-07-04 01:51:11', '2025-07-04 01:51:11', NULL),
(39, 'auiopkuytr', '2334', '2025-07-04 01:52:01', '2025-07-04 01:52:01', NULL),
(40, 'btreftopl', '234099', '2025-07-04 01:56:24', '2025-07-04 01:56:24', NULL),
(41, 'USDT', '345', '2025-07-04 02:00:11', '2025-07-04 02:00:11', NULL),
(42, 'bitcoin', '200078000', '2025-07-04 02:00:45', '2025-07-04 02:00:45', NULL),
(43, 'eth', '545765', '2025-07-04 02:01:18', '2025-07-04 02:01:18', NULL),
(44, 'btch', '56756', '2025-07-04 02:05:31', '2025-07-04 02:05:31', NULL),
(45, 'dfwe', '45654', '2025-07-04 02:14:21', '2025-07-04 02:14:21', NULL),
(46, 'doge', '23423', '2025-07-04 02:15:47', '2025-07-04 02:15:47', NULL),
(47, 'dfvd', '22323', '2025-07-04 09:20:08', '2025-07-04 09:20:08', NULL),
(55, 'vtyim', '98', '2025-07-07 06:10:28', '2025-07-07 06:10:28', NULL),
(56, 'ddff', '2323', '2025-07-18 09:25:31', '2025-07-18 09:25:31', NULL),
(57, 'ascas', '23', '2025-07-18 09:36:35', '2025-07-18 09:36:35', NULL),
(58, 'asdcasas', '344', '2025-07-18 09:39:26', '2025-07-18 09:39:26', NULL),
(59, 'testasdas', '567', '2025-07-19 02:12:45', '2025-07-19 02:12:45', NULL),
(60, 'okeee', '12312', '2025-07-19 02:26:45', '2025-07-19 02:26:45', NULL);

-- --------------------------------------------------------

--
-- Table structure for table `departments`
--

CREATE TABLE `departments` (
  `id` bigint UNSIGNED NOT NULL,
  `name` varchar(255) CHARACTER SET utf8mb4 COLLATE utf8mb4_unicode_ci NOT NULL,
  `created_at` timestamp NULL DEFAULT NULL,
  `updated_at` timestamp NULL DEFAULT NULL
) ENGINE=InnoDB DEFAULT CHARSET=utf8mb4 COLLATE=utf8mb4_unicode_ci;

--
-- Dumping data for table `departments`
--

INSERT INTO `departments` (`id`, `name`, `created_at`, `updated_at`) VALUES
(1, 'Costume', '2025-07-16 02:35:07', '2025-07-16 02:35:07'),
(2, 'mascot', '2025-07-16 02:35:07', '2025-07-16 02:35:07'),
(3, 'Mascot & Costume', '2025-07-16 02:35:07', '2025-07-16 02:35:07'),
(4, 'animatronic', '2025-07-16 02:35:07', '2025-07-16 02:35:07'),
(5, 'IT', '2025-07-16 02:35:07', '2025-07-16 02:35:07'),
(6, 'facility', '2025-07-16 02:35:07', '2025-07-16 02:35:07'),
(7, 'plustoys', '2025-07-16 02:35:07', '2025-07-16 02:35:07'),
(8, 'ZDapur', NULL, NULL),
(9, 'Testdep', '2025-07-16 06:40:32', '2025-07-16 06:40:32'),
(10, 'anu', '2025-07-16 06:42:47', '2025-07-16 06:42:47'),
(11, 'Management', '2025-07-17 02:33:40', '2025-07-17 02:33:40'),
(12, 'Logistic', '2025-07-17 02:34:26', '2025-07-17 02:34:26'),
(13, 'ddco', '2025-07-19 03:21:46', '2025-07-19 03:21:46'),
(14, 'cdm', '2025-07-19 03:27:17', '2025-07-19 03:27:17'),
(15, 'HR', '2025-07-19 03:44:50', '2025-07-19 03:44:50'),
(16, 'abat', '2025-07-19 03:48:04', '2025-07-19 03:48:04'),
(17, 'Lark Imported', '2025-10-15 09:53:10', '2025-10-15 09:53:10');

-- --------------------------------------------------------

--
-- Table structure for table `employees`
--

CREATE TABLE `employees` (
  `id` bigint UNSIGNED NOT NULL,
  `employee_no` varchar(255) CHARACTER SET utf8mb4 COLLATE utf8mb4_unicode_ci NOT NULL,
  `name` varchar(255) CHARACTER SET utf8mb4 COLLATE utf8mb4_unicode_ci NOT NULL,
  `employment_type` enum('PKWT','PKWTT','Daily Worker','Probation') COLLATE utf8mb4_unicode_ci DEFAULT NULL,
  `photo` varchar(255) CHARACTER SET utf8mb4 COLLATE utf8mb4_unicode_ci DEFAULT NULL,
  `position` varchar(255) CHARACTER SET utf8mb4 COLLATE utf8mb4_unicode_ci NOT NULL,
  `department_id` bigint UNSIGNED DEFAULT NULL,
  `email` varchar(255) CHARACTER SET utf8mb4 COLLATE utf8mb4_unicode_ci DEFAULT NULL,
  `phone` varchar(255) CHARACTER SET utf8mb4 COLLATE utf8mb4_unicode_ci DEFAULT NULL,
  `address` text COLLATE utf8mb4_unicode_ci,
  `gender` enum('male','female') COLLATE utf8mb4_unicode_ci DEFAULT NULL,
  `ktp_id` varchar(20) COLLATE utf8mb4_unicode_ci DEFAULT NULL,
  `place_of_birth` varchar(100) COLLATE utf8mb4_unicode_ci DEFAULT NULL,
  `date_of_birth` date DEFAULT NULL,
  `rekening` varchar(255) CHARACTER SET utf8mb4 COLLATE utf8mb4_unicode_ci DEFAULT NULL,
  `hire_date` date DEFAULT NULL,
  `salary` decimal(15,2) DEFAULT NULL,
  `saldo_cuti` decimal(5,2) DEFAULT '0.00',
  `status` enum('active','inactive','terminated') CHARACTER SET utf8mb4 COLLATE utf8mb4_unicode_ci NOT NULL DEFAULT 'active',
  `notes` text CHARACTER SET utf8mb4 COLLATE utf8mb4_unicode_ci,
  `created_at` timestamp NULL DEFAULT NULL,
  `updated_at` timestamp NULL DEFAULT NULL,
  `deleted_at` timestamp NULL DEFAULT NULL
) ENGINE=InnoDB DEFAULT CHARSET=utf8mb4 COLLATE=utf8mb4_unicode_ci;

--
-- Dumping data for table `employees`
--

INSERT INTO `employees` (`id`, `employee_no`, `name`, `employment_type`, `photo`, `position`, `department_id`, `email`, `phone`, `address`, `gender`, `ktp_id`, `place_of_birth`, `date_of_birth`, `rekening`, `hire_date`, `salary`, `saldo_cuti`, `status`, `notes`, `created_at`, `updated_at`, `deleted_at`) VALUES
(1, 'DCM-0001', 'Bayu', 'PKWT', 'employees/photos/RxqIcOOLPGVeF5o5Kz0j5Zv3RVjv72YLLOu8b7ng.jpg', 'Sewer Specialist', 1, 'bayu@gmail.com', '+6281556677', 'Jl Hang Tuah No 14, Batam', 'female', '123456712348', 'Batam', '1998-12-13', '123456789', '2024-06-24', 1000000000.00, 12.00, 'active', 'test notesss', '2025-07-11 06:58:24', '2025-10-18 05:46:23', NULL),
(2, 'DCM-0099', 'Budi', NULL, 'employees/photos/6jfNv5dyqqCLvIDUpJguWkWNKnkIUo2093G00ROP.png', 'Sewer', 1, 'admin@gmail.com', '+628139328899', NULL, NULL, NULL, NULL, NULL, '12345678909899', '2025-07-25', 123456789.00, 9.00, 'active', 'ini bapak budi', '2025-07-12 04:28:00', '2025-10-20 03:22:58', NULL),
(3, 'DCM-0003', 'aagymas', NULL, NULL, 'Sewer', 9, NULL, NULL, NULL, NULL, NULL, NULL, NULL, NULL, NULL, NULL, 12.00, 'inactive', NULL, '2025-07-12 04:28:26', '2025-07-18 09:49:39', '2025-07-18 09:49:39'),
(4, 'DCM-0004', 'Lucas', NULL, 'employees/photos/K7NDNb5b4s73ntpR4aSvCCyxFvX444C8mw34DWo5.jpg', 'Sewer', 11, NULL, NULL, NULL, NULL, NULL, NULL, NULL, NULL, NULL, NULL, 12.00, 'terminated', NULL, '2025-07-12 04:28:42', '2025-07-24 06:50:46', NULL),
(5, 'DCM-0005', 'tony stak', NULL, NULL, 'Sewer', NULL, 'tony@gmail.com', '234234', NULL, NULL, NULL, NULL, NULL, NULL, '2025-07-16', NULL, 12.00, 'active', NULL, '2025-07-15 03:18:42', '2025-07-24 02:42:28', NULL),
(6, 'DCM-0006', 'sdcasc', NULL, NULL, 'ascasc', 6, NULL, NULL, NULL, NULL, NULL, NULL, NULL, NULL, NULL, NULL, 12.00, 'active', NULL, '2025-07-16 09:09:28', '2025-07-24 02:42:28', NULL),
(7, 'DCM-0007', 'ascaqsc', NULL, NULL, 'sdvsd', 5, NULL, NULL, NULL, NULL, NULL, NULL, NULL, NULL, NULL, NULL, 12.00, 'active', NULL, '2025-07-16 09:11:22', '2025-07-18 09:50:17', '2025-07-18 09:50:17'),
(14, 'DCM-0014', 'sdcsac', NULL, NULL, 'qwcq', 1, NULL, NULL, NULL, NULL, NULL, NULL, NULL, NULL, NULL, NULL, 12.00, 'terminated', NULL, '2025-07-18 09:22:28', '2025-07-23 01:16:09', '2025-07-23 01:16:09'),
(15, 'DCM-0015', 'jokowi', 'PKWT', 'employees/photos/uZQ4UnVc6Qyhfg1aT8sexkErHq8jiJz0aXrQAHRu.png', 'Staff', 5, 'jokowi@gmail.com', '6287721988393', 'Jl Hang Tuah No 14, Batam, ID', 'male', '123456712345', 'Batam', '1999-02-20', '12345678909000', '2025-10-01', 1000000.00, 12.00, 'active', 'test nama', '2025-07-18 09:24:50', '2025-10-18 05:31:40', NULL),
(16, 'DCM-0016', 'ascascas', NULL, NULL, 'sdcasdc', 1, NULL, NULL, NULL, NULL, NULL, NULL, NULL, NULL, NULL, NULL, 12.00, 'inactive', NULL, '2025-07-18 09:43:26', '2025-07-18 09:50:35', '2025-07-18 09:50:35'),
(17, 'DCM-0017', 'asxas', NULL, NULL, 'ascas', 1, NULL, NULL, NULL, NULL, NULL, NULL, NULL, NULL, NULL, NULL, 12.00, 'active', NULL, '2025-07-18 09:43:59', '2025-07-18 09:50:31', '2025-07-18 09:50:31');

-- --------------------------------------------------------

--
-- Table structure for table `employee_documents`
--

CREATE TABLE `employee_documents` (
  `id` bigint UNSIGNED NOT NULL,
  `employee_id` bigint UNSIGNED NOT NULL,
  `document_type` varchar(255) CHARACTER SET utf8mb4 COLLATE utf8mb4_unicode_ci NOT NULL,
  `document_name` varchar(255) CHARACTER SET utf8mb4 COLLATE utf8mb4_unicode_ci NOT NULL,
  `file_path` varchar(255) CHARACTER SET utf8mb4 COLLATE utf8mb4_unicode_ci NOT NULL,
  `file_size` varchar(255) CHARACTER SET utf8mb4 COLLATE utf8mb4_unicode_ci DEFAULT NULL,
  `mime_type` varchar(255) CHARACTER SET utf8mb4 COLLATE utf8mb4_unicode_ci DEFAULT NULL,
  `description` text CHARACTER SET utf8mb4 COLLATE utf8mb4_unicode_ci,
  `created_at` timestamp NULL DEFAULT NULL,
  `updated_at` timestamp NULL DEFAULT NULL
) ENGINE=InnoDB DEFAULT CHARSET=utf8mb4 COLLATE=utf8mb4_unicode_ci;

--
-- Dumping data for table `employee_documents`
--

INSERT INTO `employee_documents` (`id`, `employee_id`, `document_type`, `document_name`, `file_path`, `file_size`, `mime_type`, `description`, `created_at`, `updated_at`) VALUES
(3, 4, 'ktp', 'ID Card', 'employees/documents/IBQHtPlxeKLKpjOd4wBc3cBaBrr9ZniJsJiRoUBe.png', '65781', 'image/png', 'axasxas', '2025-07-24 06:44:39', '2025-07-24 06:44:39'),
(4, 4, 'ktp', 'Idfdf', 'employees/documents/p9lKigsb0wffWCRa2iTIjJE63U3q7TiVpT3OPLxd.pdf', '70210', 'application/pdf', 'sdxcsdc', '2025-07-24 06:45:28', '2025-07-24 06:45:28'),
(8, 1, 'surat_sehat', 'asxas', 'employees/documents/uN4zFtxsa120L3tTwXw2G7b8fptDF3Fv3jKI7hNG.png', '993338', 'image/png', 'ascascasc ascasckbasjc ascjsdkbcoasdwc aswc;ascm;swac qwecligwqepcnqwc qwlcbqw', '2025-07-24 07:04:14', '2025-07-24 07:04:14'),
(9, 1, 'surat_pengalaman', 'aasssssfffrrr', 'employees/documents/xKmx3eWaKkS0N4Y0vhaHSD4010bneZ39sCWi9NcA.docx', '19870', 'application/vnd.openxmlformats-officedocument.wordprocessingml.document', NULL, '2025-07-24 07:18:45', '2025-07-24 07:18:45'),
(10, 1, 'ktp', 'asxas', 'employees/documents/gsjAu0KE4SU5PU1qnuVyvKrfFyQMlpltIoFLAuOT.jpg', '259288', 'image/jpeg', 'sdcsdc', '2025-07-24 07:37:17', '2025-07-24 07:37:17'),
(11, 15, 'ktp', 'Updated KTP', 'employees/documents/nGh9RYjxOCvRrWUfvuYsIilNkNEvPhesXDXCS6dZ.jpg', '259288', 'image/jpeg', 'test', '2025-10-17 06:47:38', '2025-10-17 06:47:38'),
(12, 15, 'skck', 'Update SKCK', 'employees/documents/sApF8rHYbvPEdMyuDM5vGKBkxBMYBQpjMzD2syq2.png', '1508919', 'image/png', 'test', '2025-10-17 06:47:38', '2025-10-17 06:47:38'),
(13, 1, 'foto', 'Update Foto', 'employees/documents/GTyPCo4J0ZHKOqsdmtgJ6lkBrVcIv2GEXJJTDayx.png', '141960', 'image/png', 'testsss', '2025-10-18 03:43:12', '2025-10-18 03:43:12');

-- --------------------------------------------------------

--
-- Table structure for table `failed_jobs`
--

CREATE TABLE `failed_jobs` (
  `id` bigint UNSIGNED NOT NULL,
  `uuid` varchar(255) CHARACTER SET utf8mb4 COLLATE utf8mb4_unicode_ci NOT NULL,
  `connection` text CHARACTER SET utf8mb4 COLLATE utf8mb4_unicode_ci NOT NULL,
  `queue` text CHARACTER SET utf8mb4 COLLATE utf8mb4_unicode_ci NOT NULL,
  `payload` longtext CHARACTER SET utf8mb4 COLLATE utf8mb4_unicode_ci NOT NULL,
  `exception` longtext CHARACTER SET utf8mb4 COLLATE utf8mb4_unicode_ci NOT NULL,
  `failed_at` timestamp NOT NULL DEFAULT CURRENT_TIMESTAMP
) ENGINE=InnoDB DEFAULT CHARSET=utf8mb4 COLLATE=utf8mb4_unicode_ci;

-- --------------------------------------------------------

--
-- Table structure for table `goods_in`
--

CREATE TABLE `goods_in` (
  `id` bigint UNSIGNED NOT NULL,
  `goods_out_id` bigint UNSIGNED DEFAULT NULL,
  `inventory_id` bigint UNSIGNED DEFAULT NULL,
  `project_id` bigint UNSIGNED DEFAULT NULL,
  `quantity` decimal(10,2) NOT NULL,
  `returned_by` varchar(255) CHARACTER SET utf8mb4 COLLATE utf8mb4_unicode_ci NOT NULL,
  `returned_at` timestamp NOT NULL,
  `created_at` timestamp NULL DEFAULT NULL,
  `updated_at` timestamp NULL DEFAULT NULL,
  `remark` text CHARACTER SET utf8mb4 COLLATE utf8mb4_unicode_ci,
  `deleted_at` timestamp NULL DEFAULT NULL
) ENGINE=InnoDB DEFAULT CHARSET=utf8mb4 COLLATE=utf8mb4_unicode_ci;

--
-- Dumping data for table `goods_in`
--

INSERT INTO `goods_in` (`id`, `goods_out_id`, `inventory_id`, `project_id`, `quantity`, `returned_by`, `returned_at`, `created_at`, `updated_at`, `remark`, `deleted_at`) VALUES
(27, 23, 64, 20, 10.00, 'admin', '2025-05-21 04:01:00', '2025-05-21 04:01:32', '2025-05-21 04:01:32', NULL, NULL),
(28, 27, 84, 25, 1.30, 'admin', '2025-05-22 03:38:00', '2025-05-22 03:39:07', '2025-05-22 03:39:07', NULL, NULL),
(29, 29, 85, 25, 4.00, 'admin', '2025-05-22 04:03:00', '2025-05-22 04:03:58', '2025-05-22 04:03:58', NULL, NULL),
(30, 31, 85, 25, 0.30, 'admin', '2025-05-22 04:08:00', '2025-05-22 04:08:52', '2025-05-22 04:08:52', NULL, NULL),
(31, 32, 85, 25, 0.70, 'admin', '2025-05-22 04:10:00', '2025-05-22 04:10:24', '2025-05-22 04:10:24', NULL, NULL),
(32, 33, 75, 14, 2.50, 'admin', '2025-05-22 04:13:00', '2025-05-22 04:13:16', '2025-05-22 04:13:16', NULL, NULL),
(34, NULL, 84, 14, 2.00, 'admin', '2025-05-22 17:00:00', '2025-05-22 09:09:45', '2025-05-22 09:09:45', 'sdcvsd', NULL),
(35, NULL, 72, 16, 3.00, 'admin', '2025-05-21 17:00:00', '2025-05-22 09:11:13', '2025-05-22 09:11:13', 'fdvbdf', NULL),
(36, 41, 59, 14, 0.60, 'admin', '2025-05-23 03:03:00', '2025-05-23 03:03:53', '2025-05-23 03:03:53', NULL, NULL),
(37, 40, 59, 14, 0.40, 'admin', '2025-05-23 03:04:00', '2025-05-23 03:04:24', '2025-05-23 03:04:24', NULL, NULL),
(38, 41, 59, 14, 2.40, 'admin', '2025-05-23 03:05:00', '2025-05-23 03:05:37', '2025-05-23 03:05:37', NULL, NULL),
(40, 42, 61, 17, 1.50, 'admin', '2025-05-23 08:04:00', '2025-05-23 08:04:32', '2025-05-23 08:04:32', NULL, NULL),
(41, 43, 61, 17, 1.00, 'admin', '2025-05-23 08:24:00', '2025-05-23 08:24:31', '2025-05-23 08:24:31', NULL, NULL),
(42, 42, 61, 17, 4.00, 'admin', '2025-05-27 08:34:47', '2025-05-27 08:34:47', '2025-05-27 08:34:47', 'Bulk Goods In', NULL),
(43, 43, 61, 17, 3.00, 'admin', '2025-05-27 08:34:47', '2025-05-27 08:34:47', '2025-05-27 08:34:47', 'Bulk Goods In', NULL),
(44, 44, 63, 31, 1.00, 'admin', '2025-05-27 08:34:47', '2025-05-27 08:34:47', '2025-05-27 08:34:47', 'Bulk Goods In', NULL),
(45, 45, 60, 23, 1.00, 'tari', '2025-06-03 01:56:33', '2025-06-03 01:56:33', '2025-06-03 01:56:33', 'Bulk Goods In', NULL),
(46, 46, 62, NULL, 0.50, 'tari', '2025-06-03 01:57:00', '2025-06-03 01:58:06', '2025-06-03 08:20:52', NULL, NULL),
(47, 48, 69, 24, 1.00, 'logitech', '2025-06-03 07:32:23', '2025-06-03 07:32:23', '2025-06-03 07:32:23', 'Bulk Goods In', NULL),
(48, NULL, 84, NULL, 3.00, 'tari', '2025-06-03 08:11:00', '2025-06-03 08:11:56', '2025-06-03 08:21:03', NULL, NULL),
(49, NULL, 88, NULL, 1.00, 'tari', '2025-06-04 17:00:00', '2025-06-03 08:43:51', '2025-06-03 08:43:51', '2', NULL),
(50, NULL, 89, NULL, 3.00, 'dyla', '2025-06-04 17:00:00', '2025-06-04 06:38:41', '2025-06-04 06:38:41', 'masuk baru', NULL),
(51, 61, 69, 19, 0.50, 'dyla', '2025-06-04 06:59:00', '2025-06-04 06:59:06', '2025-06-04 06:59:06', NULL, NULL),
(52, 62, 58, 18, 0.40, 'laura', '2025-06-04 09:16:00', '2025-06-04 09:16:11', '2025-06-04 09:16:11', NULL, NULL),
(53, 64, 119, 46, 1.00, 'logitech', '2025-06-09 04:05:00', '2025-06-09 04:05:22', '2025-06-09 04:05:22', NULL, NULL),
(54, NULL, 84, 25, 2.00, 'logitech', '2025-06-10 09:57:00', '2025-06-10 09:57:27', '2025-06-10 10:01:18', NULL, '2025-06-10 10:01:18'),
(55, 68, 153, 53, 1.00, 'logitech', '2025-06-17 06:13:00', '2025-06-17 06:13:30', '2025-06-17 06:13:30', NULL, NULL),
(56, 67, 60, 14, 1.00, 'logitech', '2025-06-17 06:49:21', '2025-06-17 06:49:21', '2025-06-17 06:49:21', 'Bulk Goods In', NULL),
(57, 67, 60, 14, 0.00, 'logitech', '2025-06-17 06:50:15', '2025-06-17 06:50:15', '2025-06-17 06:50:15', 'Bulk Goods In', NULL),
(58, 68, 153, 53, 2.00, 'logitech', '2025-06-17 06:50:00', '2025-06-17 06:50:48', '2025-06-17 06:50:48', NULL, NULL),
(59, 66, 69, 43, 1.00, 'logitech', '2025-06-17 07:01:25', '2025-06-17 07:01:25', '2025-06-17 07:01:25', 'Bulk Goods In', NULL),
(60, 67, 60, 14, 1.00, 'logitech', '2025-06-17 07:01:25', '2025-06-17 07:01:25', '2025-06-17 07:01:25', 'Bulk Goods In', NULL),
(61, 70, 90, 53, 1.00, 'logitech', '2025-06-24 10:10:00', '2025-06-24 10:10:14', '2025-06-24 10:10:14', NULL, NULL),
(62, 65, 146, 25, 1.00, 'logitech', '2025-06-24 10:11:00', '2025-06-24 10:11:51', '2025-06-24 10:11:51', NULL, NULL),
(63, 65, 146, 25, 2.00, 'logitech', '2025-06-24 10:12:00', '2025-06-24 10:12:22', '2025-06-24 10:12:22', NULL, NULL),
(64, 65, 146, 25, 1.00, 'logitech', '2025-06-24 10:12:00', '2025-06-24 10:12:37', '2025-06-24 10:12:37', NULL, NULL),
(65, NULL, 157, NULL, 2.50, 'logitech', '2025-06-24 17:00:00', '2025-06-25 02:11:07', '2025-06-25 02:11:07', 'test', NULL),
(66, 66, 69, 43, 1.00, 'logitech', '2025-06-25 02:13:00', '2025-06-25 02:13:16', '2025-06-25 02:13:16', NULL, NULL),
(67, 92, 156, 14, 0.50, 'logitech', '2025-07-04 06:15:44', '2025-07-04 06:15:44', '2025-07-04 06:15:44', 'Bulk Goods In', NULL),
(68, 93, 156, 15, 0.20, 'logitech', '2025-07-04 06:15:44', '2025-07-04 06:15:44', '2025-07-04 06:15:44', 'Bulk Goods In', NULL),
(69, 105, 187, 64, 1.00, 'logitech', '2025-07-09 07:11:00', '2025-07-09 07:11:57', '2025-07-09 07:11:57', NULL, NULL),
(70, 105, 187, 64, 2.00, 'logitech', '2025-07-09 08:12:00', '2025-07-09 08:12:45', '2025-07-09 08:12:45', NULL, NULL),
(71, NULL, 192, 25, 21.00, 'logitech', '2025-07-18 09:53:00', '2025-07-18 09:54:25', '2025-07-18 10:07:16', NULL, '2025-07-18 10:07:16'),
(72, 133, 146, 43, 2.00, 'logitech', '2025-07-18 09:57:00', '2025-07-18 09:57:43', '2025-07-18 10:02:12', NULL, NULL),
(73, NULL, 138, 43, 6.00, 'logitech', '2025-07-18 10:01:00', '2025-07-18 10:01:45', '2025-07-18 10:07:00', NULL, '2025-07-18 10:07:00'),
(74, NULL, 200, 43, 1.00, 'logitech', '2025-07-18 17:00:00', '2025-07-19 02:32:28', '2025-07-19 02:32:28', 'asxas', NULL),
(75, NULL, 200, 14, 1.00, 'logitech', '2025-07-17 17:00:00', '2025-07-19 02:33:34', '2025-10-09 08:10:35', 'asxa', '2025-10-09 08:10:35'),
(76, NULL, 200, 43, 1.00, 'logitech', '2025-07-18 17:00:00', '2025-07-19 02:34:07', '2025-10-09 08:10:20', NULL, '2025-10-09 08:10:20'),
(77, 139, 90, 73, 5.00, 'logitech', '2025-07-22 09:33:00', '2025-07-22 09:33:55', '2025-07-23 02:10:53', NULL, NULL),
(78, 153, 215, 25, 0.10, 'logitech', '2025-07-26 04:20:24', '2025-07-26 04:20:24', '2025-07-26 04:20:24', 'Bulk Goods In', NULL),
(79, 152, 180, 64, 0.02, 'logitech', '2025-07-26 04:33:14', '2025-07-26 04:33:14', '2025-07-26 04:33:14', 'Bulk Goods In', NULL);

-- --------------------------------------------------------

--
-- Table structure for table `goods_out`
--

CREATE TABLE `goods_out` (
  `id` bigint UNSIGNED NOT NULL,
  `material_request_id` bigint UNSIGNED DEFAULT NULL,
  `inventory_id` bigint UNSIGNED NOT NULL,
  `project_id` bigint UNSIGNED DEFAULT NULL,
  `requested_by` varchar(255) CHARACTER SET utf8mb4 COLLATE utf8mb4_unicode_ci NOT NULL,
  `quantity` decimal(10,2) NOT NULL,
  `created_at` timestamp NULL DEFAULT NULL,
  `updated_at` timestamp NULL DEFAULT NULL,
  `remark` text CHARACTER SET utf8mb4 COLLATE utf8mb4_unicode_ci,
  `deleted_at` timestamp NULL DEFAULT NULL
) ENGINE=InnoDB DEFAULT CHARSET=utf8mb4 COLLATE=utf8mb4_unicode_ci;

--
-- Dumping data for table `goods_out`
--

INSERT INTO `goods_out` (`id`, `material_request_id`, `inventory_id`, `project_id`, `requested_by`, `quantity`, `created_at`, `updated_at`, `remark`, `deleted_at`) VALUES
(15, 37, 72, 26, 'admin', 5.00, '2025-05-19 08:30:59', '2025-05-19 08:30:59', 'dah 100%', NULL),
(16, 39, 64, 20, 'admin', 3.00, '2025-05-19 08:34:02', '2025-05-19 08:34:02', NULL, NULL),
(17, NULL, 69, 25, 'admin', 1.00, '2025-05-20 01:34:37', '2025-05-20 01:34:37', NULL, NULL),
(23, 39, 64, 20, 'admin', 15.00, '2025-05-20 09:46:10', '2025-05-20 09:46:10', NULL, NULL),
(24, 39, 64, 20, 'admin', 2.00, '2025-05-20 09:48:45', '2025-05-22 03:38:03', 'ascasw', NULL),
(25, 39, 64, 20, 'admin', 0.00, '2025-05-20 09:49:24', '2025-05-21 03:04:23', NULL, NULL),
(27, 74, 84, 25, 'admin', 2.00, '2025-05-22 03:37:45', '2025-05-22 03:37:45', 'testing B', NULL),
(29, 75, 85, 25, 'admin', 6.00, '2025-05-22 04:02:39', '2025-05-22 04:02:39', NULL, NULL),
(30, 75, 85, 25, 'admin', 3.00, '2025-05-22 04:03:22', '2025-05-22 04:03:22', NULL, NULL),
(31, 75, 85, 25, 'admin', 1.30, '2025-05-22 04:08:03', '2025-05-22 04:08:03', NULL, NULL),
(32, 75, 85, 25, 'admin', 0.70, '2025-05-22 04:09:52', '2025-05-22 04:09:52', NULL, NULL),
(33, 76, 75, 14, 'admin', 3.00, '2025-05-22 04:12:23', '2025-05-22 04:12:23', 'ascas', NULL),
(35, 74, 84, 25, 'admin', 0.50, '2025-05-22 04:37:31', '2025-05-22 04:37:31', NULL, NULL),
(36, NULL, 84, 40, 'lesta', 2.00, '2025-05-22 08:55:01', '2025-06-02 04:36:28', 'test again', NULL),
(37, NULL, 72, 15, 'admin', 4.00, '2025-05-22 09:12:23', '2025-05-30 04:09:42', 'test99', NULL),
(40, 77, 59, 14, 'admin', 1.50, '2025-05-23 03:03:03', '2025-05-23 03:03:03', 'test 1', NULL),
(41, 77, 59, 14, 'admin', 3.00, '2025-05-23 03:03:22', '2025-05-23 03:07:50', NULL, NULL),
(42, 78, 61, 17, 'admin', 4.00, '2025-05-23 08:02:39', '2025-05-23 08:02:39', NULL, NULL),
(43, 78, 61, 17, 'admin', 3.00, '2025-05-23 08:03:54', '2025-05-23 08:49:57', NULL, NULL),
(44, 72, 63, 31, 'logitech', 1.00, '2025-05-27 08:34:07', '2025-06-02 04:33:15', 'ever', NULL),
(45, 250, 60, 23, 'admin', 1.00, '2025-06-03 01:40:38', '2025-06-03 01:40:38', '1', NULL),
(46, 251, 62, 31, 'admin', 1.00, '2025-06-03 01:40:38', '2025-06-03 01:40:38', '1', NULL),
(47, 248, 72, 16, 'admin', 1.00, '2025-06-03 02:10:48', '2025-06-03 02:10:48', '1', NULL),
(48, 245, 69, 24, 'admin', 1.00, '2025-06-03 02:11:35', '2025-06-03 02:11:35', '2', NULL),
(49, 161, 69, 15, 'admin', 1.00, '2025-06-03 06:07:51', '2025-06-03 06:07:51', 'vvvvddd', NULL),
(50, 151, 60, 15, 'admin', 1.00, '2025-06-03 07:58:01', '2025-06-03 07:58:01', 'dddrr', NULL),
(51, 161, 69, 15, 'admin', 1.00, '2025-06-03 07:58:21', '2025-06-03 07:58:21', NULL, NULL),
(52, NULL, 89, 25, 'dyla', 1.00, '2025-06-04 06:38:05', '2025-06-04 06:38:05', 'buang', NULL),
(53, 298, 84, 14, 'tari', 1.00, '2025-06-04 06:49:12', '2025-06-04 06:49:12', 'delivered by apri', NULL),
(54, 297, 69, 25, 'tari', 1.00, '2025-06-04 06:52:42', '2025-06-04 06:52:42', 'kurang 1 kg lagi', NULL),
(55, 297, 69, 25, 'tari', 1.00, '2025-06-04 06:54:10', '2025-06-04 06:54:10', NULL, NULL),
(56, 256, 62, 26, 'tari', 1.50, '2025-06-04 06:54:51', '2025-06-04 06:54:51', 'kurang 1/2', NULL),
(57, 256, 62, 26, 'tari', 0.50, '2025-06-04 06:56:21', '2025-06-04 06:56:21', NULL, NULL),
(58, 295, 84, 25, 'tari', 1.00, '2025-06-04 06:57:55', '2025-06-04 06:57:55', 'ffv', NULL),
(59, 299, 69, 16, 'tari', 1.00, '2025-06-04 06:57:55', '2025-06-04 06:57:55', '1', NULL),
(60, 300, 60, 39, 'tari', 1.00, '2025-06-04 06:57:55', '2025-06-04 06:57:55', '1', NULL),
(61, 301, 69, 19, 'tari', 1.00, '2025-06-04 06:57:55', '2025-06-04 06:57:55', '1', NULL),
(62, 305, 58, 18, 'laura', 1.00, '2025-06-04 09:15:14', '2025-06-04 09:15:14', NULL, NULL),
(63, 331, 119, 46, 'logitech', 2.00, '2025-06-09 04:05:01', '2025-06-09 04:05:01', NULL, NULL),
(64, 331, 119, 46, 'logitech', 3.00, '2025-06-09 04:05:09', '2025-06-09 04:05:09', NULL, NULL),
(65, 335, 146, 25, 'logitech', 4.00, '2025-06-17 04:50:28', '2025-06-17 04:50:28', 'Bulk Goods Out', NULL),
(66, 336, 69, 43, 'logitech', 3.00, '2025-06-17 04:50:28', '2025-06-17 04:50:28', 'Bulk Goods Out', NULL),
(67, 330, 60, 14, 'logitech', 3.00, '2025-06-17 04:52:50', '2025-06-17 04:52:50', NULL, NULL),
(68, 337, 153, 53, 'logitech', 3.00, '2025-06-17 06:11:26', '2025-06-17 06:11:26', NULL, NULL),
(69, 337, 153, 53, 'logitech', 1.00, '2025-06-17 06:52:01', '2025-06-17 06:52:01', NULL, NULL),
(70, 338, 90, 53, 'logitech', 3.00, '2025-06-17 07:45:40', '2025-06-17 07:45:40', NULL, NULL),
(71, NULL, 153, 15, 'dyla', 1.00, '2025-06-24 09:51:52', '2025-06-24 09:51:52', 'sss', NULL),
(72, 341, 147, 45, 'logitech', 1.00, '2025-06-25 04:19:24', '2025-06-25 04:19:24', NULL, NULL),
(73, 340, 145, 53, 'logitech', 1.00, '2025-06-25 04:20:26', '2025-06-25 04:20:26', NULL, NULL),
(74, 345, 146, 49, 'logitech', 1.60, '2025-06-25 07:17:37', '2025-06-25 07:17:37', NULL, NULL),
(75, 345, 146, 49, 'logitech', 3.40, '2025-06-25 07:28:59', '2025-06-25 07:28:59', NULL, NULL),
(76, NULL, 64, 49, 'logitech', 1.00, '2025-07-02 07:20:33', '2025-07-02 07:20:33', 'etst', NULL),
(77, 32, 63, 24, 'admin', 5.00, '2025-07-02 08:56:57', '2025-07-02 08:56:57', 'Bulk Goods Out', NULL),
(78, NULL, 85, NULL, 'dyla', 2.00, '2025-07-02 09:30:15', '2025-07-02 09:30:15', 'scdsac', NULL),
(79, NULL, 84, NULL, 'dyla', 1.00, '2025-07-02 09:40:26', '2025-07-02 09:40:26', 'pembuangan', NULL),
(80, 408, 84, 43, 'logitech', 1.00, '2025-07-03 09:06:07', '2025-07-03 09:06:07', NULL, NULL),
(81, 407, 146, 25, 'logitech', 1.00, '2025-07-03 10:05:40', '2025-07-03 10:05:40', NULL, NULL),
(82, 406, 154, 43, 'logitech', 1.00, '2025-07-03 10:06:57', '2025-07-03 10:06:57', NULL, NULL),
(83, 410, 84, 43, 'logitech', 1.00, '2025-07-04 01:38:58', '2025-07-04 01:38:58', NULL, NULL),
(84, 412, 172, 25, 'logitech', 1.00, '2025-07-04 03:38:37', '2025-07-04 03:38:37', NULL, NULL),
(85, 400, 84, 43, 'logitech', 1.00, '2025-07-04 04:04:07', '2025-07-04 04:04:07', 'Bulk Goods Out', NULL),
(86, 401, 154, 49, 'logitech', 1.00, '2025-07-04 04:04:07', '2025-07-04 04:04:07', 'Bulk Goods Out', NULL),
(87, 402, 144, 55, 'logitech', 2.00, '2025-07-04 04:04:07', '2025-07-04 04:04:07', 'Bulk Goods Out', NULL),
(88, 398, 138, 52, 'logitech', 1.00, '2025-07-04 04:06:09', '2025-07-04 04:06:09', 'Bulk Goods Out', NULL),
(89, 399, 154, 43, 'logitech', 1.00, '2025-07-04 04:06:09', '2025-07-04 04:06:09', 'Bulk Goods Out', NULL),
(90, 396, 69, 43, 'logitech', 1.00, '2025-07-04 04:14:29', '2025-07-04 04:14:29', 'Bulk Goods Out', NULL),
(91, 397, 154, 14, 'logitech', 4.00, '2025-07-04 04:14:29', '2025-07-04 04:14:29', 'Bulk Goods Out', NULL),
(92, 392, 156, 14, 'logitech', 1.00, '2025-07-04 04:17:25', '2025-07-04 04:17:25', 'Bulk Goods Out', NULL),
(93, 395, 156, 15, 'logitech', 1.00, '2025-07-04 04:17:25', '2025-07-04 04:17:25', 'Bulk Goods Out', NULL),
(94, 411, 154, 15, 'logitech', 1.00, '2025-07-04 09:38:19', '2025-07-04 09:38:19', NULL, NULL),
(95, 366, 84, 25, 'logitech', 1.00, '2025-07-05 02:19:25', '2025-07-05 02:19:25', 'Bulk Goods Out', NULL),
(96, 409, 99, 14, 'logitech', 1.00, '2025-07-05 02:20:09', '2025-07-05 02:20:09', 'Bulk Goods Out', NULL),
(97, 413, 99, 14, 'logitech', 2.00, '2025-07-05 02:20:09', '2025-07-05 02:20:09', 'Bulk Goods Out', NULL),
(98, 404, 154, 15, 'logitech', 1.00, '2025-07-05 02:25:43', '2025-07-05 02:25:43', 'Bulk Goods Out', NULL),
(99, 405, 146, 16, 'logitech', 1.00, '2025-07-05 02:25:43', '2025-07-05 02:25:43', 'Bulk Goods Out', NULL),
(100, 424, 125, 59, 'logitech', 1.00, '2025-07-07 09:08:59', '2025-07-07 09:08:59', NULL, NULL),
(101, 419, 140, 55, 'logitech', 1.00, '2025-07-07 09:12:07', '2025-07-07 09:12:07', 'Bulk Goods Out', NULL),
(102, 422, 154, 14, 'logitech', 1.00, '2025-07-07 09:12:07', '2025-07-07 09:12:07', 'Bulk Goods Out', NULL),
(103, 424, 125, 59, 'logitech', 1.00, '2025-07-07 09:12:07', '2025-07-07 09:12:07', 'Bulk Goods Out', NULL),
(104, 432, 154, 14, 'logitech', 1.00, '2025-07-07 09:39:50', '2025-07-07 09:39:50', NULL, NULL),
(105, 460, 187, 64, 'logitech', 3.00, '2025-07-09 07:09:25', '2025-07-09 07:09:25', NULL, NULL),
(106, 460, 187, 64, 'logitech', 1.00, '2025-07-09 07:09:44', '2025-10-13 09:21:13', NULL, '2025-10-13 09:21:13'),
(107, 456, 59, 14, 'logitech', 0.50, '2025-07-09 07:54:11', '2025-07-17 04:31:42', NULL, NULL),
(108, 460, 187, 64, 'logitech', 1.00, '2025-07-09 08:30:38', '2025-07-09 08:30:38', NULL, NULL),
(109, NULL, 146, 53, 'laura', 2.00, '2025-07-17 04:28:34', '2025-07-17 04:32:04', 'as', NULL),
(110, 456, 59, 14, 'logitech', 4.00, '2025-07-17 04:29:38', '2025-07-17 04:29:38', 'Bulk Goods Out', NULL),
(111, 473, 61, 14, 'logitech', 1.00, '2025-07-17 04:29:38', '2025-07-17 04:41:54', 'Bulk Goods Out', NULL),
(112, 474, 70, 49, 'logitech', 1.00, '2025-07-17 04:29:38', '2025-07-17 04:31:02', 'Bulk Goods Out', NULL),
(113, NULL, 84, 43, 'dyla', 1.00, '2025-07-17 04:43:25', '2025-07-17 04:43:25', NULL, NULL),
(114, 475, 184, 64, 'dyla', 1.00, '2025-07-17 07:38:27', '2025-07-17 07:38:27', NULL, NULL),
(115, 471, 146, 15, 'logitech', 1.00, '2025-07-17 08:35:42', '2025-07-17 08:35:42', 'Bulk Goods Out', NULL),
(116, 472, 184, 14, 'logitech', 1.00, '2025-07-17 08:35:42', '2025-07-17 08:35:42', 'Bulk Goods Out', NULL),
(117, 469, 194, 41, 'logitech', 1.00, '2025-07-17 08:51:45', '2025-07-17 08:51:45', 'Bulk Goods Out', NULL),
(118, 470, 90, 45, 'logitech', 1.00, '2025-07-17 08:51:45', '2025-07-17 08:51:45', 'Bulk Goods Out', NULL),
(119, 458, 70, 43, 'logitech', 1.00, '2025-07-17 09:08:23', '2025-07-17 09:08:23', 'Bulk Goods Out', NULL),
(120, 459, 90, 49, 'logitech', 1.00, '2025-07-17 09:33:49', '2025-07-17 09:33:49', 'Bulk Goods Out', NULL),
(129, 451, 154, 17, 'logitech', 1.00, '2025-07-17 09:37:42', '2025-07-17 09:37:42', 'Bulk Goods Out', NULL),
(130, 452, 184, 43, 'logitech', 1.00, '2025-07-17 09:37:42', '2025-07-17 09:37:42', 'Bulk Goods Out', NULL),
(131, 455, 156, 61, 'logitech', 2.00, '2025-07-17 09:37:42', '2025-07-17 09:37:42', 'Bulk Goods Out', NULL),
(132, 456, 59, 14, 'logitech', 0.10, '2025-07-17 09:52:09', '2025-07-17 09:52:09', 'Bulk Goods Out', NULL),
(133, 476, 146, 43, 'logitech', 1.00, '2025-07-18 07:24:12', '2025-07-18 07:24:12', '[AUTO] Goods Out by system after 2x24h', NULL),
(134, NULL, 198, 43, 'lesta', 1.00, '2025-07-19 01:14:52', '2025-07-19 01:14:52', NULL, NULL),
(135, NULL, 200, 25, 'dyla', 123.00, '2025-07-19 02:32:54', '2025-07-19 02:32:54', NULL, NULL),
(136, NULL, 200, 43, 'dyla', 1.00, '2025-07-19 02:34:25', '2025-07-19 02:34:25', NULL, NULL),
(137, NULL, 215, NULL, 'dyla', 2.00, '2025-07-21 04:12:53', '2025-10-09 07:05:52', NULL, '2025-10-09 07:05:52'),
(138, 489, 188, 14, 'logitech', 0.10, '2025-07-22 03:14:03', '2025-07-22 03:14:03', NULL, NULL),
(139, 490, 90, 73, 'logitech', 5.00, '2025-07-22 09:32:59', '2025-07-22 09:32:59', 'Bulk Goods Out', NULL),
(140, 491, 154, 73, 'logitech', 2.00, '2025-07-22 09:32:59', '2025-07-22 09:32:59', 'Bulk Goods Out', NULL),
(141, 490, 90, 73, 'logitech', 1.00, '2025-07-23 08:25:09', '2025-07-23 08:25:09', NULL, NULL),
(142, 494, 66, 42, 'logitech', 1.00, '2025-07-23 09:01:32', '2025-07-23 09:01:32', NULL, NULL),
(143, 494, 66, 42, 'logitech', 0.50, '2025-07-23 09:11:42', '2025-07-23 09:11:42', NULL, NULL),
(144, 494, 66, 42, 'logitech', 0.50, '2025-07-23 09:20:33', '2025-07-23 09:20:33', NULL, NULL),
(145, 495, 180, 64, 'logitech', 0.60, '2025-07-23 09:48:27', '2025-07-23 09:48:27', NULL, NULL),
(146, 495, 180, 64, 'logitech', 0.50, '2025-07-23 10:02:32', '2025-10-09 07:04:21', NULL, '2025-10-09 07:04:21'),
(149, 498, 192, 43, 'tari', 1.00, '2025-07-26 04:08:37', '2025-07-26 04:08:37', 'Bulk Goods Out', NULL),
(150, 491, 154, 73, 'logitech', 1.00, '2025-07-26 04:09:22', '2025-07-26 04:09:22', 'Bulk Goods Out', NULL),
(151, 495, 180, 64, 'logitech', 0.80, '2025-07-26 04:18:39', '2025-07-26 04:18:39', 'Bulk Goods Out', NULL),
(152, 495, 180, 64, 'logitech', 0.10, '2025-07-26 04:19:16', '2025-07-26 04:19:16', 'Bulk Goods Out', NULL),
(153, 499, 215, 25, 'logitech', 1.00, '2025-07-26 04:19:59', '2025-07-26 04:19:59', NULL, NULL),
(154, 499, 215, 25, 'logitech', 1.00, '2025-07-26 04:23:55', '2025-07-26 04:23:55', 'Bulk Goods Out', NULL),
(155, 482, 198, 43, 'logitech', 1.00, '2025-07-26 04:24:16', '2025-07-26 04:24:16', 'Bulk Goods Out', NULL),
(156, 486, 84, 43, 'logitech', 1.00, '2025-07-26 04:24:16', '2025-07-26 04:24:16', 'Bulk Goods Out', NULL),
(157, 488, 215, 25, 'logitech', 1.00, '2025-07-26 04:24:16', '2025-07-26 04:24:16', 'Bulk Goods Out', NULL),
(219, 325, 69, 14, 'tari', 1.00, '2025-08-15 08:11:35', '2025-08-15 08:11:35', 'Bulk Goods Out', NULL),
(220, 330, 60, 14, 'logitech', 2.00, '2025-08-15 08:11:35', '2025-08-15 08:11:35', 'Bulk Goods Out', NULL),
(221, 332, 69, 14, 'logitech', 1.00, '2025-08-15 08:11:35', '2025-08-15 08:11:35', 'Bulk Goods Out', NULL),
(222, 342, 69, 15, 'logitech', 1.00, '2025-08-15 08:11:35', '2025-08-15 08:11:35', 'Bulk Goods Out', NULL),
(223, 349, 90, 49, 'tari', 2.00, '2025-08-15 08:11:35', '2025-08-15 08:11:35', 'Bulk Goods Out', NULL),
(224, 393, 146, 53, 'logitech', 1.00, '2025-08-15 08:11:35', '2025-08-15 08:11:35', 'Bulk Goods Out', NULL),
(225, 431, 154, 43, 'logitech', 1.00, '2025-08-15 08:11:35', '2025-08-15 08:11:35', 'Bulk Goods Out', NULL),
(226, 442, 146, 43, 'logitech', 2.00, '2025-08-15 08:11:35', '2025-08-15 08:11:35', 'Bulk Goods Out', NULL),
(227, 449, 140, 17, 'logitech', 1.00, '2025-08-15 08:11:35', '2025-08-15 08:11:35', 'Bulk Goods Out', NULL),
(228, 450, 72, 45, 'logitech', 1.00, '2025-08-15 08:11:35', '2025-08-15 08:11:35', 'Bulk Goods Out', NULL),
(229, 456, 59, 14, 'logitech', 0.40, '2025-08-15 08:11:35', '2025-08-15 08:11:35', 'Bulk Goods Out', NULL),
(230, 477, 84, 43, 'logitech', 1.00, '2025-08-15 08:11:35', '2025-08-15 08:11:35', 'Bulk Goods Out', NULL),
(231, 478, 198, 14, 'logitech', 1.00, '2025-08-15 08:11:35', '2025-08-15 08:11:35', 'Bulk Goods Out', NULL),
(232, 481, 84, 14, 'logitech', 1.00, '2025-08-15 08:11:35', '2025-08-15 08:11:35', 'Bulk Goods Out', NULL),
(233, 483, 62, 25, 'logitech', 2.00, '2025-08-15 08:11:35', '2025-08-15 08:11:35', 'Bulk Goods Out', NULL),
(234, 484, 177, 15, 'logitech', 1.00, '2025-08-15 08:11:35', '2025-08-15 08:11:35', 'Bulk Goods Out', NULL),
(235, 485, 84, 43, 'logitech', 1.00, '2025-08-15 08:11:35', '2025-08-15 08:11:35', 'Bulk Goods Out', NULL),
(236, 492, 84, 43, 'dyla', 3.00, '2025-08-15 08:11:35', '2025-08-15 08:11:35', 'Bulk Goods Out', NULL),
(237, 499, 215, 25, 'logitech', 3.00, '2025-08-15 08:11:35', '2025-08-15 08:11:35', 'Bulk Goods Out', NULL),
(238, 72, 63, 31, 'admin', 1.00, '2025-08-15 08:26:20', '2025-08-15 08:26:20', 'Bulk Goods Out', NULL),
(239, 78, 61, 17, 'admin', 6.00, '2025-08-15 08:26:20', '2025-08-15 08:26:20', 'Bulk Goods Out', NULL),
(240, 83, 69, 14, 'costume', 1.00, '2025-08-15 08:26:20', '2025-08-15 08:26:20', 'Bulk Goods Out', NULL),
(241, 84, 59, 14, 'costume', 1.00, '2025-08-15 08:26:20', '2025-08-15 08:26:20', 'Bulk Goods Out', NULL),
(242, 160, 59, 16, 'admin', 1.50, '2025-08-15 08:26:20', '2025-08-15 08:26:20', 'Bulk Goods Out', NULL),
(243, 255, 60, 25, 'tari', 2.00, '2025-08-15 08:26:20', '2025-08-15 08:26:20', 'Bulk Goods Out', NULL),
(244, 285, 69, 14, 'tari', 1.00, '2025-08-15 08:26:20', '2025-08-15 08:26:20', 'Bulk Goods Out', NULL),
(245, 287, 69, 14, 'tari', 1.00, '2025-08-15 08:26:20', '2025-08-15 08:26:20', 'Bulk Goods Out', NULL),
(246, 290, 69, 39, 'tari', 1.00, '2025-08-15 08:26:20', '2025-08-15 08:26:20', 'Bulk Goods Out', NULL),
(247, 291, 84, 25, 'tari', 1.00, '2025-08-15 08:26:20', '2025-08-15 08:26:20', 'Bulk Goods Out', NULL),
(248, 292, 69, 14, 'tari', 1.00, '2025-08-15 08:26:20', '2025-08-15 08:26:20', 'Bulk Goods Out', NULL),
(249, 293, 69, 14, 'tari', 1.00, '2025-08-15 08:26:20', '2025-08-15 08:26:20', 'Bulk Goods Out', NULL),
(250, 296, 69, 14, 'tari', 1.00, '2025-08-15 08:26:20', '2025-08-15 08:26:20', 'Bulk Goods Out', NULL),
(251, 303, 69, 14, 'laura', 1.00, '2025-08-15 08:26:20', '2025-08-15 08:26:20', 'Bulk Goods Out', NULL),
(252, 318, 60, 43, 'logitech', 1.00, '2025-08-15 08:26:20', '2025-08-15 08:26:20', 'Bulk Goods Out', NULL),
(253, 329, 69, 25, 'logitech', 1.00, '2025-08-15 08:26:20', '2025-08-15 08:26:20', 'Bulk Goods Out', NULL),
(254, 364, 146, 25, 'logitech', 1.00, '2025-08-15 08:26:20', '2025-08-15 08:26:20', 'Bulk Goods Out', NULL),
(255, 509, 216, 39, 'logitech', 1.00, '2025-09-30 09:24:06', '2025-09-30 09:24:06', 'Bulk Goods Out', NULL),
(256, 511, 146, 72, 'logitech', 1.00, '2025-09-30 09:24:06', '2025-09-30 09:24:06', 'Bulk Goods Out', NULL),
(261, 493, 154, 73, 'dyla', 2.00, '2025-10-01 02:21:58', '2025-10-01 02:21:58', 'Bulk Goods Out', NULL),
(262, 497, 215, 25, 'tari', 1.00, '2025-10-01 02:21:58', '2025-10-01 02:21:58', 'Bulk Goods Out', NULL),
(263, 501, 192, 70, 'logitech', 1.00, '2025-10-01 02:21:58', '2025-10-01 02:21:58', 'Bulk Goods Out', NULL),
(264, 507, 181, 66, 'logitech', 1.00, '2025-10-01 02:21:58', '2025-10-01 02:21:58', 'Bulk Goods Out', NULL),
(265, 508, 75, 21, 'logitech', 1.00, '2025-10-01 02:21:58', '2025-10-01 02:21:58', 'Bulk Goods Out', NULL),
(266, 510, 192, 64, 'logitech', 1.00, '2025-10-01 02:21:58', '2025-10-01 02:21:58', 'Bulk Goods Out', NULL),
(267, 512, 187, 14, 'logitech', 1.00, '2025-10-01 02:21:58', '2025-10-01 02:21:58', 'Bulk Goods Out', NULL),
(268, 513, 168, 50, 'tari', 1.00, '2025-10-01 02:21:58', '2025-10-01 02:21:58', 'Bulk Goods Out', NULL),
(269, 519, 69, 15, 'dyla', 1.00, '2025-10-01 02:21:58', '2025-10-01 02:21:58', 'Bulk Goods Out', NULL),
(270, 520, 146, 43, 'tari', 12.00, '2025-10-01 02:21:58', '2025-10-01 02:21:58', 'Bulk Goods Out', NULL),
(283, 436, 146, 43, 'logitech', 1.60, '2025-10-01 02:52:20', '2025-10-13 09:33:10', 'Bulk Goods Out', '2025-10-13 09:33:10'),
(284, 437, 99, 14, 'logitech', 1.00, '2025-10-01 02:52:20', '2025-10-09 07:29:13', 'Bulk Goods Out', '2025-10-09 07:29:13'),
(285, 438, 156, 14, 'logitech', 1.08, '2025-10-01 02:52:20', '2025-10-13 09:24:53', 'Bulk Goods Out', '2025-10-13 09:24:53'),
(286, 439, 99, 53, 'logitech', 1.70, '2025-10-01 02:52:20', '2025-10-01 02:52:20', 'Bulk Goods Out', NULL),
(287, 440, 154, 14, 'logitech', 1.97, '2025-10-01 02:52:20', '2025-10-01 02:52:20', 'Bulk Goods Out', NULL),
(288, 441, 154, 14, 'logitech', 1.00, '2025-10-01 02:52:20', '2025-10-01 02:52:20', 'Bulk Goods Out', NULL),
(289, 443, 146, 43, 'logitech', 1.00, '2025-10-01 02:52:20', '2025-10-01 02:52:20', 'Bulk Goods Out', NULL),
(290, 444, 184, 14, 'logitech', 1.00, '2025-10-01 02:52:20', '2025-10-13 09:45:24', 'Bulk Goods Out', '2025-10-13 09:45:24'),
(291, 445, 154, 15, 'logitech', 1.00, '2025-10-01 02:52:20', '2025-10-13 09:35:59', 'Bulk Goods Out', '2025-10-13 09:35:59'),
(292, 446, 184, 43, 'logitech', 1.00, '2025-10-01 02:52:20', '2025-10-09 07:04:09', 'Bulk Goods Out', '2025-10-09 07:04:09'),
(293, 447, 184, 25, 'logitech', 1.00, '2025-10-01 02:52:20', '2025-10-09 07:04:03', 'Bulk Goods Out', '2025-10-09 07:04:03'),
(294, 448, 184, 43, 'logitech', 1.00, '2025-10-01 02:52:20', '2025-10-01 02:52:20', 'Bulk Goods Out', NULL),
(295, NULL, 192, NULL, 'dyla', 1.00, '2025-10-09 07:04:54', '2025-10-09 07:04:58', 'test', '2025-10-09 07:04:58'),
(296, NULL, 192, NULL, 'asasd', 1.00, '2025-10-09 07:06:24', '2025-10-13 09:22:27', 'testing no proj', '2025-10-13 09:22:27'),
(297, NULL, 215, 25, 'dyla', 1.00, '2025-10-13 09:21:36', '2025-10-13 09:21:40', 'eer', '2025-10-13 09:21:40'),
(300, NULL, 221, NULL, 'asasd', 1.00, '2025-10-14 04:16:28', '2025-10-14 04:16:28', 'test usage', NULL);

-- --------------------------------------------------------

--
-- Table structure for table `goods_receives`
--

CREATE TABLE `goods_receives` (
  `id` bigint UNSIGNED NOT NULL,
  `shipping_id` bigint UNSIGNED NOT NULL,
  `international_waybill_no` varchar(255) CHARACTER SET utf8mb4 COLLATE utf8mb4_unicode_ci NOT NULL,
  `freight_company` varchar(255) CHARACTER SET utf8mb4 COLLATE utf8mb4_unicode_ci NOT NULL,
  `freight_price` decimal(15,2) NOT NULL,
  `arrived_date` datetime NOT NULL,
  `created_at` timestamp NULL DEFAULT NULL,
  `updated_at` timestamp NULL DEFAULT NULL
) ENGINE=InnoDB DEFAULT CHARSET=utf8mb4 COLLATE=utf8mb4_unicode_ci;

-- --------------------------------------------------------

--
-- Table structure for table `goods_receive_details`
--

CREATE TABLE `goods_receive_details` (
  `id` bigint UNSIGNED NOT NULL,
  `goods_receive_id` bigint UNSIGNED NOT NULL,
  `shipping_detail_id` bigint UNSIGNED NOT NULL,
  `purchase_type` varchar(255) CHARACTER SET utf8mb4 COLLATE utf8mb4_unicode_ci NOT NULL,
  `project_name` varchar(255) CHARACTER SET utf8mb4 COLLATE utf8mb4_unicode_ci DEFAULT NULL,
  `material_name` varchar(255) CHARACTER SET utf8mb4 COLLATE utf8mb4_unicode_ci NOT NULL,
  `supplier_name` varchar(255) CHARACTER SET utf8mb4 COLLATE utf8mb4_unicode_ci DEFAULT NULL,
  `unit_price` decimal(15,2) DEFAULT NULL,
  `domestic_waybill_no` varchar(255) CHARACTER SET utf8mb4 COLLATE utf8mb4_unicode_ci DEFAULT NULL,
  `purchased_qty` decimal(15,2) DEFAULT NULL,
  `received_qty` varchar(255) CHARACTER SET utf8mb4 COLLATE utf8mb4_unicode_ci DEFAULT NULL,
  `created_at` timestamp NULL DEFAULT NULL,
  `updated_at` timestamp NULL DEFAULT NULL
) ENGINE=InnoDB DEFAULT CHARSET=utf8mb4 COLLATE=utf8mb4_unicode_ci;

-- --------------------------------------------------------

--
-- Table structure for table `inventories`
--

CREATE TABLE `inventories` (
  `id` bigint UNSIGNED NOT NULL,
  `name` varchar(255) CHARACTER SET utf8mb4 COLLATE utf8mb4_unicode_ci NOT NULL,
  `quantity` decimal(8,2) NOT NULL,
  `unit` varchar(255) CHARACTER SET utf8mb4 COLLATE utf8mb4_unicode_ci NOT NULL,
  `price` decimal(10,2) DEFAULT NULL,
  `unit_domestic_freight_cost` decimal(15,2) DEFAULT NULL,
  `unit_international_freight_cost` decimal(15,2) DEFAULT NULL,
  `currency_id` bigint UNSIGNED DEFAULT NULL,
  `supplier_id` bigint UNSIGNED DEFAULT NULL,
  `location_id` bigint UNSIGNED DEFAULT NULL,
  `remark` text CHARACTER SET utf8mb4 COLLATE utf8mb4_unicode_ci,
  `img` varchar(255) CHARACTER SET utf8mb4 COLLATE utf8mb4_unicode_ci DEFAULT NULL,
  `qrcode_path` varchar(255) CHARACTER SET utf8mb4 COLLATE utf8mb4_unicode_ci DEFAULT NULL,
  `qrcode` longtext CHARACTER SET utf8mb4 COLLATE utf8mb4_unicode_ci,
  `created_at` timestamp NULL DEFAULT NULL,
  `updated_at` timestamp NULL DEFAULT NULL,
  `category_id` bigint UNSIGNED DEFAULT NULL,
  `deleted_at` timestamp NULL DEFAULT NULL
) ENGINE=InnoDB DEFAULT CHARSET=utf8mb4 COLLATE=utf8mb4_unicode_ci;

--
-- Dumping data for table `inventories`
--

INSERT INTO `inventories` (`id`, `name`, `quantity`, `unit`, `price`, `unit_domestic_freight_cost`, `unit_international_freight_cost`, `currency_id`, `supplier_id`, `location_id`, `remark`, `img`, `qrcode_path`, `qrcode`, `created_at`, `updated_at`, `category_id`, `deleted_at`) VALUES
(58, 'Fabric 223', 339.40, 'mm', 2500.00, NULL, NULL, 6, NULL, 1, NULL, 'images/CFqzHbQLMAUkIOsjx7iE7ag6XwtBl8oX7KmIxbFc.jpg', 'qrcodes/qr_683a8901cfbc6.svg', NULL, '2025-05-19 07:28:58', '2025-10-09 07:08:07', 1, NULL),
(59, 'Buttons 1', 309.90, 'pcs', 0.50, NULL, NULL, 5, NULL, 2, NULL, 'images/aYwSO3uyO1eF3eKfQvSqZ9fafM6vZXstGMGRDcgM.jpg', 'qrcodes/qr_682fdd1629683.svg', NULL, '2025-05-19 07:30:00', '2025-08-15 08:26:20', 9, NULL),
(60, 'Buttons 2', 492.00, 'pack', 0.25, NULL, NULL, 1, NULL, 3, NULL, 'images/kuBk9OHnTPF6YXQoUGsHTdIBUVityxZkTHdQX8ZZ.jpg', 'qrcodes/qr_682ae0a61b8fb.svg', NULL, '2025-05-19 07:31:00', '2025-08-15 08:26:20', 9, NULL),
(61, 'Foam 1', 44.00, 'm', 12000.00, NULL, NULL, 2, NULL, 4, NULL, 'images/MyI4zCLVzse1nuHh2WBTaHtNmxmudSuO6DjrRsoj.jpg', 'qrcodes/qr_682ade57c7118.svg', NULL, '2025-05-19 07:31:35', '2025-08-15 08:26:20', 8, NULL),
(62, 'Foam 2', 18.50, 'kg', 1300.00, NULL, NULL, 6, NULL, 4, NULL, 'images/TadRnNm3YJxNLKVTOC9YLpaosnELQRykx8Cum2fz.jpg', 'qrcodes/qr_682ade8e3152a.svg', NULL, '2025-05-19 07:32:30', '2025-08-15 08:11:35', 8, NULL),
(63, 'Zipper 1', 124.00, 'set', 2.00, NULL, NULL, 5, NULL, 5, NULL, 'images/zG9Ng3mWP1sAMetg6Osmwix6SJREh8a7MGyCJniV.jpg', 'qrcodes/qr_682adee3d4810.svg', NULL, '2025-05-19 07:33:55', '2025-08-15 08:26:20', 10, NULL),
(64, 'Zipper 2', 489.00, 'pcs', 1.40, NULL, NULL, 1, NULL, 6, NULL, 'images/LIL8BXOR6SR4TxGCG5rhllwaHdNukXziNsgA9x6Y.jpg', 'qrcodes/qr_682adf0ecccc5.svg', NULL, '2025-05-19 07:34:38', '2025-07-03 03:57:54', 10, '2025-07-03 03:57:54'),
(65, 'Foam 3', 105.00, 'pcs', 20000.00, NULL, NULL, 2, NULL, 6, NULL, 'images/ltLYZMLCILT2PW0vwpWG1WK9qstwTsRCaGsfHXwS.jpg', 'qrcodes/qr_682ae01889494.svg', NULL, '2025-05-19 07:39:04', '2025-05-19 07:39:04', 8, NULL),
(66, 'Foam 4', 12.00, 'pack', 2.00, NULL, NULL, 5, NULL, 7, NULL, 'images/C46JybX6qaYsRr28kZrq9hfaK5oZcgTfYK2Y9D0Q.jpg', 'qrcodes/qr_682ae054366fe.svg', NULL, '2025-05-19 07:39:51', '2025-07-23 09:20:33', 8, NULL),
(67, 'Fabric 4', 233.00, 'cm', 3400.00, NULL, NULL, 6, NULL, 6, NULL, 'images/5biAk4B9XCpZzfyVRdht1uvxyrkJ4Qhli5fu7aya.jpg', 'qrcodes/qr_682ae07faf63e.svg', NULL, '2025-05-19 07:40:47', '2025-07-17 04:29:38', 1, NULL),
(68, 'Fabric 5', 378.00, 'kg', 4000.00, NULL, NULL, 6, NULL, 8, NULL, 'images/UGrKEVmZQdCRaxzaqOxb6vnxvtiQiD5XXvq2nzxt.jpg', 'qrcodes/qr_682ae0f4b4cbb.svg', NULL, '2025-05-19 07:42:44', '2025-05-19 07:42:44', 1, NULL),
(69, 'Button 4', 435.50, 'kg', 200.00, 5.00, 6.00, 2, NULL, 7, NULL, 'images/lqKjFQd3RO33i6QFaIbZdQOMsq89aG5btkL3t6AZ.jpg', 'qrcodes/qr_682ae1311f7f5.svg', NULL, '2025-05-19 07:43:45', '2025-10-09 07:02:09', 9, NULL),
(70, 'Fabric 7', 4.00, 'roll', 2700.00, NULL, NULL, 6, NULL, 8, NULL, 'images/oWL0AjWu2KW0P6jyGEcK9aQFI3DZFe5G4kvqU9jg.jpg', 'qrcodes/qr_682ae196514d0.svg', NULL, '2025-05-19 07:45:26', '2025-07-17 09:08:23', 1, NULL),
(71, 'Quick Mat', 200.00, 'dm', 20.00, NULL, NULL, 5, NULL, 7, NULL, 'inventory_images/uulwQ8atWvEz0KObNt9F9oT42BJJB5JxDdY38zkC.jpg', 'qrcodes/qr_682ae472d411e.svg', NULL, '2025-05-19 07:49:49', '2025-05-19 07:57:38', 11, NULL),
(72, 'Buttons 8', 992.00, 'pcs', 2000.00, NULL, NULL, 2, NULL, 9, NULL, 'inventory_images/G3WOO8vGnYN5jkkEFhGUHH9nbRgTdcY3RRwA87PT.jpg', 'qrcodes/qr_682ae4426fee9.svg', NULL, '2025-05-19 07:52:22', '2025-09-25 02:11:17', 9, NULL),
(74, 'Test Material 2', 200.00, 'cm', 0.00, NULL, NULL, 15, NULL, NULL, NULL, NULL, 'qrcodes/qr_682ae90b1a45a.svg', NULL, '2025-05-19 08:05:03', '2025-05-19 08:17:15', 1, NULL),
(75, 'test fabric', 9.50, 'dm', NULL, NULL, NULL, NULL, NULL, NULL, NULL, NULL, 'qrcodes/qr_682ea3f97fc77.svg', NULL, '2025-05-19 08:26:00', '2025-10-01 02:21:58', 1, NULL),
(76, 'test5464', 34.00, 'cm', 2.00, NULL, NULL, 15, NULL, 8, NULL, 'inventory_images/idcPPU5ycCONrc3Mu4UR8twxke4vqPBnmG7o2YOP.jpg', 'qrcodes/qr_683d62b02b63c.svg', NULL, '2025-05-19 09:08:14', '2025-06-02 08:37:04', 9, NULL),
(77, 'dfbdfb', 45.00, 'cm', 0.00, NULL, NULL, NULL, NULL, NULL, NULL, NULL, 'qrcodes/qr_682fdd25f04f1.svg', NULL, '2025-05-19 09:26:40', '2025-05-23 02:27:50', 9, NULL),
(83, 'sdcfswd', 23.00, 'cm', NULL, NULL, NULL, NULL, NULL, NULL, NULL, NULL, 'qrcodes/qr_682bfbd413f63.svg', NULL, '2025-05-20 03:49:40', '2025-05-27 07:09:46', 9, NULL),
(84, 'ascasc', 22.00, 'dm', 200000.00, NULL, NULL, 15, NULL, 7, NULL, NULL, 'qrcodes/qr_68303ebaab0ed.svg', NULL, '2025-05-20 04:00:16', '2025-08-15 08:26:20', 9, NULL),
(85, 'rgbrt', 413.70, 'cm', 40000.00, NULL, NULL, 15, NULL, 8, NULL, 'inventory_images/8fcTzosKxgqt1R1Sz896hrm1rRYUFYXf4EXK3TWt.jpg', 'qrcodes/qr_68303e77874f6.svg', NULL, '2025-05-20 04:04:32', '2025-07-02 09:30:15', 9, NULL),
(87, 'wefw', 34.78, 'cm', 45.04, NULL, NULL, 15, NULL, 10, NULL, NULL, 'qrcodes/qr_68303f7381817.svg', NULL, '2025-05-23 09:26:45', '2025-05-23 09:27:15', 14, NULL),
(88, 'testrrr', 2.00, 'cm', 23.00, NULL, NULL, NULL, 1, 7, NULL, NULL, 'qrcodes/qr_684107b8625ec.svg', NULL, '2025-06-02 08:52:56', '2025-06-05 02:58:00', 9, NULL),
(89, 'Lem biru', 32.00, 'Kantong', 3000.00, NULL, NULL, 15, NULL, NULL, NULL, NULL, 'qrcodes/qr_683fe8e94131c.svg', NULL, '2025-06-04 06:34:17', '2025-06-04 06:38:41', 16, NULL),
(90, 'Foam Biru', 41.00, 'm', 200.00, NULL, NULL, 15, 2, 7, NULL, 'inventory_images/Hf4gF0hYycJNIe5WfJZ1uEEwo35u5OUtxoZM4WDu.jpg', 'qrcodes/qr_68410701eee7f.svg', NULL, '2025-06-04 09:13:36', '2025-08-15 08:11:35', 9, NULL),
(91, 'ssr', 29.00, 'joule', 2.00, NULL, NULL, 1, 3, 11, NULL, NULL, NULL, NULL, '2025-06-07 04:43:37', '2025-07-03 04:24:28', NULL, NULL),
(93, 'ssr6', 31.00, 'joule', 4.00, NULL, NULL, 1, 3, 12, NULL, NULL, NULL, NULL, '2025-06-07 04:43:37', '2025-07-03 04:37:57', NULL, NULL),
(94, 'ssr7', 32.00, 'joule', 5.00, NULL, NULL, 1, 3, 13, NULL, NULL, NULL, NULL, '2025-06-07 04:43:37', '2025-07-03 04:37:57', NULL, NULL),
(99, 'bbooy3', 26.30, 'joule', 4.00, NULL, NULL, 1, 3, 12, NULL, NULL, 'qrcodes/qr_6843c477cbed9.svg', NULL, '2025-06-07 04:47:51', '2025-10-09 07:29:13', NULL, NULL),
(103, 'Tali200mm8', 23.00, 'km', 35566.00, NULL, NULL, 2, NULL, NULL, NULL, NULL, NULL, NULL, '2025-06-07 05:22:30', '2025-06-07 05:22:30', NULL, NULL),
(104, 'Tali200mm88', 23.00, 'km', 35566.00, NULL, NULL, 2, NULL, NULL, NULL, NULL, NULL, NULL, '2025-06-07 05:28:50', '2025-06-07 05:28:50', NULL, NULL),
(105, 'Tali200mm66', 0.00, 'km', 2233.00, NULL, NULL, 2, NULL, NULL, NULL, NULL, NULL, NULL, '2025-06-07 05:35:58', '2025-06-07 05:35:58', NULL, NULL),
(106, 'Tali200mmbb', 0.00, '-', 0.00, NULL, NULL, NULL, NULL, NULL, NULL, NULL, NULL, NULL, '2025-06-07 05:48:09', '2025-06-07 05:48:09', NULL, NULL),
(107, 'Tali200cv', 2.50, 'gh', 0.00, NULL, NULL, NULL, NULL, NULL, NULL, 'inventory_images/wdiZLbHTdZNqr5rk3ctD6P64ikDVu8KMBx3pfHXS.jpg', 'qrcodes/qr_684ce1d86faeb.svg', NULL, '2025-06-07 05:50:39', '2025-06-14 02:43:37', 20, NULL),
(108, 'Tali200cv1', 11.57, 'gh', 0.00, NULL, NULL, 6, NULL, NULL, NULL, NULL, NULL, NULL, '2025-06-07 05:55:42', '2025-06-07 05:55:42', NULL, NULL),
(109, 'lvimagination1', 1.40, '-', 134.60, NULL, NULL, 2, 4, 14, NULL, NULL, 'qrcodes/qr_6843d669c2fc8.svg', NULL, '2025-06-07 06:03:47', '2025-06-07 06:04:25', 9, NULL),
(110, 'lvimagination2', 1.50, 'kl', 134.70, NULL, NULL, NULL, 4, 14, NULL, NULL, NULL, NULL, '2025-06-07 06:05:37', '2025-06-07 06:05:37', NULL, NULL),
(111, 'lvimagination3', 2.50, 'kl', 135.70, NULL, NULL, NULL, 4, 7, NULL, NULL, 'qrcodes/qr_6843d916aae22.svg', NULL, '2025-06-07 06:15:50', '2025-06-07 06:15:50', NULL, NULL),
(112, 'lvimagination4', 3.50, 'kl', 136.70, NULL, NULL, NULL, 4, 6, NULL, NULL, 'qrcodes/qr_6843d916b4d5a.svg', NULL, '2025-06-07 06:15:50', '2025-06-07 06:15:50', NULL, NULL),
(113, 'lvimagination2a', 1.50, 'kl', 134.70, NULL, NULL, NULL, 4, 14, NULL, NULL, 'qrcodes/qr_6843d9897be17.svg', NULL, '2025-06-07 06:17:45', '2025-06-07 06:17:45', NULL, NULL),
(114, 'lvimagination45', 3.50, 'kl', 136.70, NULL, NULL, NULL, 4, 6, NULL, NULL, 'qrcodes/qr_6843d98986668.svg', NULL, '2025-06-07 06:17:45', '2025-06-07 06:17:45', NULL, NULL),
(115, 'ssttyi', 23.00, 'km', 2.00, NULL, NULL, 1, 5, 8, NULL, NULL, 'qrcodes/qr_684652f3b0da9.svg', NULL, '2025-06-09 03:20:19', '2025-07-03 09:51:04', 20, NULL),
(116, 'sstty2', 23.00, 'km', 2.00, NULL, NULL, 1, 5, 8, NULL, 'inventory_images/PlC8t3PyFudBnwzEB5ZjEezxWjA5Y236862iY3Vx.png', 'qrcodes/qr_6848e938b13c1.svg', NULL, '2025-06-09 03:25:50', '2025-06-11 02:26:01', 20, NULL),
(118, 'sstty3', 23.00, 'km ', 2.00, NULL, NULL, 1, 5, 8, NULL, NULL, 'qrcodes/qr_684654814c85e.svg', NULL, '2025-06-09 03:26:57', '2025-06-09 03:26:57', NULL, NULL),
(119, 'Kabel 1', 16.00, 'm', 32.00, NULL, NULL, 27, 6, 8, NULL, 'images/qcZ4QvOAYT6jR42NYeSwbEg0v743FOKOg9FIRHWR.jpg', 'qrcodes/qr_68465ce8af7e6.svg', NULL, '2025-06-09 04:02:48', '2025-06-09 04:05:22', 17, NULL),
(120, 'dfdfv', 2.00, 'cm', 220.00, NULL, NULL, 1, 7, 8, NULL, 'inventory_images/iT55LEivHK5bq7V22s33BHpx6oToHXdwUzlOV1pu.jpg', 'qrcodes/qr_6849459ba1cc8.svg', NULL, '2025-06-09 07:55:49', '2025-06-11 09:00:11', 18, NULL),
(121, 'dfdfv2', 3.00, 'cm', 221.00, NULL, NULL, 1, 7, 14, NULL, NULL, 'qrcodes/qr_6846938603adb.svg', NULL, '2025-06-09 07:55:50', '2025-07-03 08:13:09', 1, '2025-07-03 08:13:09'),
(122, 'dfdfv3', 4.00, 'cm', 222.00, NULL, NULL, 1, 7, 7, NULL, NULL, 'qrcodes/qr_6846938607bbf.svg', NULL, '2025-06-09 07:55:50', '2025-06-09 07:55:50', 18, NULL),
(123, 'cfcfg', 46.00, 'Gulung', 23.00, NULL, NULL, 6, 8, 14, NULL, NULL, 'qrcodes/qr_68469435e8196.svg', NULL, '2025-06-09 07:58:45', '2025-07-03 08:13:40', 19, NULL),
(124, 'cfcf2', 47.00, 'm', 24.00, NULL, NULL, 6, 8, 7, 'ssdd', 'inventory_images/0MeJsnXbAZ7rzDmfJNDgvnKgmleTctwosPynXGQQ.jpg', 'qrcodes/qr_6849406ee4ada.svg', NULL, '2025-06-09 07:59:27', '2025-06-11 08:38:06', 20, NULL),
(125, 'cfcf34', 46.00, 'Gulung', 25.00, NULL, NULL, 6, 8, 6, NULL, 'inventory_images/JbHv7ugrpbUFop5TrxorYXcLtwqjuxS4O0tYx5LD.jpg', 'qrcodes/qr_68493f879368f.svg', NULL, '2025-06-09 07:59:27', '2025-07-07 09:12:07', 19, NULL),
(126, 'testsss34', 177.00, 'cm', 200.00, NULL, NULL, 28, 2, 8, 'test remark', 'inventory_images/baDIlvXcDabdHGkbheNuhBzv41zsvvySjXLJk06P.jpg', 'qrcodes/qr_6849323383ce5.svg', NULL, '2025-06-09 08:47:57', '2025-06-11 07:37:23', 20, NULL),
(138, 'ctrl', 24.00, 'cm', 40000.00, NULL, NULL, 2, 9, 7, 'test', 'inventory_images/3LpsY62nhniCriDpPZ62i3rD2XqZj3BcxpQbqBXG.jpg', 'qrcodes/qr_684d05509cf9a.svg', NULL, '2025-06-10 09:22:30', '2025-07-18 10:01:45', 19, NULL),
(139, 'fftyuiop', 2.00, 'cm', 100.00, NULL, NULL, 28, 10, 8, 'test', NULL, 'qrcodes/qr_684d03472f8a5.svg', NULL, '2025-06-14 05:06:15', '2025-06-14 05:31:36', 19, '2025-06-14 05:31:36'),
(140, 'Fiber Optik', 2.00, 'm', 0.00, NULL, NULL, NULL, NULL, NULL, NULL, NULL, NULL, NULL, '2025-06-14 05:42:58', '2025-08-15 08:11:35', NULL, NULL),
(141, 'Lycra / New Double-Sided Healthy Fabric 079 Blue', 8.00, 'm', 25.00, NULL, NULL, 6, 11, 15, 'Becky Bunny Father', NULL, 'qrcodes/qr_684fcffea71dc.svg', NULL, '2025-06-16 08:04:14', '2025-06-16 08:04:17', 1, NULL),
(142, 'Fur / A material crystal super soft / #114 Brown dark orange', 19.50, 'm', 12.00, NULL, NULL, 6, 12, 15, 'Becky Bunny Mother', NULL, 'qrcodes/qr_684fd001d9c1c.svg', NULL, '2025-06-16 08:04:17', '2025-06-16 08:04:17', 1, NULL),
(143, 'Fur / YII002A Material Crystal Super Soft-223# Peach', 2.00, 'm', 10.00, NULL, NULL, 6, 13, 15, 'Becky Bunny Father', NULL, 'qrcodes/qr_684fd001ddaf8.svg', NULL, '2025-06-16 08:04:17', '2025-06-16 08:04:17', 1, NULL),
(144, 'Fur/ Thickened Crystal Super Soft WL-2022 / #152 Brownn', 18.00, 'm', 20.00, NULL, NULL, 6, 14, 15, 'Becky Bunny Mother', 'inventory_images/2qCbw8WC8i2THoWondkUra1NocimmGgL3KAEyaXY.jpg', 'qrcodes/qr_6852245b0cdb7.svg', NULL, '2025-06-16 08:04:17', '2025-07-04 04:04:07', 1, NULL),
(145, 'KUNMU 8002 #14 Yellow', 164.00, 'm', 14.00, NULL, NULL, 6, 15, 16, 'Leftover FFFA Bear Plush Toys 2022, 23/07/2024 Dolphin 2024 minion land', NULL, 'qrcodes/qr_684fd001e5e97.svg', NULL, '2025-06-16 08:04:17', '2025-06-16 08:04:17', 1, NULL),
(146, 'AT004 Nylon Matte #78# Blue', 162.10, 'm', 20.00, NULL, NULL, 6, 16, 15, 'NDP Soka headgear & Soka legging', NULL, 'qrcodes/qr_684fd001ea27b.svg', NULL, '2025-06-16 08:04:17', '2025-10-13 09:33:10', 1, NULL),
(147, 'Fur / A material crystal 1mm-172-blue', 2.00, 'm', 12.00, NULL, NULL, 6, 12, 15, 'Comic con mascot', NULL, 'qrcodes/qr_684fd001ede31.svg', NULL, '2025-06-16 08:04:17', '2025-06-16 08:04:17', 1, NULL),
(148, 'Fur / S Crystal Ultra Soft / #149 Dark Blue', 2.00, 'm', 20.00, NULL, NULL, 6, 14, 15, 'Comic con mascot', NULL, 'qrcodes/qr_684fd001f1df8.svg', NULL, '2025-06-16 08:04:17', '2025-06-16 08:04:18', 1, NULL),
(149, 'Fur / S Crystal Ultra Soft / #025 skin colour', 1.00, 'm', 20.00, NULL, NULL, 6, 14, 15, 'Comic Con Mascot', NULL, 'qrcodes/qr_684fd00201ed7.svg', NULL, '2025-06-16 08:04:18', '2025-06-16 08:04:18', 1, NULL),
(150, 'testsss334', 5.00, 'cm', 20.00, NULL, NULL, NULL, 10, 8, 'NDP (From Quick Add)', NULL, 'qrcodes/qr_684fe118afe1b.svg', NULL, '2025-06-16 09:06:14', '2025-06-16 09:17:12', 19, NULL),
(151, 'Tapak Kuda', 2.00, 'cm', 210.00, NULL, NULL, 27, 2, 8, 'for NDP Blue', NULL, 'qrcodes/qr_684fdf485d136.svg', NULL, '2025-06-16 09:08:39', '2025-06-16 09:09:28', 20, NULL),
(152, 'Speaker', 3.00, 'Pasang', 2.00, NULL, NULL, NULL, 17, NULL, 'For Server (From Quick Add)', 'inventory_images/qz5fT960Nezf9J4dg14QsCGUMgi0ncAWeZ8IWTRm.jpg', 'qrcodes/qr_684fe1b18e6d8.svg', NULL, '2025-06-16 09:19:10', '2025-06-16 09:19:45', 20, NULL),
(153, 'Tisu', 23.00, 'pack', NULL, NULL, NULL, NULL, 18, 6, 'tisu', 'inventory_images/vRzP0GEUxsk6iSP8hsm6qFplxjIN76OOAdqT5rmB.jpg', 'qrcodes/qr_68510686c7905.svg', NULL, '2025-06-17 06:09:10', '2025-07-03 03:51:10', 22, NULL),
(154, 'Battery', 997.03, 'final test unit', 200000.00, NULL, NULL, 2, 10, 8, 'ssdd', 'inventory_images/4sRttkFyr9BafkNiJW32vvJDaUJY2Bgghx2luQEb.jpg', 'qrcodes/qr_68522535ab3bb.svg', NULL, '2025-06-18 02:32:21', '2025-10-13 09:35:59', 13, NULL),
(155, 'UPS 9Ah', 5.00, 'pcs', 200000.00, NULL, NULL, 2, 19, 8, '222334', 'inventory_images/duYfpBpwsFDWnPvM5BykaCtBDz34RxrwmelRrn46.jpg', NULL, NULL, '2025-06-18 02:36:13', '2025-06-18 02:36:13', 23, NULL),
(156, 'Botol Aki', 1000.00, 'dm', 4500.00, NULL, NULL, 2, 10, 8, 'sdcvsd', 'inventory_images/LER2Z8Ox1xZZNaG1Qt5WCLRI7pPdXOCLvxRWNm2I.jpg', NULL, NULL, '2025-06-18 06:50:59', '2025-10-13 09:24:53', 19, NULL),
(157, 'jhmyh', 3.50, 'final test unit', 44.00, NULL, NULL, 28, 20, 17, '4532', 'inventory_images/9nhHV6Dm1sSr2Ax1r8zll2Z5dszd8B1smhVA44PL.jpg', NULL, NULL, '2025-06-18 10:05:39', '2025-06-25 02:11:07', 20, NULL),
(158, 'testsss23', 1.00, 'cm', 22.00, NULL, NULL, 2, 21, 8, 'sdcsd', 'inventory_images/a7Y129hibbkIIxwOR6qZI5Alg0M4IfXkrcg8Rnax.jpg', NULL, NULL, '2025-06-30 04:08:20', '2025-06-30 04:08:20', 20, NULL),
(159, 'fftyy', 45.00, 'cm', 0.00, NULL, NULL, NULL, NULL, NULL, NULL, NULL, NULL, NULL, '2025-07-02 10:04:37', '2025-07-03 01:57:10', 19, NULL),
(160, 'gn fg', 565.00, 'cm', 0.00, NULL, NULL, NULL, NULL, NULL, '(From Quick Add)', NULL, NULL, NULL, '2025-07-03 01:57:59', '2025-07-03 01:57:59', NULL, NULL),
(162, 'vssdv', 345.00, 'm', 0.00, NULL, NULL, NULL, NULL, NULL, NULL, NULL, NULL, NULL, '2025-07-03 02:03:59', '2025-07-03 02:04:55', 20, NULL),
(163, 'pena', 2001.00, 'pcs', 0.00, NULL, NULL, NULL, NULL, NULL, 'untuk nulis (From Quick Add)', NULL, NULL, NULL, '2025-07-03 02:16:26', '2025-07-03 02:18:41', 14, NULL),
(164, 'Pena Oren', 123.00, 'pcs', 0.00, NULL, NULL, NULL, NULL, NULL, 'untuk', NULL, NULL, NULL, '2025-07-03 02:19:43', '2025-07-03 02:20:26', 20, NULL),
(166, 'USDrrr', 1.00, 'cm', 200000.00, NULL, NULL, 2, NULL, NULL, NULL, NULL, NULL, NULL, '2025-07-03 08:13:31', '2025-07-03 08:13:31', 19, NULL),
(167, 'gelas', 2.00, 'Lembar', 40000.00, NULL, NULL, 2, 10, 8, 'test', 'inventory_images/p3mrT9cuQ3aYmDtmdtW5DnF1fUfwNIjdN7rheXkA.jpg', NULL, NULL, '2025-07-03 09:49:47', '2025-07-03 09:49:47', 24, NULL),
(168, 'Large Bucket uio', 0.00, 'Lembar', 200000.00, NULL, NULL, 27, 10, 8, NULL, NULL, NULL, NULL, '2025-07-03 09:51:53', '2025-10-01 02:21:58', 14, NULL),
(169, 'Kabel kaka', 1.00, 'm', 200000.00, NULL, NULL, 2, 10, 8, NULL, NULL, NULL, NULL, '2025-07-03 09:55:02', '2025-07-03 09:55:02', 9, NULL),
(170, 'oytjerv', 26.00, 'cm', 564.00, NULL, NULL, 6, 22, 18, 'test available data', NULL, NULL, NULL, '2025-07-04 02:54:30', '2025-07-04 02:54:30', 1, NULL),
(171, 'hhjkb', 21.00, 'pop', 2342.00, NULL, NULL, 1, 22, 19, 'test no available data', NULL, NULL, NULL, '2025-07-04 02:55:26', '2025-07-04 02:55:26', 27, NULL),
(172, 'mmiioo', 25.00, 'cm', 564.00, NULL, NULL, 6, 22, 18, 'test available data', NULL, NULL, NULL, '2025-07-04 02:55:26', '2025-07-04 03:38:37', 1, NULL),
(173, 'sdcsd', 34.00, 'cm', NULL, NULL, NULL, NULL, NULL, NULL, NULL, NULL, NULL, NULL, '2025-07-04 09:36:17', '2025-07-04 09:37:06', 19, NULL),
(174, 'testsssssdt', 2.00, 'cm', 0.00, NULL, NULL, NULL, NULL, NULL, '<span style=\"color: orange;\">(From Quick Add)</span>', NULL, NULL, NULL, '2025-07-05 05:13:15', '2025-07-05 05:13:15', NULL, NULL),
(175, 'jikoni', 1.00, 'cm', 0.00, NULL, NULL, NULL, NULL, NULL, '<span style=\"color: orange;\">(From Quick Add)</span>', NULL, NULL, NULL, '2025-07-05 05:54:07', '2025-07-05 05:54:07', NULL, NULL),
(176, 'hyupo', 23.00, 'kilo', 0.00, NULL, NULL, NULL, NULL, NULL, '<span style=\"color: orange;\">(From Quick Add)</span>', NULL, NULL, NULL, '2025-07-05 05:56:28', '2025-07-05 05:56:28', NULL, NULL),
(177, 'cdmyu', 122.00, 'dm', 0.00, NULL, NULL, NULL, NULL, NULL, '<span style=\"color: orange;\">(From Quick Add)</span>', NULL, NULL, NULL, '2025-07-05 06:01:39', '2025-08-15 08:11:35', NULL, NULL),
(178, 'test', 1.00, 'cm', 0.00, NULL, NULL, NULL, NULL, NULL, '<span style=\"color: orange;\">(From Quick Add)</span>', NULL, NULL, NULL, '2025-07-07 04:00:36', '2025-07-07 04:00:36', NULL, NULL),
(179, 'fftyu', 1.00, 'cm', 0.00, NULL, NULL, NULL, NULL, NULL, 'cd <span style=\"color: orange;\">(From Quick Add)</span>', NULL, NULL, NULL, '2025-07-07 04:10:52', '2025-07-07 04:10:52', NULL, NULL),
(180, 'oli castrol', 52.52, 'drum', 250000.00, NULL, NULL, 2, 23, 20, 'etst', 'inventory_images/NVftLNGwiPdWvIShNhgyrGIaCQxwfyddyYNt64UV.jpg', NULL, NULL, '2025-07-07 04:11:49', '2025-10-09 07:04:21', 24, NULL),
(181, 'Button 1', 0.00, 'cm', NULL, NULL, NULL, NULL, NULL, NULL, NULL, NULL, NULL, NULL, '2025-07-07 04:35:50', '2025-10-01 02:21:58', 20, NULL),
(182, 'Zipper 2', 1.00, 'cm', NULL, NULL, NULL, NULL, NULL, NULL, NULL, NULL, NULL, NULL, '2025-07-07 04:41:45', '2025-07-07 06:11:04', 20, '2025-07-07 06:11:04'),
(183, 'Zipper 2', 1.00, 'cm', NULL, NULL, NULL, NULL, NULL, NULL, NULL, NULL, NULL, NULL, '2025-07-07 06:11:22', '2025-07-07 06:11:22', 20, NULL),
(184, 'ban karet', 999.00, 'cm', 1.00, NULL, NULL, 42, 24, 21, NULL, NULL, NULL, NULL, '2025-07-08 07:03:23', '2025-10-13 09:45:24', 19, NULL),
(185, 'Kunci', 25.00, 'ddty', NULL, NULL, NULL, NULL, NULL, NULL, NULL, NULL, NULL, NULL, '2025-07-08 08:25:28', '2025-07-08 08:51:13', 19, NULL),
(186, 'Kancing Biru', 27.00, 'pcs', NULL, NULL, NULL, NULL, NULL, NULL, NULL, NULL, NULL, NULL, '2025-07-08 08:52:21', '2025-07-08 09:38:21', 9, NULL),
(187, 'Cat Tosca', 67.00, 'Kaleng', 90000.00, NULL, NULL, 2, 25, 20, NULL, NULL, NULL, NULL, '2025-07-09 07:06:02', '2025-10-13 09:21:13', 29, NULL),
(188, 'cat kotak', 0.10, 'ascas', 0.00, NULL, NULL, NULL, NULL, NULL, 'ffff (From Quick Add)', NULL, NULL, NULL, '2025-07-09 09:15:37', '2025-07-22 03:50:48', 20, NULL),
(189, 'ssd', 2323.00, 'sd', 0.00, NULL, NULL, NULL, NULL, NULL, '<span style=\"color: orange;\">(From Quick Add)</span>', NULL, NULL, NULL, '2025-07-11 01:43:22', '2025-07-11 01:43:22', NULL, NULL),
(190, 'xc x', 2.00, 'ascas', 0.00, NULL, NULL, NULL, NULL, NULL, 'asc <span style=\"color: orange;\">(From Quick Add)</span>', NULL, NULL, NULL, '2025-07-11 01:43:45', '2025-07-11 01:43:45', NULL, NULL),
(191, 'sd', 34.00, 'df', 0.00, NULL, NULL, NULL, NULL, NULL, 'dff <span style=\"color: orange;\">(From Quick Add)</span>', NULL, NULL, NULL, '2025-07-11 01:43:55', '2025-07-11 01:43:55', NULL, NULL),
(192, 'abata', 39.00, 'cm', 0.00, NULL, NULL, NULL, NULL, NULL, '<span style=\"color: orange;\">(From Quick Add)</span>', NULL, NULL, NULL, '2025-07-11 02:05:53', '2025-10-13 09:22:27', NULL, NULL),
(193, 'cdmog', 29.00, 'cm', 0.00, NULL, NULL, NULL, NULL, NULL, 'asas <span style=\"color: orange;\">(From Quick Add)</span>', NULL, NULL, NULL, '2025-07-11 02:06:37', '2025-07-11 02:06:37', NULL, NULL),
(194, 'Furing C123', 122.00, 'cm', 0.00, NULL, NULL, NULL, NULL, NULL, 'test <span style=\"color: orange;\">(From Quick Add)</span>', NULL, NULL, NULL, '2025-07-11 02:24:58', '2025-07-17 08:51:45', NULL, NULL),
(195, 'Furing B123', 123.00, 'cm', 0.00, NULL, NULL, NULL, NULL, NULL, 'testinggg (From Quick Add)', 'inventory_images/xMmTEVzDil1D3yn0OGcHwlDStI3qUaTDe8nAYBic.jpg', NULL, NULL, '2025-07-11 02:25:49', '2025-07-11 03:37:32', 20, NULL),
(196, 'gtwgw', 34.00, 'cm', 0.00, NULL, NULL, NULL, NULL, NULL, 'asas <span style=\"color: orange;\">(From Quick Add)</span>', NULL, NULL, NULL, '2025-07-17 06:17:09', '2025-07-17 06:17:09', NULL, NULL),
(197, 'testfab', 2.00, 'cm', 0.00, NULL, NULL, NULL, NULL, NULL, 'acas <span style=\"color: orange;\">(From Quick Add)</span>', NULL, NULL, NULL, '2025-07-17 06:17:46', '2025-07-17 06:17:46', NULL, NULL),
(198, 'asdasw', 209.00, 'ascas', NULL, NULL, NULL, NULL, NULL, NULL, NULL, NULL, NULL, NULL, '2025-07-18 09:18:08', '2025-08-15 08:11:35', 20, NULL),
(199, 'asdaswsdcvsd', 212.00, 'ascas', NULL, NULL, NULL, NULL, NULL, NULL, NULL, NULL, NULL, NULL, '2025-07-18 09:18:15', '2025-07-18 09:18:15', 20, NULL),
(200, 'qdqw', 21200.00, 'oke', 123.00, NULL, NULL, 60, NULL, NULL, NULL, NULL, NULL, NULL, '2025-07-19 02:26:59', '2025-07-19 02:34:25', 32, NULL),
(201, 'Qucking', 0.00, 'pcs', 0.00, NULL, NULL, 1, 26, 22, 'Delivered', NULL, NULL, NULL, '2025-07-19 02:42:12', '2025-07-19 02:43:18', 39, '2025-07-19 02:43:18'),
(202, 'Project 2', 0.00, '(no unit)', 0.00, NULL, NULL, 1, 26, 23, 'Delivered', NULL, NULL, NULL, '2025-07-19 02:42:12', '2025-07-19 02:43:14', 41, '2025-07-19 02:43:14'),
(203, 'Bobo', 0.00, 'dm', 0.00, NULL, NULL, 1, 26, 24, 'Delivered', NULL, NULL, NULL, '2025-07-19 02:42:13', '2025-07-19 02:43:31', 45, '2025-07-19 02:43:31'),
(204, 'Costume 1', 0.00, 'dm', 0.00, NULL, NULL, 1, 26, 25, 'Delivered', NULL, NULL, NULL, '2025-07-19 02:42:13', '2025-07-19 02:43:34', 43, '2025-07-19 02:43:34'),
(205, 'Costume 2', 0.00, 'pack', 0.00, NULL, NULL, 1, 26, 26, 'Delivered', NULL, NULL, NULL, '2025-07-19 02:42:13', '2025-07-19 02:43:37', 50, '2025-07-19 02:43:37'),
(206, 'Mascot 2', 0.00, 'mm', 0.00, NULL, NULL, 1, 27, 27, 'Delivered', NULL, NULL, NULL, '2025-07-19 02:42:13', '2025-07-19 02:43:41', 53, '2025-07-19 02:43:41'),
(207, 'Server', 0.00, 'm', 0.00, NULL, NULL, 1, 28, 28, 'Delivered', NULL, NULL, NULL, '2025-07-19 02:42:13', '2025-07-19 02:43:44', 55, '2025-07-19 02:43:44'),
(208, 'Joni', 0.00, 'pack', 0.00, NULL, NULL, 1, 28, 29, 'Delivered', NULL, NULL, NULL, '2025-07-19 02:42:13', '2025-07-19 02:43:47', 58, '2025-07-19 02:43:47'),
(209, 'Wifi', 5.00, 'm', 5.00, NULL, NULL, 1, 28, 30, 'Delivered', NULL, NULL, NULL, '2025-07-19 02:42:13', '2025-07-19 02:43:50', 57, '2025-07-19 02:43:50'),
(210, 'buaya', 1.00, 'kg', 1.00, NULL, NULL, 1, 28, 31, 'Delivered', NULL, NULL, NULL, '2025-07-19 02:42:13', '2025-07-19 02:43:54', 33, '2025-07-19 02:43:54'),
(211, 'Costume 3', 1.00, 'm', 1.00, NULL, NULL, 1, 28, 32, 'Delivered', NULL, NULL, NULL, '2025-07-19 02:42:13', '2025-07-19 02:43:57', 57, '2025-07-19 02:43:57'),
(212, 'Pillow Mascottt', 1.00, 'm', 1.00, NULL, NULL, 1, 28, 33, 'Delivered', NULL, NULL, NULL, '2025-07-19 02:42:13', '2025-07-19 02:44:00', 56, '2025-07-19 02:44:00'),
(213, 'test1ggh', 1.00, 'Gulung', 1.00, NULL, NULL, 1, 28, 34, 'Delivered', NULL, NULL, NULL, '2025-07-19 02:42:13', '2025-07-19 02:43:26', 71, '2025-07-19 02:43:26'),
(214, 'Ninja RR', 5.00, 'Kaleng', 5.00, NULL, NULL, 1, 28, 35, 'Delivered', NULL, NULL, NULL, '2025-07-19 02:42:13', '2025-07-19 02:43:22', 74, '2025-07-19 02:43:22'),
(215, 'aderai', 16.10, 'cm', 0.00, NULL, NULL, NULL, NULL, NULL, 'dd <span style=\"color: orange;\">(From Quick Add)</span>', NULL, NULL, NULL, '2025-07-19 02:50:04', '2025-10-13 09:21:40', NULL, NULL),
(216, 'aaaaaabbbbbbcccc', 11.00, 'cm', 12.00, NULL, NULL, 15, 10, 20, 'ascas', 'inventory_images/UbArx5iq0cGzZz8rx6Pz95tTRRy4DWiOyxvXBrPJ.jpg', NULL, NULL, '2025-08-11 07:35:35', '2025-09-30 09:24:06', 45, NULL),
(217, 'update at', 12.00, '16', 12.00, NULL, NULL, 39, 26, 20, 'sdcfswac', NULL, NULL, NULL, '2025-08-15 09:26:49', '2025-08-15 09:26:49', 45, NULL),
(218, 'Tisu nex', 1.00, '16', 122.00, NULL, NULL, 42, 26, 21, 'sdsa', 'inventory_images/1RKXjFBXKpFgLPLxXKzLa1QYguxRP90ahS03CJoF.jpg', NULL, NULL, '2025-09-24 07:57:19', '2025-09-24 07:57:19', 31, NULL),
(219, 'benang tiger2', 2.00, 'cm', 0.00, NULL, NULL, NULL, NULL, NULL, '<span style=\"color: orange;\">(From Quick Add)</span>', NULL, NULL, NULL, '2025-10-09 07:28:38', '2025-10-09 07:28:38', NULL, NULL),
(220, 'e6tst030', 2.00, 'cm', 0.00, NULL, NULL, NULL, NULL, NULL, '<span style=\"color: orange;\">(From Quick Add)</span>', NULL, NULL, NULL, '2025-10-09 07:31:36', '2025-10-09 07:31:36', NULL, NULL),
(221, 'benang tiger23', 0.00, 'cm', 12.00, 23.00, 12.00, 42, 16, 19, 'asda', NULL, NULL, NULL, '2025-10-13 07:10:34', '2025-10-14 04:16:28', 45, NULL),
(222, 'testImport1', 12.00, 'cm', 12.00, NULL, NULL, 1, NULL, 37, 'Test Import', NULL, NULL, NULL, '2025-10-13 07:29:04', '2025-10-13 07:50:27', 1, '2025-10-13 07:50:27'),
(223, 'testImport2', 13.00, 'cm', 13.00, NULL, NULL, 1, NULL, 38, 'Test Import', NULL, NULL, NULL, '2025-10-13 07:29:04', '2025-10-13 07:50:45', 1, '2025-10-13 07:50:45'),
(224, 'testImport3', 14.00, 'cm', 14.00, NULL, NULL, 1, NULL, 39, 'Test Import', NULL, NULL, NULL, '2025-10-13 07:29:04', '2025-10-13 08:05:36', 1, '2025-10-13 08:05:36'),
(225, 'testImport4', 15.00, 'cm', 15.00, NULL, NULL, 1, NULL, 40, 'Test Import', NULL, NULL, NULL, '2025-10-13 07:29:04', '2025-10-13 08:07:32', 1, '2025-10-13 08:07:32'),
(226, 'testImport1', 12.00, 'cm', 12.00, NULL, NULL, 1, NULL, 37, 'Test Import', NULL, NULL, NULL, '2025-10-13 08:08:10', '2025-10-13 08:23:20', 1, '2025-10-13 08:23:20'),
(227, 'testImport2', 13.00, 'cm', 13.00, NULL, NULL, 1, NULL, 38, 'Test Import', NULL, NULL, NULL, '2025-10-13 08:08:10', '2025-10-13 08:23:10', 1, NULL),
(228, 'testImport3', 14.00, 'cm', 14.00, NULL, NULL, 1, NULL, 39, 'Test Import', NULL, NULL, NULL, '2025-10-13 08:08:10', '2025-10-13 08:23:10', 1, NULL),
(229, 'testImport4', 15.00, 'cm', 15.00, NULL, NULL, 1, NULL, 40, 'Test Import', NULL, NULL, NULL, '2025-10-13 08:08:10', '2025-10-13 08:23:10', 1, NULL),
(230, 'test role123', 1.00, 'm', 0.00, NULL, NULL, NULL, NULL, NULL, 'etst <span style=\"color: orange;\">(From Quick Add)</span>', NULL, NULL, NULL, '2025-10-17 04:23:08', '2025-10-17 04:23:08', NULL, NULL),
(231, 'test ooiiumbg;', 1.00, 'cm', 0.00, NULL, NULL, NULL, NULL, NULL, 'etst <span style=\"color: orange;\">(From Quick Add)</span>', NULL, NULL, NULL, '2025-10-17 04:24:20', '2025-10-17 04:24:20', NULL, NULL);

-- --------------------------------------------------------

--
-- Table structure for table `inventory_transactions`
--

CREATE TABLE `inventory_transactions` (
  `id` bigint UNSIGNED NOT NULL,
  `created_at` timestamp NULL DEFAULT NULL,
  `updated_at` timestamp NULL DEFAULT NULL
) ENGINE=InnoDB DEFAULT CHARSET=utf8mb4 COLLATE=utf8mb4_unicode_ci;

-- --------------------------------------------------------

--
-- Table structure for table `leave_requests`
--

CREATE TABLE `leave_requests` (
  `id` bigint UNSIGNED NOT NULL,
  `employee_id` bigint UNSIGNED NOT NULL,
  `start_date` date NOT NULL,
  `end_date` date NOT NULL,
  `duration` decimal(5,2) NOT NULL DEFAULT '1.00',
  `type` enum('ANNUAL','MATERNITY','WEDDING','SONWED','BIRTHCHILD','UNPAID','DEATH','DEATH_2','BAPTISM') COLLATE utf8mb4_unicode_ci NOT NULL DEFAULT 'ANNUAL',
  `reason` text CHARACTER SET utf8mb4 COLLATE utf8mb4_unicode_ci,
  `approval_1` enum('pending','approved','rejected') CHARACTER SET utf8mb4 COLLATE utf8mb4_unicode_ci NOT NULL DEFAULT 'pending',
  `approval_2` enum('pending','approved','rejected') CHARACTER SET utf8mb4 COLLATE utf8mb4_unicode_ci NOT NULL DEFAULT 'pending',
  `created_at` timestamp NULL DEFAULT NULL,
  `updated_at` timestamp NULL DEFAULT NULL
) ENGINE=InnoDB DEFAULT CHARSET=utf8mb4 COLLATE=utf8mb4_unicode_ci;

--
-- Dumping data for table `leave_requests`
--

INSERT INTO `leave_requests` (`id`, `employee_id`, `start_date`, `end_date`, `duration`, `type`, `reason`, `approval_1`, `approval_2`, `created_at`, `updated_at`) VALUES
(4, 15, '2025-10-18', '2025-10-21', 3.00, 'ANNUAL', 'test', 'approved', 'approved', '2025-10-18 05:36:25', '2025-10-18 05:36:32'),
(5, 2, '2025-10-20', '2025-10-21', 1.00, 'ANNUAL', 'test', 'approved', 'approved', '2025-10-20 01:35:43', '2025-10-20 01:35:59'),
(6, 5, '2025-10-21', '2025-10-22', 1.00, 'ANNUAL', NULL, 'approved', 'approved', '2025-10-20 02:04:57', '2025-10-20 02:05:12'),
(7, 2, '2025-10-20', '2025-10-21', 1.00, 'ANNUAL', 'test', 'approved', 'approved', '2025-10-20 02:39:52', '2025-10-20 03:09:55'),
(8, 15, '2025-10-20', '2025-10-21', 1.00, 'DEATH', NULL, 'pending', 'pending', '2025-10-20 02:41:09', '2025-10-20 02:41:09'),
(9, 2, '2025-10-20', '2025-10-20', 0.50, 'ANNUAL', 'test2', 'approved', 'approved', '2025-10-20 03:10:41', '2025-10-20 03:19:58'),
(10, 2, '2025-10-20', '2025-10-20', 0.50, 'ANNUAL', 'test saldo', 'approved', 'approved', '2025-10-20 03:22:47', '2025-10-20 03:22:58'),
(12, 15, '2025-10-22', '2025-10-22', 1.00, 'ANNUAL', '1', 'pending', 'pending', '2025-10-20 04:19:30', '2025-10-20 04:19:30');

-- --------------------------------------------------------

--
-- Table structure for table `locations`
--

CREATE TABLE `locations` (
  `id` bigint UNSIGNED NOT NULL,
  `name` varchar(255) CHARACTER SET utf8mb4 COLLATE utf8mb4_unicode_ci NOT NULL,
  `created_at` timestamp NULL DEFAULT NULL,
  `updated_at` timestamp NULL DEFAULT NULL
) ENGINE=InnoDB DEFAULT CHARSET=utf8mb4 COLLATE=utf8mb4_unicode_ci;

--
-- Dumping data for table `locations`
--

INSERT INTO `locations` (`id`, `name`, `created_at`, `updated_at`) VALUES
(1, 'Rack 3 Batam', NULL, NULL),
(2, 'Singapore', NULL, NULL),
(3, 'Batam', NULL, NULL),
(4, 'Rack 5', NULL, NULL),
(5, 'Batam 2', NULL, NULL),
(6, 'Rack 4', NULL, NULL),
(7, 'rack 3', NULL, NULL),
(8, 'rack 1', NULL, NULL),
(9, 'Rack 6', NULL, NULL),
(10, '2', NULL, NULL),
(11, 'Rack1', NULL, NULL),
(12, 'Rack3', NULL, NULL),
(13, 'Rack4', NULL, NULL),
(14, 'rack 2', NULL, NULL),
(15, '-', NULL, NULL),
(16, 'B1-4', NULL, NULL),
(17, 'dfvdf', NULL, NULL),
(18, 'Rack 24', NULL, NULL),
(19, 'Rack 23', NULL, NULL),
(20, 'A-2', NULL, NULL),
(21, 'aa', NULL, NULL),
(36, 'Batam 2556', '2025-07-25 02:45:17', '2025-07-25 02:45:17'),
(37, 'B-1', '2025-10-13 07:29:04', '2025-10-13 07:29:04'),
(38, 'B-2', '2025-10-13 07:29:04', '2025-10-13 07:29:04'),
(39, 'B-3', '2025-10-13 07:29:04', '2025-10-13 07:29:04'),
(40, 'B-4', '2025-10-13 07:29:04', '2025-10-13 07:29:04');

-- --------------------------------------------------------

--
-- Table structure for table `material_plannings`
--

CREATE TABLE `material_plannings` (
  `id` bigint UNSIGNED NOT NULL,
  `project_id` bigint UNSIGNED NOT NULL,
  `order_type` enum('material_req','purchase_req') COLLATE utf8mb4_unicode_ci NOT NULL,
  `material_name` varchar(255) COLLATE utf8mb4_unicode_ci NOT NULL,
  `qty_needed` decimal(10,2) NOT NULL,
  `unit_id` bigint UNSIGNED NOT NULL,
  `eta_date` date NOT NULL,
  `requested_by` bigint UNSIGNED NOT NULL,
  `created_at` timestamp NULL DEFAULT NULL,
  `updated_at` timestamp NULL DEFAULT NULL
) ENGINE=InnoDB DEFAULT CHARSET=utf8mb4 COLLATE=utf8mb4_unicode_ci;

--
-- Dumping data for table `material_plannings`
--

INSERT INTO `material_plannings` (`id`, `project_id`, `order_type`, `material_name`, `qty_needed`, `unit_id`, `eta_date`, `requested_by`, `created_at`, `updated_at`) VALUES
(1, 43, 'purchase_req', 'test matttteeriaal', 21.00, 36, '2025-10-16', 1, '2025-10-15 09:49:45', '2025-10-15 09:49:45'),
(2, 43, 'material_req', 'aderai', 2.00, 13, '2025-10-18', 1, '2025-10-15 09:49:45', '2025-10-15 09:49:45');

-- --------------------------------------------------------

--
-- Table structure for table `material_requests`
--

CREATE TABLE `material_requests` (
  `id` bigint UNSIGNED NOT NULL,
  `inventory_id` bigint UNSIGNED NOT NULL,
  `project_id` bigint UNSIGNED NOT NULL,
  `qty` decimal(10,2) NOT NULL,
  `processed_qty` decimal(10,2) NOT NULL DEFAULT '0.00',
  `requested_by` varchar(255) CHARACTER SET utf8mb4 COLLATE utf8mb4_unicode_ci NOT NULL,
  `remark` text CHARACTER SET utf8mb4 COLLATE utf8mb4_unicode_ci,
  `status` enum('pending','approved','delivered','canceled') CHARACTER SET utf8mb4 COLLATE utf8mb4_unicode_ci NOT NULL DEFAULT 'pending',
  `approved_at` timestamp NULL DEFAULT NULL,
  `created_at` timestamp NULL DEFAULT NULL,
  `updated_at` timestamp NULL DEFAULT NULL,
  `deleted_at` timestamp NULL DEFAULT NULL
) ENGINE=InnoDB DEFAULT CHARSET=utf8mb4 COLLATE=utf8mb4_unicode_ci;

--
-- Dumping data for table `material_requests`
--

INSERT INTO `material_requests` (`id`, `inventory_id`, `project_id`, `qty`, `processed_qty`, `requested_by`, `remark`, `status`, `approved_at`, `created_at`, `updated_at`, `deleted_at`) VALUES
(29, 69, 14, 1.00, 0.00, 'admin', 'testttt', 'approved', NULL, '2025-05-19 07:49:10', '2025-05-19 08:06:38', NULL),
(31, 65, 21, 3.00, 0.00, 'admin', 'testtting', 'pending', NULL, '2025-05-19 07:49:10', '2025-05-19 07:49:10', NULL),
(32, 63, 24, 5.00, 0.00, 'admin', 'testingg4', 'delivered', NULL, '2025-05-19 07:49:10', '2025-07-02 08:56:57', NULL),
(33, 71, 25, 1.00, 0.00, 'admin', 'testing5', 'pending', NULL, '2025-05-19 07:51:33', '2025-05-19 07:51:33', NULL),
(34, 69, 15, 2.00, 0.00, 'admin', NULL, 'approved', NULL, '2025-05-19 07:51:33', '2025-05-19 08:06:40', NULL),
(35, 70, 23, 1.00, 0.00, 'admin', NULL, 'pending', NULL, '2025-05-19 07:51:33', '2025-05-19 07:51:33', NULL),
(36, 68, 19, 0.20, 0.00, 'admin', NULL, 'pending', NULL, '2025-05-19 07:51:33', '2025-05-19 07:51:33', NULL),
(37, 72, 26, 0.00, 0.00, 'admin', NULL, 'delivered', NULL, '2025-05-19 07:52:58', '2025-05-19 08:30:59', NULL),
(38, 66, 16, 0.60, 0.00, 'admin', NULL, 'approved', NULL, '2025-05-19 07:53:23', '2025-05-19 08:06:43', NULL),
(39, 64, 20, 0.00, 0.00, 'admin', NULL, 'delivered', NULL, '2025-05-19 07:53:52', '2025-05-22 03:38:03', NULL),
(40, 61, 23, 34.00, 0.00, 'admin', NULL, 'pending', NULL, '2025-05-19 07:53:52', '2025-05-19 07:53:52', NULL),
(43, 75, 25, 2.00, 0.00, 'admin', NULL, 'pending', NULL, '2025-05-20 02:05:06', '2025-05-20 02:05:06', NULL),
(44, 69, 25, 1.00, 0.00, 'admin', 'sdvsd', 'pending', NULL, '2025-05-20 02:20:44', '2025-05-20 02:20:44', NULL),
(57, 77, 21, 1.00, 0.00, 'admin', '4sdvsd', 'approved', NULL, '2025-05-20 02:43:32', '2025-05-20 03:21:57', NULL),
(72, 63, 31, 1.00, 1.00, 'admin', 'ever', 'delivered', NULL, '2025-05-20 02:58:11', '2025-08-15 08:26:20', NULL),
(74, 84, 25, 0.00, 0.00, 'admin', 'testiing A', 'delivered', NULL, '2025-05-22 03:37:23', '2025-05-22 04:37:31', NULL),
(75, 85, 25, 0.00, 0.00, 'admin', 'etst', 'delivered', NULL, '2025-05-22 04:02:04', '2025-05-22 04:09:52', NULL),
(76, 75, 14, 0.00, 0.00, 'admin', 'asd', 'delivered', NULL, '2025-05-22 04:12:03', '2025-05-22 04:14:04', NULL),
(77, 59, 14, 0.00, 0.00, 'admin', '23/5', 'delivered', NULL, '2025-05-23 03:02:12', '2025-05-23 03:03:22', NULL),
(78, 61, 17, 6.05, 6.00, 'admin', 'test', 'approved', NULL, '2025-05-23 08:00:53', '2025-08-15 08:26:20', NULL),
(79, 69, 14, 3.00, 0.00, 'admin', '4', 'pending', NULL, '2025-05-24 04:35:59', '2025-05-24 04:35:59', NULL),
(80, 69, 14, 5.00, 0.00, 'costume', NULL, 'pending', NULL, '2025-05-24 04:36:43', '2025-05-24 04:36:43', NULL),
(81, 84, 15, 1.00, 0.00, 'costume', '2', 'pending', NULL, '2025-05-24 04:37:22', '2025-05-24 04:37:22', NULL),
(82, 69, 14, 1.00, 0.00, 'costume', 'eee', 'pending', NULL, '2025-05-24 04:40:23', '2025-05-24 04:40:23', NULL),
(83, 69, 14, 1.00, 1.00, 'costume', 'rrrrr', 'delivered', NULL, '2025-05-24 04:51:18', '2025-08-15 08:26:20', NULL),
(84, 59, 14, 1.00, 1.00, 'costume', '1', 'delivered', NULL, '2025-05-24 04:56:32', '2025-08-15 08:26:20', NULL),
(85, 84, 25, 4.50, 0.00, 'admin', 'testtti', 'pending', NULL, '2025-05-28 03:10:50', '2025-05-28 03:10:50', NULL),
(86, 84, 25, 4.50, 0.00, 'admin', 'testtti', 'pending', NULL, '2025-05-28 03:11:28', '2025-05-28 03:11:28', NULL),
(87, 76, 31, 2.00, 0.00, 'admin', 'testttting1', 'pending', NULL, '2025-05-28 03:16:15', '2025-05-28 03:16:15', NULL),
(88, 76, 31, 2.00, 0.00, 'admin', 'testttting1', 'pending', NULL, '2025-05-28 03:17:38', '2025-05-28 03:17:38', NULL),
(89, 76, 31, 2.00, 0.00, 'admin', 'testttting1', 'pending', NULL, '2025-05-28 03:17:47', '2025-05-28 03:17:47', NULL),
(90, 64, 40, 1.00, 0.00, 'admin', 'test ajax', 'pending', NULL, '2025-05-28 04:18:40', '2025-05-28 04:18:40', NULL),
(92, 59, 14, 1.00, 0.00, 'admin', '1', 'pending', NULL, '2025-05-28 06:12:12', '2025-05-28 06:12:12', NULL),
(93, 69, 14, 1.00, 0.00, 'admin', NULL, 'pending', NULL, '2025-05-28 06:26:40', '2025-05-28 06:26:40', NULL),
(94, 69, 15, 1.00, 0.00, 'admin', 'asc', 'pending', NULL, '2025-05-28 06:29:19', '2025-05-28 06:29:19', NULL),
(95, 69, 25, 1.00, 0.00, 'admin', 'www', 'pending', NULL, '2025-05-28 06:31:13', '2025-05-28 06:31:13', NULL),
(96, 69, 14, 1.00, 0.00, 'admin', 'ffff', 'pending', NULL, '2025-05-28 07:35:52', '2025-05-28 07:35:52', NULL),
(97, 84, 25, 1.00, 0.00, 'admin', 'tyyyy', 'pending', NULL, '2025-05-28 07:43:12', '2025-05-28 07:43:12', NULL),
(98, 84, 25, 1.00, 0.00, 'admin', 'tyyyy', 'pending', NULL, '2025-05-28 07:43:37', '2025-05-28 07:43:37', NULL),
(100, 69, 14, 1.00, 0.00, 'admin', 'sds', 'pending', NULL, '2025-05-28 08:46:41', '2025-05-28 08:46:41', NULL),
(101, 69, 15, 1.00, 0.00, 'admin', '111114444', 'pending', NULL, '2025-05-28 08:47:39', '2025-05-28 08:47:39', NULL),
(102, 65, 23, 1.00, 0.00, 'admin', 'zzzzzzzzz', 'pending', NULL, '2025-05-28 08:49:28', '2025-05-28 08:49:28', NULL),
(103, 74, 26, 1.00, 0.00, 'admin', 'ffffffffffff', 'pending', NULL, '2025-05-28 08:49:49', '2025-05-28 08:49:49', NULL),
(104, 66, 15, 1.00, 0.00, 'admin', 'dcv dsv', 'pending', NULL, '2025-05-28 08:52:15', '2025-05-28 08:52:15', NULL),
(105, 65, 23, 3.00, 0.00, 'admin', '3333333333', 'pending', NULL, '2025-05-28 08:59:30', '2025-05-28 08:59:30', NULL),
(111, 60, 16, 1.00, 0.00, 'admin', 'nnnnnn', 'pending', NULL, '2025-05-28 09:54:58', '2025-06-09 07:03:09', NULL),
(112, 69, 14, 1.00, 0.00, 'admin', 'ggggggggg', 'pending', NULL, '2025-05-30 01:26:52', '2025-05-30 01:26:52', NULL),
(113, 72, 16, 1.00, 0.00, 'admin', 'ffffffff', 'pending', NULL, '2025-05-30 01:38:28', '2025-05-30 01:38:28', NULL),
(114, 69, 14, 1.00, 0.00, 'admin', 'qqqq33', 'pending', NULL, '2025-05-30 01:50:36', '2025-05-30 01:50:36', NULL),
(115, 60, 14, 1.00, 0.00, 'admin', 'rrrttt', 'pending', NULL, '2025-05-30 02:00:08', '2025-05-30 02:00:08', NULL),
(116, 76, 26, 1.00, 0.00, 'admin', 'rrrrrrrwwwww', 'pending', NULL, '2025-05-30 02:18:54', '2025-05-30 02:18:54', NULL),
(117, 84, 14, 1.00, 0.00, 'admin', 'vvvvvvvvv', 'pending', NULL, '2025-05-30 02:26:55', '2025-05-30 02:26:55', NULL),
(119, 70, 39, 1.00, 0.00, 'admin', 'aaaaabbbcc', 'pending', NULL, '2025-05-30 02:30:16', '2025-05-30 02:30:16', NULL),
(120, 60, 17, 1.00, 0.00, 'admin', 'ccccv', 'pending', NULL, '2025-05-30 02:31:26', '2025-05-30 02:31:26', NULL),
(121, 59, 16, 1.00, 0.00, 'admin', 'mmmmmmmm', 'pending', NULL, '2025-05-30 02:39:06', '2025-05-30 02:39:06', NULL),
(122, 60, 15, 1.00, 0.00, 'admin', 'ghghghgh', 'pending', NULL, '2025-05-30 02:43:30', '2025-05-30 02:43:30', NULL),
(123, 69, 14, 1.00, 0.00, 'admin', 'rowrow', 'pending', NULL, '2025-05-30 03:13:44', '2025-05-30 03:13:44', NULL),
(124, 69, 14, 1.00, 0.00, 'admin', 'cxcxcx', 'pending', NULL, '2025-05-30 03:21:13', '2025-05-30 03:21:13', NULL),
(125, 59, 14, 1.00, 0.00, 'admin', 'DDD', 'pending', NULL, '2025-05-30 03:24:51', '2025-05-30 03:24:51', NULL),
(126, 59, 14, 2.00, 0.00, 'admin', 'WKWK', 'pending', NULL, '2025-05-30 03:26:49', '2025-05-30 03:26:49', NULL),
(127, 69, 14, 1.00, 0.00, 'admin', '5555555', 'pending', NULL, '2025-05-30 03:36:08', '2025-05-30 03:36:08', NULL),
(128, 69, 14, 1.00, 0.00, 'admin', 'hhhhhh', 'pending', NULL, '2025-05-30 03:40:38', '2025-05-30 03:40:38', NULL),
(129, 59, 15, 1.00, 0.00, 'admin', 'jkjkjk', 'pending', NULL, '2025-05-30 03:45:43', '2025-05-30 03:45:43', NULL),
(130, 60, 15, 1.00, 0.00, 'admin', 'zxzxzxz', 'pending', NULL, '2025-05-30 03:49:01', '2025-05-30 03:49:01', NULL),
(131, 84, 14, 1.00, 0.00, 'admin', 'tttttt', 'pending', NULL, '2025-05-30 04:04:10', '2025-05-30 04:04:10', NULL),
(132, 69, 14, 1.00, 0.00, 'admin', 'ccccccttttttttt', 'pending', NULL, '2025-05-30 04:08:38', '2025-05-30 04:08:38', NULL),
(133, 59, 14, 1.00, 0.00, 'admin', 'ddff', 'pending', NULL, '2025-05-30 04:11:37', '2025-05-30 04:11:37', NULL),
(134, 59, 14, 1.00, 0.00, 'admin', 'ggggg', 'pending', NULL, '2025-05-30 04:13:22', '2025-05-30 04:13:22', NULL),
(135, 60, 15, 2.00, 0.00, 'admin', 'dfdfdf', 'pending', NULL, '2025-05-30 04:16:19', '2025-05-30 04:16:19', NULL),
(136, 69, 14, 1.00, 0.00, 'admin', 'cdcdc', 'pending', NULL, '2025-05-30 04:21:16', '2025-05-30 04:21:16', NULL),
(137, 59, 14, 1.00, 0.00, 'admin', 'klklkl', 'pending', NULL, '2025-05-30 04:29:03', '2025-05-30 04:29:03', NULL),
(138, 69, 25, 1.00, 0.00, 'admin', 'sdcsd', 'pending', NULL, '2025-05-30 04:55:27', '2025-05-30 04:55:27', NULL),
(139, 59, 14, 1.00, 0.00, 'admin', 'sdcsd', 'pending', NULL, '2025-05-30 04:57:59', '2025-05-30 04:57:59', NULL),
(140, 69, 14, 1.00, 0.00, 'admin', 'ee', 'pending', NULL, '2025-05-30 06:01:21', '2025-05-30 06:01:21', NULL),
(141, 69, 25, 1.00, 0.00, 'admin', 'sdvsdv', 'pending', NULL, '2025-05-30 06:09:38', '2025-05-30 06:09:38', NULL),
(142, 69, 14, 1.00, 0.00, 'admin', 'sdcsd', 'pending', NULL, '2025-05-30 06:14:45', '2025-05-30 06:14:45', NULL),
(143, 59, 15, 1.00, 0.00, 'admin', 'fg fg', 'pending', NULL, '2025-05-30 06:14:59', '2025-05-30 06:14:59', NULL),
(144, 59, 15, 1.00, 0.00, 'admin', 'bgbgb', 'pending', NULL, '2025-05-30 06:19:49', '2025-05-30 06:19:49', NULL),
(145, 59, 15, 1.00, 0.00, 'admin', 'ddcd', 'pending', NULL, '2025-05-30 06:20:10', '2025-05-30 06:20:10', NULL),
(146, 60, 15, 1.00, 0.00, 'admin', 'cvvv', 'pending', NULL, '2025-05-30 06:20:28', '2025-05-30 06:20:28', NULL),
(147, 69, 15, 1.00, 0.00, 'admin', 'sdvsd', 'pending', NULL, '2025-05-30 06:21:21', '2025-05-30 06:21:21', NULL),
(148, 69, 14, 1.00, 0.00, 'admin', 'fgfg', 'pending', NULL, '2025-05-30 06:23:21', '2025-05-30 06:23:21', NULL),
(149, 59, 14, 1.00, 0.00, 'admin', 'dfv', 'pending', NULL, '2025-05-30 06:23:40', '2025-05-30 06:23:40', NULL),
(150, 63, 18, 1.00, 0.00, 'admin', 'testinggg', 'pending', NULL, '2025-05-30 06:24:33', '2025-05-30 06:24:33', NULL),
(151, 60, 15, 0.00, 0.00, 'admin', 'dfvdf', 'delivered', NULL, '2025-05-30 06:25:56', '2025-06-03 07:58:01', NULL),
(152, 69, 14, 1.00, 0.00, 'admin', 'ddd', 'pending', NULL, '2025-05-30 06:28:42', '2025-05-30 06:28:42', NULL),
(153, 69, 15, 1.00, 0.00, 'admin', 'sdsd', 'pending', NULL, '2025-05-30 06:29:37', '2025-05-30 06:29:37', NULL),
(159, 60, 14, 1.00, 0.00, 'admin', 'ssdd', 'pending', NULL, '2025-05-30 06:56:31', '2025-05-30 06:58:36', NULL),
(160, 59, 16, 2.00, 1.50, 'admin', 'ddd', 'approved', NULL, '2025-05-30 06:56:44', '2025-08-15 08:26:20', NULL),
(161, 69, 15, 0.00, 0.00, 'admin', 'vvvvddd', 'delivered', NULL, '2025-05-30 06:59:12', '2025-06-03 07:58:21', NULL),
(162, 69, 14, 1.00, 0.00, 'admin', 'mmnnmm', 'pending', NULL, '2025-05-30 07:00:59', '2025-05-30 07:00:59', NULL),
(163, 59, 14, 1.00, 0.00, 'admin', 'hyhyh', 'pending', NULL, '2025-05-30 07:13:17', '2025-05-30 07:13:17', NULL),
(164, 72, 14, 1.00, 0.00, 'admin', 'ddf', 'pending', NULL, '2025-05-30 07:13:45', '2025-05-30 07:13:45', NULL),
(165, 60, 16, 1.00, 0.00, 'admin', 'ffg', 'pending', NULL, '2025-05-30 07:13:58', '2025-05-30 07:13:58', NULL),
(166, 61, 26, 1.00, 0.00, 'admin', 'ffuiu', 'pending', NULL, '2025-05-30 07:15:03', '2025-05-30 07:15:03', NULL),
(167, 60, 14, 1.00, 0.00, 'admin', NULL, 'pending', NULL, '2025-05-30 07:18:18', '2025-05-30 07:18:18', NULL),
(168, 59, 15, 2.00, 0.00, 'admin', NULL, 'pending', NULL, '2025-05-30 07:18:18', '2025-05-30 07:18:18', NULL),
(169, 60, 39, 1.00, 0.00, 'admin', NULL, 'pending', NULL, '2025-05-30 07:18:18', '2025-05-30 07:18:18', NULL),
(170, 60, 20, 2.00, 0.00, 'admin', NULL, 'pending', NULL, '2025-05-30 07:18:18', '2025-05-30 07:18:18', NULL),
(171, 60, 15, 1.00, 0.00, 'admin', 'ggbbg', 'pending', NULL, '2025-05-30 07:31:47', '2025-05-30 07:31:47', NULL),
(172, 77, 15, 1.00, 0.00, 'admin', 'ff', 'pending', NULL, '2025-05-30 07:32:12', '2025-05-30 07:32:12', NULL),
(173, 59, 39, 1.00, 0.00, 'admin', 'gg', 'pending', NULL, '2025-05-30 07:32:12', '2025-05-30 07:32:12', NULL),
(174, 77, 15, 1.00, 0.00, 'admin', 'ff', 'pending', NULL, '2025-05-30 07:35:21', '2025-05-30 07:35:21', NULL),
(175, 59, 39, 1.00, 0.00, 'admin', 'gg', 'pending', NULL, '2025-05-30 07:35:22', '2025-05-30 07:35:22', NULL),
(176, 66, 23, 1.00, 0.00, 'admin', 'yy', 'pending', NULL, '2025-05-30 07:35:46', '2025-05-30 07:35:46', NULL),
(178, 72, 23, 1.00, 0.00, 'admin', '00', 'pending', NULL, '2025-05-30 07:36:47', '2025-05-30 07:36:47', NULL),
(179, 70, 31, 1.00, 0.00, 'admin', '99', 'pending', NULL, '2025-05-30 07:36:48', '2025-05-30 07:36:48', NULL),
(180, 59, 40, 1.00, 0.00, 'admin', '88', 'pending', NULL, '2025-05-30 07:36:48', '2025-05-30 07:36:48', NULL),
(181, 65, 15, 1.00, 0.00, 'admin', '22', 'pending', NULL, '2025-05-30 07:39:05', '2025-05-30 07:39:05', NULL),
(182, 60, 39, 1.00, 0.00, 'admin', NULL, 'pending', NULL, '2025-05-30 07:39:06', '2025-05-30 07:39:06', NULL),
(183, 69, 24, 1.00, 0.00, 'admin', NULL, 'pending', NULL, '2025-05-30 07:39:06', '2025-05-30 07:39:06', NULL),
(185, 59, 26, 1.00, 0.00, 'admin', NULL, 'pending', NULL, '2025-05-30 07:39:06', '2025-05-30 07:39:06', NULL),
(186, 59, 40, 1.00, 0.00, 'admin', NULL, 'pending', NULL, '2025-05-30 07:39:06', '2025-05-30 07:39:06', NULL),
(187, 69, 21, 1.00, 0.00, 'admin', NULL, 'pending', NULL, '2025-05-30 07:39:06', '2025-05-30 07:39:06', NULL),
(188, 59, 23, 1.00, 0.00, 'admin', NULL, 'pending', NULL, '2025-05-30 07:39:06', '2025-05-30 07:39:06', NULL),
(189, 72, 31, 1.00, 0.00, 'admin', NULL, 'pending', NULL, '2025-05-30 07:39:06', '2025-05-30 07:39:06', NULL),
(190, 69, 26, 1.00, 0.00, 'admin', NULL, 'pending', NULL, '2025-05-30 07:39:06', '2025-05-30 07:39:06', NULL),
(191, 69, 23, 1.00, 0.00, 'admin', NULL, 'pending', NULL, '2025-05-30 07:39:06', '2025-05-30 07:39:06', NULL),
(192, 72, 31, 1.00, 0.00, 'admin', NULL, 'pending', NULL, '2025-05-30 07:39:06', '2025-05-30 07:39:06', NULL),
(193, 69, 17, 1.00, 0.00, 'admin', NULL, 'pending', NULL, '2025-05-30 07:39:06', '2025-05-30 07:39:06', NULL),
(194, 59, 40, 1.00, 0.00, 'admin', NULL, 'pending', NULL, '2025-05-30 07:39:06', '2025-05-30 07:39:06', NULL),
(195, 61, 31, 1.00, 0.00, 'admin', NULL, 'pending', NULL, '2025-05-30 07:39:06', '2025-05-30 07:39:06', NULL),
(196, 69, 14, 1.00, 0.00, 'admin', '1', 'pending', NULL, '2025-05-30 07:48:45', '2025-05-30 07:48:45', NULL),
(197, 59, 15, 1.00, 0.00, 'admin', '2', 'pending', NULL, '2025-05-30 07:48:46', '2025-05-30 07:48:46', NULL),
(198, 60, 16, 1.00, 0.00, 'admin', '3', 'pending', NULL, '2025-05-30 07:48:46', '2025-05-30 07:48:46', NULL),
(199, 60, 39, 1.00, 0.00, 'admin', '4', 'pending', NULL, '2025-05-30 07:48:46', '2025-05-30 07:48:46', NULL),
(200, 59, 17, 1.00, 0.00, 'admin', '5', 'pending', NULL, '2025-05-30 07:48:46', '2025-05-30 07:48:46', NULL),
(201, 67, 20, 1.00, 0.00, 'admin', '6', 'pending', NULL, '2025-05-30 07:48:47', '2025-05-30 07:48:47', NULL),
(202, 60, 21, 1.00, 0.00, 'admin', '7', 'pending', NULL, '2025-05-30 07:48:47', '2025-05-30 07:48:47', NULL),
(203, 60, 40, 1.00, 0.00, 'admin', '8', 'pending', NULL, '2025-05-30 07:48:47', '2025-05-30 07:48:47', NULL),
(204, 85, 31, 1.00, 0.00, 'admin', '9', 'pending', NULL, '2025-05-30 07:48:47', '2025-05-30 07:48:47', NULL),
(205, 72, 26, 1.00, 0.00, 'admin', '10', 'pending', NULL, '2025-05-30 07:48:47', '2025-05-30 07:48:47', NULL),
(206, 60, 15, 1.00, 0.00, 'admin', 'fff', 'pending', NULL, '2025-05-30 07:49:37', '2025-05-30 07:49:37', NULL),
(207, 60, 14, 1.00, 0.00, 'admin', '3', 'pending', NULL, '2025-05-30 07:50:08', '2025-05-30 07:50:08', NULL),
(208, 59, 16, 2.00, 0.00, 'admin', '4', 'pending', NULL, '2025-05-30 07:50:09', '2025-05-30 07:50:09', NULL),
(209, 60, 39, 3.00, 0.00, 'admin', '1', 'pending', NULL, '2025-05-30 07:50:09', '2025-05-30 07:50:09', NULL),
(210, 69, 24, 1.00, 0.00, 'admin', '2', 'pending', NULL, '2025-05-30 07:50:09', '2025-05-30 07:50:09', NULL),
(211, 59, 25, 1.00, 0.00, 'admin', 'fgbfg', 'pending', NULL, '2025-05-30 07:52:50', '2025-05-30 07:52:50', NULL),
(212, 69, 14, 1.00, 0.00, 'costume', 'gg', 'pending', NULL, '2025-05-30 07:53:45', '2025-05-30 07:53:45', NULL),
(213, 60, 15, 1.00, 0.00, 'admin', '3', 'pending', NULL, '2025-05-30 08:06:00', '2025-05-30 08:06:00', NULL),
(214, 69, 39, 1.00, 0.00, 'admin', '1', 'pending', NULL, '2025-05-30 08:06:01', '2025-05-30 08:06:01', NULL),
(215, 59, 15, 1.00, 0.00, 'admin', '1', 'pending', NULL, '2025-05-30 08:06:01', '2025-05-30 08:06:01', NULL),
(216, 69, 27, 1.00, 0.00, 'admin', '1', 'pending', NULL, '2025-05-30 08:06:01', '2025-05-30 08:06:01', NULL),
(217, 69, 20, 1.00, 0.00, 'admin', '1', 'pending', NULL, '2025-05-30 08:06:01', '2025-05-30 08:06:01', NULL),
(218, 65, 26, 1.00, 0.00, 'admin', NULL, 'pending', NULL, '2025-05-30 08:06:01', '2025-05-30 08:06:01', NULL),
(219, 69, 14, 1.00, 0.00, 'admin', '2', 'pending', NULL, '2025-05-30 08:21:59', '2025-05-30 08:21:59', NULL),
(220, 59, 15, 1.00, 0.00, 'admin', '1', 'pending', NULL, '2025-05-30 08:22:00', '2025-05-30 08:22:00', NULL),
(221, 69, 14, 1.00, 0.00, 'admin', '1', 'pending', NULL, '2025-05-30 08:24:22', '2025-05-30 08:24:22', NULL),
(222, 59, 14, 1.00, 0.00, 'admin', '2', 'pending', NULL, '2025-05-30 08:25:17', '2025-05-30 08:25:17', NULL),
(223, 61, 16, 1.00, 0.00, 'admin', '3', 'pending', NULL, '2025-05-30 08:25:17', '2025-05-30 08:25:17', NULL),
(224, 69, 39, 1.00, 0.00, 'admin', NULL, 'pending', NULL, '2025-05-30 08:25:17', '2025-05-30 08:25:17', NULL),
(225, 69, 15, 1.00, 0.00, 'admin', '1', 'pending', NULL, '2025-05-30 08:30:21', '2025-05-30 08:30:21', NULL),
(226, 60, 16, 1.00, 0.00, 'admin', '2', 'pending', NULL, '2025-05-30 08:30:22', '2025-05-30 08:30:22', NULL),
(227, 69, 17, 1.00, 0.00, 'admin', '1', 'pending', NULL, '2025-05-30 08:30:22', '2025-05-30 08:30:22', NULL),
(228, 69, 15, 1.00, 0.00, 'admin', '22', 'pending', NULL, '2025-05-30 08:30:37', '2025-05-30 08:30:37', NULL),
(229, 69, 15, 1.00, 0.00, 'admin', '1', 'pending', NULL, '2025-05-30 08:30:49', '2025-05-30 08:30:49', NULL),
(230, 69, 14, 1.00, 0.00, 'admin', '111', 'pending', NULL, '2025-05-30 08:36:54', '2025-05-30 08:36:54', NULL),
(231, 59, 14, 1.00, 0.00, 'admin', '1', 'pending', NULL, '2025-05-30 08:38:15', '2025-05-30 08:38:15', NULL),
(232, 59, 20, 1.00, 0.00, 'admin', '2', 'pending', NULL, '2025-05-30 08:39:24', '2025-05-30 08:39:24', NULL),
(233, 59, 24, 1.00, 0.00, 'admin', '22', 'pending', NULL, '2025-05-30 08:39:25', '2025-05-30 08:39:25', NULL),
(234, 69, 23, 1.00, 0.00, 'admin', '111', 'pending', NULL, '2025-05-30 08:39:25', '2025-05-30 08:39:25', NULL),
(235, 69, 15, 1.00, 0.00, 'admin', '1', 'pending', NULL, '2025-05-30 08:44:08', '2025-05-30 08:44:08', NULL),
(236, 59, 39, 1.00, 0.00, 'admin', '1', 'pending', NULL, '2025-05-30 08:44:09', '2025-05-30 08:44:09', NULL),
(237, 59, 15, 1.00, 0.00, 'admin', '1', 'pending', NULL, '2025-05-30 08:44:09', '2025-05-30 08:44:09', NULL),
(238, 61, 16, 1.10, 0.00, 'admin', '1', 'pending', NULL, '2025-05-30 08:44:09', '2025-05-30 08:44:09', NULL),
(239, 69, 14, 1.00, 0.00, 'admin', '2', 'pending', NULL, '2025-05-30 08:52:34', '2025-05-30 08:52:34', NULL),
(240, 69, 14, 1.00, 0.00, 'admin', '2', 'pending', NULL, '2025-05-30 08:52:35', '2025-05-30 08:52:35', NULL),
(241, 69, 16, 1.00, 0.00, 'admin', '2', 'pending', NULL, '2025-05-30 08:52:35', '2025-05-30 08:52:35', NULL),
(242, 59, 15, 1.00, 0.00, 'admin', '1', 'pending', NULL, '2025-05-30 08:56:37', '2025-05-30 08:56:37', NULL),
(243, 59, 16, 1.00, 0.00, 'admin', '2', 'pending', NULL, '2025-05-30 08:56:38', '2025-05-30 08:56:38', NULL),
(244, 69, 39, 1.00, 0.00, 'admin', '2', 'pending', NULL, '2025-05-30 08:56:38', '2025-05-30 08:56:38', NULL),
(245, 69, 24, 1.00, 0.00, 'admin', '2', 'delivered', NULL, '2025-05-30 08:56:38', '2025-06-03 02:11:35', NULL),
(246, 69, 14, 1.00, 0.00, 'admin', '1', 'pending', NULL, '2025-05-30 08:57:15', '2025-05-30 08:57:15', NULL),
(247, 61, 16, 1.00, 0.00, 'admin', '1', 'pending', NULL, '2025-05-30 08:57:15', '2025-05-30 08:57:15', NULL),
(248, 72, 16, 1.00, 0.00, 'admin', '1', 'delivered', NULL, '2025-05-30 08:57:30', '2025-06-03 02:10:48', NULL),
(250, 60, 23, 1.00, 0.00, 'admin', '1', 'delivered', NULL, '2025-05-30 08:57:58', '2025-06-03 01:40:38', NULL),
(251, 62, 31, 1.00, 0.00, 'admin', '1', 'delivered', NULL, '2025-05-30 08:57:58', '2025-06-03 01:40:38', NULL),
(253, 69, 14, 1.01, 0.00, 'admin', 'def', 'pending', NULL, '2025-05-30 09:14:05', '2025-06-02 09:44:03', NULL),
(254, 69, 14, 1.00, 0.00, 'logitech', 'sss', 'pending', NULL, '2025-06-03 02:13:25', '2025-06-03 02:13:25', NULL),
(255, 60, 25, 2.00, 2.00, 'tari', 'kkkkn', 'delivered', NULL, '2025-06-03 02:16:23', '2025-08-15 08:26:20', NULL),
(256, 62, 26, 0.00, 0.00, 'tari', 'jjjjjjjjjj', 'delivered', NULL, '2025-06-03 02:22:25', '2025-06-04 06:56:21', NULL),
(257, 84, 14, 1.00, 0.00, 'tari', 'lklklk', 'approved', '2025-09-13 04:39:31', '2025-06-03 02:34:41', '2025-09-13 04:39:31', NULL),
(258, 66, 23, 1.00, 0.00, 'tari', 'ioio', 'pending', NULL, '2025-06-03 02:39:05', '2025-06-03 02:39:05', NULL),
(259, 69, 16, 1.00, 0.00, 'tari', 'uyuyuy', 'pending', NULL, '2025-06-03 02:39:50', '2025-06-03 02:39:50', NULL),
(260, 60, 41, 1.00, 0.00, 'tari', 'qwqw', 'pending', NULL, '2025-06-03 02:48:53', '2025-06-03 02:48:53', NULL),
(261, 69, 14, 1.00, 0.00, 'tari', 'rrrt', 'pending', NULL, '2025-06-03 02:50:16', '2025-06-03 02:50:16', NULL),
(262, 77, 16, 1.00, 0.00, 'tari', 'rwrw', 'pending', NULL, '2025-06-03 02:50:38', '2025-06-03 02:50:38', NULL),
(263, 69, 14, 1.00, 0.00, 'tari', 'cxcx', 'pending', NULL, '2025-06-03 03:00:03', '2025-06-03 03:00:03', NULL),
(264, 72, 16, 1.00, 0.00, 'tari', 'fdfd', 'pending', NULL, '2025-06-03 03:02:49', '2025-06-03 03:02:49', NULL),
(265, 60, 16, 1.00, 0.00, 'tari', 'opop', 'pending', NULL, '2025-06-03 03:04:17', '2025-06-03 03:04:17', NULL),
(266, 69, 15, 1.00, 0.00, 'tari', 'hoho', 'pending', NULL, '2025-06-03 03:15:30', '2025-06-03 03:15:30', NULL),
(267, 69, 14, 1.00, 0.00, 'tari', 'hyhy', 'pending', NULL, '2025-06-03 04:31:35', '2025-06-03 04:31:35', NULL),
(268, 69, 14, 1.00, 0.00, 'tari', 'jhjh', 'pending', NULL, '2025-06-03 04:41:39', '2025-06-03 04:41:39', NULL),
(269, 69, 15, 1.00, 0.00, 'tari', 'cdcd', 'pending', NULL, '2025-06-03 04:43:20', '2025-06-03 04:43:20', NULL),
(270, 69, 15, 1.00, 0.00, 'tari', 'tftf', 'pending', NULL, '2025-06-03 04:44:32', '2025-06-03 04:44:32', NULL),
(271, 69, 14, 1.00, 0.00, 'tari', 'crcr', 'pending', NULL, '2025-06-03 04:46:41', '2025-06-03 04:46:41', NULL),
(272, 69, 14, 1.00, 0.00, 'tari', 'gkgk', 'pending', NULL, '2025-06-03 04:48:38', '2025-06-03 04:48:38', NULL),
(273, 69, 14, 1.00, 0.00, 'tari', 'zmzm', 'pending', NULL, '2025-06-03 04:51:22', '2025-06-03 04:51:22', NULL),
(274, 69, 14, 1.00, 0.00, 'tari', 'plplp', 'pending', NULL, '2025-06-03 09:43:30', '2025-06-03 09:43:30', NULL),
(275, 69, 14, 1.00, 0.00, 'tari', 'eeuu', 'pending', NULL, '2025-06-03 09:58:56', '2025-06-03 09:58:56', NULL),
(276, 69, 14, 1.00, 0.00, 'tari', 'bangsut', 'pending', NULL, '2025-06-03 10:00:42', '2025-06-03 10:00:42', NULL),
(277, 69, 15, 1.00, 0.00, 'tari', 'xixixi', 'pending', NULL, '2025-06-03 10:02:26', '2025-06-03 10:02:26', NULL),
(278, 69, 14, 1.00, 0.00, 'tari', 'ezzzzz', 'pending', NULL, '2025-06-03 10:02:53', '2025-06-03 10:02:53', NULL),
(279, 69, 25, 1.00, 0.00, 'logitech', 'trtrt', 'pending', NULL, '2025-06-03 10:06:25', '2025-06-03 10:06:25', NULL),
(280, 69, 14, 1.00, 0.00, 'tari', 'bgbg', 'pending', NULL, '2025-06-04 01:44:36', '2025-06-04 01:44:36', NULL),
(281, 69, 14, 1.00, 0.00, 'tari', 'fmfm', 'pending', NULL, '2025-06-04 01:51:45', '2025-06-04 01:51:45', NULL),
(282, 69, 14, 1.00, 0.00, 'tari', 'vtvt', 'pending', NULL, '2025-06-04 01:56:46', '2025-06-04 01:56:46', NULL),
(283, 69, 14, 1.00, 0.00, 'tari', 'vovo', 'pending', NULL, '2025-06-04 02:05:16', '2025-06-04 02:05:16', NULL),
(284, 69, 14, 2.00, 0.00, 'tari', 'gqgq', 'pending', NULL, '2025-06-04 02:13:15', '2025-06-17 09:38:07', NULL),
(285, 69, 14, 1.00, 1.00, 'tari', 'mo', 'delivered', NULL, '2025-06-04 02:41:49', '2025-08-15 08:26:20', NULL),
(286, 69, 15, 1.00, 0.00, 'tari', 'jj', 'pending', NULL, '2025-06-04 02:42:08', '2025-06-04 02:42:08', NULL),
(287, 69, 14, 1.00, 1.00, 'tari', 'gmgmn', 'delivered', NULL, '2025-06-04 02:48:59', '2025-08-15 08:26:20', NULL),
(288, 69, 14, 1.00, 0.00, 'tari', 'ft', 'pending', NULL, '2025-06-04 02:49:36', '2025-06-04 02:49:36', NULL),
(289, 60, 16, 1.00, 0.00, 'tari', 'fy', 'pending', NULL, '2025-06-04 02:49:36', '2025-06-04 02:49:36', NULL),
(290, 69, 39, 1.00, 1.00, 'tari', 'fu', 'delivered', NULL, '2025-06-04 02:49:36', '2025-08-15 08:26:20', NULL),
(291, 84, 25, 1.00, 1.00, 'tari', '2ee', 'delivered', NULL, '2025-06-04 03:19:24', '2025-08-15 08:26:20', NULL),
(292, 69, 14, 1.00, 1.00, 'tari', '222', 'delivered', NULL, '2025-06-04 03:37:03', '2025-08-15 08:26:20', NULL),
(293, 69, 14, 1.00, 1.00, 'tari', 'cbcb', 'delivered', NULL, '2025-06-04 03:38:46', '2025-08-15 08:26:20', NULL),
(295, 84, 25, 1.00, 0.00, 'tari', 'ffv', 'delivered', NULL, '2025-06-04 04:11:30', '2025-06-04 06:57:55', NULL),
(296, 69, 14, 1.00, 1.00, 'tari', 'vt', 'delivered', NULL, '2025-06-04 04:13:30', '2025-08-15 08:26:20', NULL),
(297, 69, 25, 0.00, 0.00, 'tari', 'test request', 'delivered', NULL, '2025-06-04 06:44:24', '2025-06-04 06:54:10', NULL),
(298, 84, 14, 0.00, 0.00, 'tari', '1', 'delivered', NULL, '2025-06-04 06:45:21', '2025-06-04 06:49:12', NULL),
(299, 69, 16, 1.00, 0.00, 'tari', '1', 'canceled', NULL, '2025-06-04 06:45:21', '2025-06-05 06:23:33', NULL),
(300, 60, 39, 1.00, 0.00, 'tari', '1', 'delivered', NULL, '2025-06-04 06:45:21', '2025-06-04 06:57:55', NULL),
(301, 69, 19, 1.00, 0.00, 'tari', '1', 'delivered', NULL, '2025-06-04 06:45:21', '2025-06-04 06:57:55', NULL),
(302, 61, 42, 3.00, 0.00, 'laura', 'test', 'pending', NULL, '2025-06-04 09:10:31', '2025-07-02 03:22:45', NULL),
(303, 69, 14, 1.00, 1.00, 'laura', 'test', 'delivered', NULL, '2025-06-04 09:11:15', '2025-08-15 08:26:20', NULL),
(304, 69, 17, 1.00, 0.00, 'laura', NULL, 'canceled', NULL, '2025-06-04 09:13:51', '2025-06-05 06:23:26', NULL),
(305, 58, 18, 0.00, 0.00, 'laura', NULL, 'delivered', NULL, '2025-06-04 09:13:52', '2025-06-04 09:15:14', NULL),
(306, 90, 43, 1.00, 0.00, 'laura', NULL, 'pending', NULL, '2025-06-04 09:13:52', '2025-07-02 03:09:32', NULL),
(307, 69, 43, 1.00, 0.00, 'logitech', 'csd', 'pending', NULL, '2025-06-05 06:12:10', '2025-06-05 06:12:10', NULL),
(308, 69, 43, 1.00, 0.00, 'logitech', 'jq', 'pending', NULL, '2025-06-05 06:13:00', '2025-06-05 06:13:00', NULL),
(309, 72, 41, 1.00, 0.00, 'logitech', 'tungtung', 'pending', NULL, '2025-06-05 06:25:55', '2025-06-05 06:25:55', NULL),
(310, 60, 25, 1.00, 0.00, 'logitech', 'tingting', 'pending', NULL, '2025-06-05 06:26:34', '2025-06-05 06:26:34', NULL),
(311, 69, 39, 3.00, 0.00, 'logitech', 'tangtang', 'pending', NULL, '2025-06-05 06:32:05', '2025-06-11 01:10:37', NULL),
(312, 84, 14, 1.00, 0.00, 'logitech', 'tongtong', 'pending', NULL, '2025-06-05 06:33:12', '2025-06-05 06:33:12', NULL),
(313, 77, 43, 1.00, 0.00, 'logitech', 'sahurr', 'pending', NULL, '2025-06-05 06:40:40', '2025-06-05 06:40:40', NULL),
(314, 69, 43, 1.00, 0.00, 'logitech', 'dmdmd', 'pending', NULL, '2025-06-05 06:43:56', '2025-06-05 06:45:00', NULL),
(315, 69, 43, 1.00, 0.00, 'logitech', 'vvg', 'approved', '2025-10-07 07:52:24', '2025-06-05 06:46:52', '2025-10-07 07:52:24', NULL),
(316, 72, 15, 1.00, 0.00, 'logitech', 'vzvz', 'pending', NULL, '2025-06-05 06:49:50', '2025-06-05 06:49:50', NULL),
(317, 72, 43, 1.00, 0.00, 'logitech', '1', 'pending', NULL, '2025-06-05 06:50:06', '2025-06-05 06:50:06', NULL),
(318, 60, 43, 1.00, 1.00, 'logitech', '2gg', 'delivered', NULL, '2025-06-05 06:52:27', '2025-08-15 08:26:20', NULL),
(319, 69, 14, 1.00, 0.00, 'tari', 'sss', 'pending', NULL, '2025-06-05 07:52:54', '2025-06-05 07:52:54', NULL),
(320, 60, 14, 1.00, 0.00, 'tari', '1bbb', 'pending', NULL, '2025-06-05 07:54:10', '2025-06-05 07:54:10', NULL),
(321, 60, 14, 1.00, 0.00, 'tari', 'ffyuu', 'pending', NULL, '2025-06-05 08:01:33', '2025-06-05 08:01:33', NULL),
(322, 69, 43, 1.00, 0.00, 'tari', 'cdc', 'pending', NULL, '2025-06-05 08:05:18', '2025-06-05 08:05:18', NULL),
(323, 60, 43, 1.00, 0.00, 'logitech', 'fdfvbdf', 'pending', NULL, '2025-06-05 08:05:32', '2025-06-05 08:05:32', NULL),
(324, 60, 43, 1.00, 0.00, 'logitech', 'xc vd', 'pending', NULL, '2025-06-05 08:06:41', '2025-06-05 08:06:41', NULL),
(325, 69, 14, 1.00, 1.00, 'tari', 'ffdc', 'delivered', NULL, '2025-06-05 08:07:53', '2025-08-15 08:11:35', NULL),
(326, 69, 43, 1.00, 0.00, 'tari', 'hfhdg', 'canceled', NULL, '2025-06-05 08:14:48', '2025-06-05 08:49:40', NULL),
(327, 72, 43, 1.00, 0.00, 'tari', 'ssdd', 'delivered', NULL, '2025-06-05 08:16:27', '2025-06-05 08:20:48', NULL),
(328, 60, 15, 2.00, 0.00, 'tari', 'sdcvsd', 'delivered', NULL, '2025-06-05 08:16:40', '2025-06-05 08:22:09', NULL),
(329, 69, 25, 1.00, 1.00, 'logitech', 'dsd', 'delivered', NULL, '2025-06-05 08:39:51', '2025-08-15 08:26:20', NULL),
(330, 60, 14, 2.00, 2.00, 'logitech', 'deved', 'delivered', NULL, '2025-06-05 08:39:52', '2025-08-15 08:11:35', NULL),
(331, 119, 46, 0.00, 0.00, 'logitech', 'etst', 'delivered', NULL, '2025-06-09 04:04:26', '2025-06-09 04:05:09', NULL),
(332, 69, 14, 1.00, 1.00, 'logitech', 'dds', 'delivered', NULL, '2025-06-11 07:05:56', '2025-08-15 08:11:35', NULL),
(333, 60, 43, 1.00, 0.00, 'tari', 'dds', 'pending', NULL, '2025-06-11 07:09:22', '2025-06-11 07:09:59', '2025-06-11 07:09:59'),
(334, 140, 50, 1.00, 0.00, 'dyla', 'Request By IT', 'pending', NULL, '2025-06-14 05:43:23', '2025-07-02 02:36:59', NULL),
(335, 146, 25, 4.00, 0.00, 'logitech', '2', 'delivered', NULL, '2025-06-16 09:36:16', '2025-06-17 04:50:28', NULL),
(336, 69, 43, 3.00, 0.00, 'logitech', 'ddff', 'delivered', NULL, '2025-06-16 09:37:57', '2025-06-17 04:50:28', NULL),
(337, 153, 53, 0.00, 0.00, 'logitech', NULL, 'delivered', NULL, '2025-06-17 06:10:48', '2025-06-17 06:52:01', NULL),
(338, 90, 53, 0.00, 0.00, 'logitech', 'aass', 'delivered', NULL, '2025-06-17 07:45:25', '2025-06-17 07:45:40', NULL),
(339, 146, 43, 1.00, 0.00, 'logitech', 'sxcsd', 'pending', NULL, '2025-06-17 08:07:28', '2025-06-17 08:07:28', NULL),
(340, 145, 53, 0.00, 1.00, 'logitech', '2', 'delivered', NULL, '2025-06-17 08:11:45', '2025-06-25 04:20:26', NULL),
(341, 147, 45, 0.00, 1.00, 'logitech', 'rrt', 'delivered', NULL, '2025-06-17 08:15:14', '2025-06-25 04:19:24', NULL),
(342, 69, 15, 1.00, 1.00, 'logitech', 'df', 'delivered', NULL, '2025-06-17 08:15:43', '2025-08-15 08:11:35', NULL),
(343, 146, 43, 5.00, 0.00, 'logitech', '1', 'approved', '2025-10-07 07:52:57', '2025-06-17 09:45:05', '2025-10-07 07:52:57', NULL),
(344, 148, 50, 1.00, 0.00, 'logitech', 'sdd', 'approved', '2025-10-07 07:52:34', '2025-06-17 09:46:25', '2025-10-07 07:52:34', NULL),
(345, 146, 49, 5.00, 5.00, 'logitech', 'rret', 'delivered', NULL, '2025-06-25 07:16:56', '2025-06-25 07:28:59', NULL),
(346, 144, 50, 2.00, 0.00, 'tari', NULL, 'approved', '2025-10-07 07:52:31', '2025-06-25 07:41:24', '2025-10-07 07:52:31', NULL),
(347, 154, 14, 1.00, 0.00, 'tari', 'sdcsd', 'pending', NULL, '2025-06-25 07:44:48', '2025-06-25 07:44:48', NULL),
(348, 146, 45, 2.00, 0.00, 'tari', 'sdcsd', 'pending', NULL, '2025-06-25 07:46:29', '2025-06-25 07:46:29', NULL),
(349, 90, 49, 2.00, 2.00, 'tari', 'rre', 'delivered', NULL, '2025-06-26 07:10:13', '2025-08-15 08:11:35', NULL),
(350, 156, 16, 2.00, 0.00, 'tari', 'scsd', 'pending', NULL, '2025-06-26 08:24:52', '2025-06-26 08:24:52', NULL),
(351, 154, 43, 1.00, 0.00, 'tari', '2222', 'pending', NULL, '2025-06-26 08:49:08', '2025-06-26 08:49:08', NULL),
(352, 152, 16, 2.00, 0.00, 'tari', 'scs', 'pending', NULL, '2025-07-01 02:39:09', '2025-07-03 08:30:39', NULL),
(353, 75, 21, 1.00, 0.00, 'tari', 'test', 'pending', NULL, '2025-07-01 03:09:28', '2025-07-01 03:09:28', NULL),
(354, 74, 41, 1.00, 0.00, 'tari', 'test', 'pending', NULL, '2025-07-01 03:10:18', '2025-07-01 03:10:18', NULL),
(355, 150, 39, 1.00, 0.00, 'tari', 'aatest', 'pending', NULL, '2025-07-01 03:12:08', '2025-07-01 03:12:08', NULL),
(356, 77, 25, 1.00, 0.00, 'tari', 'ssde', 'pending', NULL, '2025-07-01 03:12:43', '2025-07-01 03:12:43', NULL),
(357, 70, 26, 2.00, 0.00, 'tari', 'test', 'pending', NULL, '2025-07-01 03:13:20', '2025-07-05 05:51:08', NULL),
(358, 121, 27, 1.00, 0.00, 'tari', 'sdcsd', 'pending', NULL, '2025-07-01 03:15:37', '2025-07-01 03:15:37', NULL),
(359, 154, 55, 1.00, 0.00, 'logitech', 'etst', 'pending', NULL, '2025-07-01 07:45:01', '2025-07-01 07:45:01', NULL),
(360, 84, 25, 1.00, 0.00, 'logitech', 'adsc', 'pending', NULL, '2025-07-01 08:27:24', '2025-07-01 08:27:24', NULL),
(361, 146, 43, 1.00, 0.00, 'logitech', 'dscfw', 'pending', NULL, '2025-07-01 08:34:23', '2025-07-01 08:34:23', NULL),
(362, 154, 43, 2.00, 0.00, 'logitech', 'sdfcsd', 'pending', NULL, '2025-07-01 08:47:01', '2025-07-02 02:10:50', NULL),
(363, 154, 14, 1.00, 0.00, 'logitech', 'ascas', 'pending', NULL, '2025-07-01 08:47:36', '2025-07-01 08:47:36', NULL),
(364, 146, 25, 1.00, 1.00, 'logitech', 'sdcsd', 'delivered', NULL, '2025-07-01 09:31:08', '2025-08-15 08:26:20', NULL),
(365, 154, 25, 1.00, 0.00, 'logitech', 'cdvsd', 'approved', NULL, '2025-07-01 09:43:20', '2025-07-02 01:20:31', NULL),
(366, 84, 25, 1.00, 1.00, 'logitech', 'ddd', 'delivered', NULL, '2025-07-02 01:20:56', '2025-07-05 02:19:25', NULL),
(367, 138, 21, 1.00, 0.00, 'logitech', NULL, 'pending', NULL, '2025-07-02 02:41:49', '2025-07-02 02:41:49', NULL),
(368, 154, 43, 1.00, 0.00, 'logitech', 'sd', 'pending', NULL, '2025-07-02 03:49:37', '2025-07-02 03:49:37', NULL),
(369, 69, 53, 1.00, 0.00, 'logitech', 'fgnfg', 'pending', NULL, '2025-07-02 03:53:21', '2025-07-02 03:53:21', NULL),
(375, 146, 25, 2.00, 0.00, 'logitech', 'opppsss', 'pending', NULL, '2025-07-02 04:13:09', '2025-07-02 04:13:09', NULL),
(376, 138, 14, 1.00, 0.00, 'logitech', 'fgbfg', 'pending', NULL, '2025-07-02 04:13:09', '2025-07-02 04:13:09', NULL),
(377, 77, 45, 1.00, 0.00, 'logitech', 'opppsssss', 'pending', NULL, '2025-07-02 04:13:10', '2025-07-02 04:13:10', NULL),
(378, 146, 54, 1.00, 0.00, 'logitech', '23345', 'pending', NULL, '2025-07-02 04:13:10', '2025-07-02 04:13:10', NULL),
(380, 154, 25, 1.00, 0.00, 'logitech', 'sdcsdcsd', 'pending', NULL, '2025-07-02 04:35:18', '2025-07-02 04:35:18', NULL),
(381, 138, 14, 1.00, 0.00, 'logitech', 'ascasc', 'pending', NULL, '2025-07-02 04:35:18', '2025-07-03 08:33:57', '2025-07-03 08:33:57'),
(382, 119, 52, 3.00, 0.00, 'logitech', 'dfvdf', 'pending', NULL, '2025-07-02 04:35:18', '2025-07-02 04:35:18', NULL),
(384, 120, 42, 1.00, 0.00, 'logitech', 'liului', 'pending', NULL, '2025-07-02 04:36:48', '2025-07-02 04:36:48', NULL),
(385, 71, 41, 1.00, 0.00, 'logitech', 'uioyuuiy', 'pending', NULL, '2025-07-02 04:36:48', '2025-07-02 04:36:48', NULL),
(386, 72, 40, 1.00, 0.00, 'logitech', 'oijk,', 'pending', NULL, '2025-07-02 04:36:48', '2025-07-02 04:36:48', NULL),
(387, 156, 14, 1.00, 0.00, 'logitech', 'dvsd', 'pending', NULL, '2025-07-02 04:37:30', '2025-07-04 04:16:13', '2025-07-04 04:16:13'),
(389, 154, 42, 1.00, 0.00, 'logitech', 'hyfb', 'pending', NULL, '2025-07-02 04:38:27', '2025-07-02 04:38:27', NULL),
(390, 124, 55, 2.00, 0.00, 'logitech', 'vbn', 'pending', NULL, '2025-07-02 04:38:27', '2025-07-02 04:38:27', NULL),
(391, 156, 26, 2.00, 0.00, 'logitech', 'fbsv', 'pending', NULL, '2025-07-02 04:38:27', '2025-07-02 04:38:27', NULL),
(392, 156, 14, 1.00, 1.00, 'logitech', 'rbrt', 'delivered', NULL, '2025-07-02 04:39:18', '2025-07-04 04:17:25', NULL),
(393, 146, 53, 1.00, 1.00, 'logitech', 'rbrt', 'delivered', NULL, '2025-07-02 04:39:18', '2025-08-15 08:11:35', NULL),
(394, 138, 19, 1.00, 0.00, 'logitech', 'nhty', 'pending', NULL, '2025-07-02 04:39:18', '2025-07-02 04:39:18', NULL),
(395, 156, 15, 1.00, 1.00, 'logitech', 'dcvdsw', 'delivered', NULL, '2025-07-02 04:52:36', '2025-07-04 04:17:25', NULL),
(396, 69, 43, 1.00, 1.00, 'logitech', 'dfdf', 'delivered', NULL, '2025-07-02 04:53:16', '2025-07-04 04:14:29', NULL),
(397, 154, 14, 4.00, 4.00, 'logitech', 'trbnrt', 'delivered', NULL, '2025-07-02 04:53:16', '2025-07-04 04:14:29', NULL),
(398, 138, 52, 1.00, 0.00, 'logitech', 'gbhsw', 'delivered', NULL, '2025-07-02 04:53:16', '2025-07-04 04:06:09', NULL),
(399, 154, 43, 1.00, 0.00, 'logitech', 'sdcsd', 'delivered', NULL, '2025-07-03 08:14:44', '2025-07-04 04:06:09', NULL),
(400, 84, 43, 1.00, 0.00, 'logitech', 'sdc', 'delivered', NULL, '2025-07-03 08:30:11', '2025-07-04 04:04:07', NULL),
(401, 154, 49, 1.00, 0.00, 'logitech', NULL, 'delivered', NULL, '2025-07-03 08:32:05', '2025-07-04 04:04:07', NULL),
(402, 144, 55, 2.00, 0.00, 'logitech', NULL, 'delivered', NULL, '2025-07-03 08:33:04', '2025-07-04 04:04:07', NULL),
(403, 84, 25, 1.00, 0.00, 'logitech', 'sdc', 'pending', NULL, '2025-07-03 08:34:39', '2025-07-03 08:34:39', NULL),
(404, 154, 15, 1.00, 1.00, 'logitech', 'dfvd', 'delivered', NULL, '2025-07-03 08:34:39', '2025-07-05 02:25:43', NULL),
(405, 146, 16, 1.00, 1.00, 'logitech', 'fvd', 'delivered', NULL, '2025-07-03 08:34:39', '2025-07-05 02:25:43', NULL),
(406, 154, 43, 1.00, 1.00, 'logitech', 'sdc', 'pending', NULL, '2025-07-03 08:36:54', '2025-07-07 06:30:30', NULL),
(407, 146, 25, 1.00, 1.00, 'logitech', 'csd', 'approved', NULL, '2025-07-03 08:37:15', '2025-07-07 06:30:51', NULL),
(408, 84, 43, 1.00, 1.00, 'logitech', 'sdc', 'delivered', NULL, '2025-07-03 08:37:15', '2025-07-03 09:06:07', NULL),
(409, 99, 14, 1.00, 1.00, 'logitech', 'fgfg', 'delivered', NULL, '2025-07-03 09:58:11', '2025-07-05 02:20:09', NULL),
(410, 84, 43, 1.00, 1.00, 'logitech', 'ff', 'delivered', NULL, '2025-07-03 10:03:18', '2025-07-04 01:38:58', NULL),
(411, 154, 15, 1.00, 1.00, 'logitech', 'hg', 'delivered', NULL, '2025-07-03 10:03:18', '2025-07-04 09:38:18', NULL),
(412, 172, 25, 1.00, 1.00, 'logitech', NULL, 'pending', NULL, '2025-07-04 03:35:01', '2025-07-07 08:05:37', '2025-07-07 08:05:37'),
(413, 99, 14, 2.00, 2.00, 'logitech', NULL, 'pending', NULL, '2025-07-04 09:45:03', '2025-07-07 08:04:51', '2025-07-07 08:04:51'),
(414, 146, 43, 1.00, 0.00, 'logitech', NULL, 'pending', NULL, '2025-07-07 08:04:02', '2025-07-07 08:04:27', '2025-07-07 08:04:27'),
(415, 146, 43, 1.00, 0.00, 'logitech', NULL, 'pending', NULL, '2025-07-07 08:04:06', '2025-07-07 08:13:16', '2025-07-07 08:13:16'),
(416, 146, 14, 1.00, 0.00, 'logitech', 'dfvd', 'pending', NULL, '2025-07-07 08:54:10', '2025-07-07 08:54:10', NULL),
(417, 154, 14, 1.00, 0.00, 'logitech', 'df', 'pending', NULL, '2025-07-07 08:54:47', '2025-07-07 08:54:47', NULL),
(418, 177, 49, 1.00, 0.00, 'logitech', NULL, 'pending', NULL, '2025-07-07 08:55:30', '2025-07-07 09:06:30', '2025-07-07 09:06:30'),
(419, 140, 55, 1.00, 1.00, 'logitech', NULL, 'delivered', NULL, '2025-07-07 08:56:05', '2025-07-07 09:12:07', NULL),
(420, 169, 39, 1.00, 0.00, 'logitech', NULL, 'pending', NULL, '2025-07-07 09:02:59', '2025-07-07 09:04:12', '2025-07-07 09:04:12'),
(421, 144, 27, 1.00, 0.00, 'logitech', NULL, 'pending', NULL, '2025-07-07 09:03:25', '2025-07-07 09:03:44', '2025-07-07 09:03:44'),
(422, 154, 14, 1.00, 1.00, 'logitech', 'gfbfg', 'delivered', NULL, '2025-07-07 09:06:58', '2025-07-07 09:12:07', NULL),
(423, 143, 52, 1.00, 0.00, 'logitech', NULL, 'pending', NULL, '2025-07-07 09:07:53', '2025-07-07 09:08:24', '2025-07-07 09:08:24'),
(424, 125, 59, 1.00, 1.00, 'logitech', NULL, 'delivered', NULL, '2025-07-07 09:08:11', '2025-07-07 09:12:07', NULL),
(425, 146, 25, 1.00, 0.00, 'logitech', 'dvdf', 'pending', NULL, '2025-07-07 09:13:01', '2025-07-07 09:13:01', NULL),
(426, 154, 43, 1.00, 0.00, 'logitech', 'df', 'pending', NULL, '2025-07-07 09:13:01', '2025-07-07 09:13:01', NULL),
(427, 124, 16, 1.00, 0.00, 'logitech', 'rbhr', 'pending', NULL, '2025-07-07 09:13:01', '2025-07-07 09:13:01', NULL),
(428, 68, 55, 1.00, 0.00, 'logitech', NULL, 'pending', NULL, '2025-07-07 09:13:41', '2025-07-07 09:13:41', NULL),
(429, 99, 31, 1.00, 0.00, 'logitech', NULL, 'pending', NULL, '2025-07-07 09:13:41', '2025-07-07 09:13:41', NULL),
(430, 156, 26, 1.00, 0.00, 'logitech', 'ascas', 'pending', NULL, '2025-07-07 09:24:56', '2025-07-07 09:40:22', NULL),
(431, 154, 43, 1.00, 1.00, 'logitech', 'sdcsd', 'delivered', NULL, '2025-07-07 09:25:17', '2025-08-15 08:11:35', NULL),
(432, 154, 14, 1.00, 1.00, 'logitech', 'asc', 'delivered', NULL, '2025-07-07 09:25:33', '2025-07-07 09:39:50', NULL),
(433, 84, 17, 1.00, 0.00, 'logitech', 'sdcfsd', 'approved', '2025-10-01 02:49:37', '2025-07-07 09:30:48', '2025-10-01 02:49:37', NULL),
(434, 180, 25, 1.50, 0.00, 'logitech', 'test', 'approved', '2025-10-01 02:49:32', '2025-07-08 02:04:35', '2025-10-01 02:49:32', NULL),
(435, 154, 43, 1.00, 0.00, 'logitech', 'asas', 'approved', '2025-10-07 07:51:59', '2025-07-08 02:51:45', '2025-10-07 07:51:59', NULL),
(436, 146, 43, 1.60, 1.60, 'logitech', 'erfwer', 'delivered', '2025-10-01 02:49:23', '2025-07-08 02:57:49', '2025-10-01 02:52:20', NULL),
(437, 99, 14, 1.00, 1.00, 'logitech', 'fdf', 'delivered', '2025-10-01 02:49:17', '2025-07-08 02:58:28', '2025-10-01 02:52:20', NULL),
(438, 156, 14, 1.08, 1.08, 'logitech', NULL, 'delivered', '2025-10-01 02:49:13', '2025-07-08 02:58:44', '2025-10-01 02:52:20', NULL),
(439, 99, 53, 1.70, 1.70, 'logitech', 'fg', 'delivered', '2025-10-01 02:49:08', '2025-07-08 02:59:01', '2025-10-01 02:52:20', NULL),
(440, 154, 14, 1.97, 1.97, 'logitech', 'ascasdvsd', 'delivered', '2025-10-01 02:49:04', '2025-07-08 03:43:25', '2025-10-01 02:52:20', NULL),
(441, 154, 14, 1.00, 1.00, 'logitech', 'sdvsdfd', 'delivered', '2025-10-01 02:48:59', '2025-07-08 03:43:39', '2025-10-01 02:52:20', NULL),
(442, 146, 43, 2.00, 2.00, 'logitech', 'sds', 'delivered', NULL, '2025-07-08 09:35:12', '2025-08-15 08:11:35', NULL),
(443, 146, 43, 1.00, 1.00, 'logitech', 'sdvsd', 'delivered', '2025-10-01 02:48:54', '2025-07-08 09:47:59', '2025-10-01 02:52:20', NULL),
(444, 184, 14, 1.00, 0.00, 'logitech', 'sdvsd', 'approved', '2025-10-01 02:48:50', '2025-07-08 09:52:36', '2025-10-13 09:45:24', NULL),
(445, 154, 15, 1.00, 1.00, 'logitech', 'sdcsd', 'delivered', '2025-10-01 02:48:46', '2025-07-08 10:02:45', '2025-10-01 02:52:20', NULL),
(446, 184, 43, 1.00, 1.00, 'logitech', 'sdcsd', 'delivered', '2025-10-01 02:48:41', '2025-07-09 01:29:37', '2025-10-01 02:52:20', NULL),
(447, 184, 25, 1.00, 1.00, 'logitech', 'sdcs', 'delivered', '2025-10-01 02:48:36', '2025-07-09 01:32:43', '2025-10-01 02:52:20', NULL),
(448, 184, 43, 1.00, 1.00, 'logitech', 'sd', 'delivered', '2025-10-01 02:48:31', '2025-07-09 01:40:13', '2025-10-01 02:52:20', NULL),
(449, 140, 17, 1.00, 1.00, 'logitech', 'sdc', 'delivered', '2025-08-15 08:08:25', '2025-07-09 01:45:21', '2025-08-15 08:11:35', NULL),
(450, 72, 45, 1.00, 1.00, 'logitech', 'dfbdf', 'delivered', '2025-08-15 08:08:18', '2025-07-09 01:51:00', '2025-08-15 08:11:35', NULL),
(451, 154, 17, 1.00, 1.00, 'logitech', 'sdc', 'delivered', NULL, '2025-07-09 01:55:20', '2025-07-19 01:49:40', NULL),
(452, 184, 43, 1.00, 1.00, 'logitech', NULL, 'delivered', NULL, '2025-07-09 02:07:14', '2025-07-17 09:37:42', NULL),
(453, 123, 15, 5.00, 0.00, 'logitech', 'kjnn', 'pending', NULL, '2025-07-09 02:08:33', '2025-07-09 02:55:17', '2025-07-09 02:55:17'),
(454, 167, 14, 2.00, 0.00, 'logitech', 'sdcvsd', 'pending', NULL, '2025-07-09 02:53:53', '2025-07-09 03:26:37', '2025-07-09 03:26:37'),
(455, 156, 61, 2.00, 2.00, 'logitech', 'dvd', 'delivered', NULL, '2025-07-09 03:26:07', '2025-07-17 09:37:42', NULL),
(456, 59, 14, 5.00, 5.00, 'logitech', NULL, 'delivered', NULL, '2025-07-09 03:36:19', '2025-08-15 08:11:35', NULL),
(457, 90, 14, 1.00, 0.00, 'logitech', 'sdcd', 'pending', NULL, '2025-07-09 03:37:11', '2025-07-09 03:38:07', '2025-07-09 03:38:07'),
(458, 70, 43, 1.00, 1.00, 'logitech', 'ddf', 'delivered', NULL, '2025-07-09 04:26:09', '2025-07-17 09:08:23', NULL),
(459, 90, 49, 1.00, 1.00, 'logitech', NULL, 'delivered', NULL, '2025-07-09 04:26:50', '2025-07-17 09:33:49', NULL),
(460, 187, 64, 5.00, 5.00, 'logitech', 'test', 'delivered', NULL, '2025-07-09 07:08:19', '2025-07-09 08:30:38', NULL),
(463, 154, 14, 12.00, 0.00, 'logitech', 'wcfwe', 'pending', NULL, '2025-07-14 06:23:31', '2025-07-14 06:23:48', '2025-07-14 06:23:48'),
(469, 194, 41, 1.00, 1.00, 'logitech', NULL, 'delivered', NULL, '2025-07-16 04:40:31', '2025-07-17 08:51:45', NULL),
(470, 90, 45, 1.00, 1.00, 'logitech', NULL, 'delivered', NULL, '2025-07-17 04:06:41', '2025-07-17 08:51:45', NULL),
(471, 146, 15, 1.00, 1.00, 'logitech', 'dvsd', 'delivered', NULL, '2025-07-17 04:07:18', '2025-07-17 08:35:42', NULL),
(472, 184, 14, 1.00, 1.00, 'logitech', 'asxcas', 'delivered', NULL, '2025-07-17 04:09:07', '2025-07-17 08:35:42', NULL),
(473, 140, 14, 1.00, 1.00, 'logitech', NULL, 'delivered', NULL, '2025-07-17 04:10:31', '2025-07-17 04:41:54', NULL),
(474, 67, 49, 1.00, 1.00, 'logitech', NULL, 'approved', '2025-10-01 03:12:44', '2025-07-17 04:17:24', '2025-10-01 03:12:44', NULL),
(475, 184, 64, 1.00, 1.00, 'dyla', NULL, 'canceled', '2025-09-30 09:25:29', '2025-07-17 07:38:04', '2025-10-01 03:12:29', NULL),
(476, 146, 43, 1.00, 1.00, 'logitech', 'xc s', 'delivered', NULL, '2025-07-18 04:16:19', '2025-07-18 07:24:12', NULL),
(477, 84, 43, 1.00, 1.00, 'logitech', 'aass', 'delivered', '2025-08-15 08:08:03', '2025-07-19 02:47:44', '2025-08-15 08:11:35', NULL),
(478, 198, 14, 1.00, 1.00, 'logitech', NULL, 'delivered', '2025-08-15 08:07:57', '2025-07-19 02:48:09', '2025-08-15 08:11:35', NULL),
(481, 84, 14, 1.00, 1.00, 'logitech', 'sas', 'delivered', '2025-08-15 08:07:51', '2025-07-19 02:49:13', '2025-08-15 08:11:35', NULL),
(482, 198, 43, 1.00, 1.00, 'logitech', 'sxcas', 'delivered', NULL, '2025-07-19 02:49:13', '2025-07-26 04:24:16', NULL),
(483, 62, 25, 2.00, 2.00, 'logitech', 'asxas', 'delivered', '2025-08-15 08:07:44', '2025-07-19 02:49:13', '2025-08-15 08:11:35', NULL),
(484, 177, 15, 1.00, 1.00, 'logitech', 'ddf', 'delivered', '2025-08-15 08:07:36', '2025-07-19 02:49:13', '2025-08-15 08:11:35', NULL),
(485, 84, 43, 1.00, 1.00, 'logitech', 'sdd', 'delivered', '2025-08-15 08:07:30', '2025-07-21 03:17:23', '2025-08-15 08:11:35', NULL),
(486, 84, 43, 1.00, 1.00, 'logitech', 'asxas', 'delivered', NULL, '2025-07-21 03:30:32', '2025-07-26 04:24:16', NULL),
(487, 188, 65, 1.00, 0.00, 'logitech', 'axas', 'approved', '2025-09-13 04:57:24', '2025-07-21 03:30:51', '2025-09-13 04:57:24', NULL),
(488, 215, 25, 1.00, 1.00, 'logitech', 'as', 'delivered', NULL, '2025-07-21 03:31:09', '2025-07-26 04:24:16', NULL),
(489, 188, 14, 1.00, 0.10, 'logitech', 'asa', 'approved', '2025-10-07 08:00:37', '2025-07-21 04:37:18', '2025-10-07 08:00:37', NULL),
(490, 90, 73, 6.00, 6.00, 'logitech', NULL, 'delivered', NULL, '2025-07-22 09:32:22', '2025-07-23 08:25:05', NULL),
(491, 154, 73, 3.00, 3.00, 'logitech', NULL, 'delivered', NULL, '2025-07-22 09:32:22', '2025-07-26 04:09:22', NULL),
(492, 84, 43, 3.00, 3.00, 'dyla', 'etst', 'delivered', '2025-08-15 08:07:16', '2025-07-23 08:36:19', '2025-08-15 08:11:35', NULL),
(493, 154, 73, 2.00, 2.00, 'dyla', NULL, 'delivered', '2025-08-15 08:07:01', '2025-07-23 08:37:31', '2025-10-01 02:21:58', NULL),
(494, 66, 42, 2.00, 2.00, 'logitech', NULL, 'delivered', NULL, '2025-07-23 09:00:43', '2025-07-23 09:20:32', NULL),
(495, 180, 64, 2.00, 2.00, 'logitech', NULL, 'delivered', NULL, '2025-07-23 09:47:30', '2025-07-26 04:19:16', NULL),
(496, 215, 25, 5.00, 0.00, 'tari', '1', 'pending', NULL, '2025-07-25 09:13:28', '2025-07-26 01:26:15', '2025-07-26 01:26:15'),
(497, 215, 25, 1.00, 1.00, 'tari', NULL, 'delivered', '2025-09-13 04:38:47', '2025-07-26 03:46:43', '2025-10-01 02:21:58', NULL),
(498, 192, 43, 1.00, 1.00, 'tari', NULL, 'delivered', '2025-07-26 04:08:29', '2025-07-26 03:47:38', '2025-07-26 04:08:37', NULL),
(499, 215, 25, 5.00, 5.00, 'logitech', NULL, 'delivered', '2025-07-26 04:19:38', '2025-07-26 04:10:53', '2025-08-15 08:11:35', NULL),
(500, 154, 72, 5.00, 0.00, 'logitech', NULL, 'pending', '2025-10-01 03:12:14', '2025-07-26 04:24:51', '2025-10-01 03:14:48', NULL),
(501, 192, 70, 1.00, 1.00, 'logitech', 'sdcs', 'delivered', '2025-09-13 04:33:08', '2025-08-18 04:26:09', '2025-10-01 02:21:58', NULL),
(502, 192, 25, 1.00, 0.00, 'logitech', 'ascas', 'delivered', NULL, '2025-08-18 04:35:55', '2025-09-13 04:18:39', NULL),
(503, 171, 14, 1.00, 0.00, 'logitech', 'ascas', 'approved', '2025-10-01 03:14:36', '2025-08-18 04:38:36', '2025-10-01 03:14:36', NULL),
(504, 72, 14, 1.00, 0.00, 'logitech', 'test', 'pending', '2025-09-13 04:16:16', '2025-08-18 04:40:07', '2025-09-29 09:14:08', '2025-09-29 09:14:08'),
(505, 192, 25, 1.00, 0.00, 'logitech', 'sdc', 'canceled', '2025-09-13 04:39:07', '2025-08-18 07:03:21', '2025-10-09 07:02:22', '2025-10-09 07:02:22'),
(506, 60, 25, 1.00, 0.00, 'logitech', 'test order', 'approved', '2025-10-07 07:51:11', '2025-09-13 05:01:17', '2025-10-07 07:51:11', NULL),
(507, 181, 66, 1.00, 1.00, 'logitech', 'asca', 'delivered', '2025-10-01 02:21:23', '2025-09-13 05:04:06', '2025-10-01 02:21:58', NULL),
(508, 75, 21, 1.00, 1.00, 'logitech', NULL, 'delivered', '2025-10-01 02:21:19', '2025-09-13 05:08:36', '2025-10-01 02:21:58', NULL),
(509, 216, 39, 1.00, 1.00, 'logitech', 'dert', 'delivered', '2025-09-29 09:05:01', '2025-09-29 09:04:22', '2025-09-30 09:24:06', NULL),
(510, 192, 64, 1.00, 1.00, 'logitech', '23', 'delivered', '2025-10-01 02:20:56', '2025-09-29 09:05:40', '2025-10-01 02:21:58', NULL),
(511, 146, 72, 1.00, 1.00, 'logitech', NULL, 'delivered', '2025-09-29 09:11:43', '2025-09-29 09:10:02', '2025-09-30 09:24:06', NULL),
(512, 187, 14, 1.00, 1.00, 'logitech', NULL, 'delivered', '2025-10-01 02:20:44', '2025-09-29 09:12:38', '2025-10-01 02:21:58', NULL),
(513, 168, 50, 1.00, 1.00, 'tari', 'test', 'delivered', '2025-09-29 09:17:04', '2025-09-29 09:15:58', '2025-10-13 09:03:59', '2025-10-13 09:03:59'),
(514, 215, 17, 1.00, 0.00, 'tari', NULL, 'pending', NULL, '2025-09-29 09:18:00', '2025-09-29 09:52:54', '2025-09-29 09:52:54'),
(515, 215, 43, 1.00, 0.00, 'tari', NULL, 'approved', '2025-09-29 09:36:51', '2025-09-29 09:36:23', '2025-09-29 09:56:26', '2025-09-29 09:56:26'),
(516, 140, 80, 1.00, 0.00, 'tari', NULL, 'approved', '2025-09-29 09:46:56', '2025-09-29 09:46:02', '2025-09-29 09:53:05', '2025-09-29 09:53:05'),
(517, 69, 40, 1.00, 0.00, 'tari', 'sdcs', 'pending', NULL, '2025-09-29 09:51:29', '2025-09-30 02:39:35', '2025-09-30 02:39:35'),
(518, 215, 43, 1.00, 0.00, 'tari', 'qwd', 'approved', '2025-10-07 07:51:01', '2025-09-30 02:40:02', '2025-10-07 07:51:01', NULL),
(519, 69, 15, 1.00, 1.00, 'dyla', NULL, 'delivered', '2025-10-01 02:20:39', '2025-09-30 02:51:40', '2025-10-01 02:21:58', NULL),
(520, 146, 43, 12.00, 12.00, 'tari', 'as', 'delivered', '2025-10-01 02:20:31', '2025-09-30 02:54:29', '2025-10-13 08:48:38', '2025-10-13 08:48:38'),
(521, 192, 45, 1.00, 0.00, 'logitech', 'ascas', 'approved', '2025-10-07 08:03:24', '2025-10-01 03:55:16', '2025-10-07 08:03:24', NULL),
(522, 167, 49, 1.00, 0.00, 'logitech', NULL, 'approved', '2025-10-07 07:50:49', '2025-10-03 03:20:22', '2025-10-07 07:50:49', NULL),
(523, 154, 14, 1.00, 0.00, 'logitech', 'test', 'pending', NULL, '2025-10-13 08:47:21', '2025-10-13 08:47:21', NULL);
INSERT INTO `material_requests` (`id`, `inventory_id`, `project_id`, `qty`, `processed_qty`, `requested_by`, `remark`, `status`, `approved_at`, `created_at`, `updated_at`, `deleted_at`) VALUES
(524, 215, 43, 2.00, 0.00, 'logitech', 'Imported from Material Planning', 'pending', NULL, '2025-10-15 09:49:45', '2025-10-15 09:49:45', NULL),
(525, 215, 190, 1.00, 0.00, 'asih', 'dcm', 'pending', NULL, '2025-10-17 03:51:42', '2025-10-17 03:51:56', '2025-10-17 03:51:56'),
(526, 231, 254, 1.00, 0.00, 'tari', NULL, 'pending', NULL, '2025-10-17 04:24:44', '2025-10-17 04:24:44', NULL),
(527, 75, 21, 1.00, 0.00, 'logitech', 'test', 'pending', NULL, '2025-10-17 07:05:34', '2025-10-17 07:05:34', NULL),
(528, 74, 23, 1.00, 0.00, 'logitech', 'test', 'pending', NULL, '2025-10-17 07:06:57', '2025-10-17 07:06:57', NULL),
(529, 88, 41, 1.00, 0.00, 'logitech', 'test', 'pending', NULL, '2025-10-17 07:09:04', '2025-10-17 07:09:04', NULL),
(530, 75, 39, 1.00, 0.00, 'logitech', 'etst', 'pending', NULL, '2025-10-17 07:12:58', '2025-10-17 07:12:58', NULL),
(531, 178, 74, 1.00, 0.00, 'logitech', 'test', 'pending', NULL, '2025-10-17 07:24:34', '2025-10-17 07:24:34', NULL),
(532, 227, 40, 1.00, 0.00, 'logitech', 'test', 'pending', NULL, '2025-10-17 07:26:41', '2025-10-17 07:26:41', NULL),
(533, 178, 21, 1.00, 0.00, 'logitech', 'test', 'approved', '2025-10-18 01:24:55', '2025-10-18 01:23:48', '2025-10-18 01:24:55', NULL);

-- --------------------------------------------------------

--
-- Table structure for table `material_usages`
--

CREATE TABLE `material_usages` (
  `id` bigint UNSIGNED NOT NULL,
  `inventory_id` bigint UNSIGNED NOT NULL,
  `project_id` bigint UNSIGNED DEFAULT NULL,
  `used_quantity` decimal(12,2) NOT NULL DEFAULT '0.00',
  `created_at` timestamp NULL DEFAULT NULL,
  `updated_at` timestamp NULL DEFAULT NULL,
  `deleted_at` timestamp NULL DEFAULT NULL
) ENGINE=InnoDB DEFAULT CHARSET=utf8mb4 COLLATE=utf8mb4_unicode_ci;

--
-- Dumping data for table `material_usages`
--

INSERT INTO `material_usages` (`id`, `inventory_id`, `project_id`, `used_quantity`, `created_at`, `updated_at`, `deleted_at`) VALUES
(17, 69, 25, 4.00, '2025-05-20 01:34:37', '2025-08-15 08:26:20', NULL),
(24, 84, 40, 2.00, '2025-05-22 08:54:05', '2025-07-09 07:01:39', NULL),
(27, 72, 15, 4.00, '2025-05-22 09:12:23', '2025-07-09 07:01:38', NULL),
(28, 72, 26, 5.00, '2025-05-22 09:38:05', '2025-07-09 07:01:38', NULL),
(29, 84, 25, 4.20, '2025-05-23 02:15:36', '2025-08-15 08:26:20', NULL),
(31, 59, 15, 6.50, '2025-05-23 02:58:57', '2025-06-11 10:04:57', '2025-06-11 10:04:57'),
(33, 61, 17, 3.50, '2025-05-23 08:02:39', '2025-08-15 08:26:20', NULL),
(34, 63, 31, 1.00, '2025-06-02 04:33:15', '2025-08-15 08:26:20', NULL),
(35, 62, 31, 1.00, '2025-06-03 01:58:06', '2025-07-09 07:01:37', NULL),
(36, 60, 15, 1.00, '2025-06-03 07:58:01', '2025-07-09 07:01:37', NULL),
(37, 69, 15, 4.00, '2025-06-03 07:58:21', '2025-10-01 02:21:58', NULL),
(38, 89, 25, 1.00, '2025-06-04 06:38:05', '2025-07-09 07:01:39', NULL),
(40, 62, 26, 2.00, '2025-06-04 06:54:51', '2025-07-09 07:01:37', NULL),
(41, 69, 19, 0.50, '2025-06-04 06:59:06', '2025-07-09 07:01:38', NULL),
(42, 58, 18, 0.60, '2025-06-04 09:15:14', '2025-07-09 07:01:36', NULL),
(43, 119, 46, 4.00, '2025-06-09 04:05:01', '2025-07-09 07:01:42', NULL),
(44, 75, 14, 0.50, '2025-06-09 06:07:39', '2025-07-09 07:01:38', NULL),
(45, 60, 14, 3.00, '2025-06-17 04:52:50', '2025-08-15 08:11:35', NULL),
(46, 153, 53, 1.00, '2025-06-17 06:11:26', '2025-07-09 07:01:45', NULL),
(47, 90, 53, 2.00, '2025-06-17 07:45:40', '2025-07-09 07:01:39', NULL),
(48, 153, 15, 1.00, '2025-06-24 09:51:52', '2025-07-09 07:01:44', NULL),
(49, 146, 25, 2.00, '2025-06-24 10:11:51', '2025-08-15 08:26:20', NULL),
(50, 69, 43, 2.00, '2025-06-25 02:13:16', '2025-07-09 07:01:38', NULL),
(51, 147, 45, 1.00, '2025-06-25 04:19:24', '2025-07-09 07:01:44', NULL),
(52, 145, 53, 1.00, '2025-06-25 04:20:26', '2025-07-09 07:01:44', NULL),
(53, 146, 49, 5.00, '2025-06-25 07:17:37', '2025-07-09 07:01:44', NULL),
(54, 64, 49, 1.00, '2025-07-02 07:20:33', '2025-07-02 07:20:33', NULL),
(55, 63, 24, 5.00, '2025-07-02 08:56:57', '2025-07-09 07:01:37', NULL),
(56, 84, 43, 10.00, '2025-07-03 09:06:07', '2025-08-15 08:11:35', NULL),
(57, 154, 43, 3.00, '2025-07-03 10:06:57', '2025-08-15 08:11:35', NULL),
(58, 172, 25, 1.00, '2025-07-04 03:38:37', '2025-07-09 07:01:46', NULL),
(59, 154, 49, 1.00, '2025-07-04 04:04:07', '2025-07-09 07:01:45', NULL),
(60, 144, 55, 2.00, '2025-07-04 04:04:07', '2025-07-09 07:01:43', NULL),
(61, 138, 52, 1.00, '2025-07-04 04:06:09', '2025-07-09 07:01:43', NULL),
(62, 154, 14, 8.97, '2025-07-04 04:14:29', '2025-10-01 02:52:20', NULL),
(63, 156, 14, 0.50, '2025-07-04 04:17:25', '2025-10-13 09:24:53', NULL),
(64, 156, 15, 0.80, '2025-07-04 04:17:25', '2025-07-09 07:01:45', NULL),
(65, 154, 15, 2.00, '2025-07-04 09:38:19', '2025-10-13 09:35:59', NULL),
(66, 99, 14, 3.00, '2025-07-05 02:20:09', '2025-10-09 07:29:13', NULL),
(67, 146, 16, 1.00, '2025-07-05 02:25:43', '2025-07-09 07:01:44', NULL),
(68, 125, 59, 2.00, '2025-07-07 09:08:59', '2025-07-09 07:01:42', NULL),
(69, 140, 55, 1.00, '2025-07-07 09:12:07', '2025-07-09 07:01:43', NULL),
(70, 58, 14, 0.00, '2025-07-09 06:48:02', '2025-07-09 07:01:36', NULL),
(71, 58, 15, 0.00, '2025-07-09 06:48:02', '2025-07-09 07:01:36', NULL),
(72, 58, 16, 0.00, '2025-07-09 06:48:02', '2025-07-09 07:01:36', NULL),
(73, 58, 17, 0.00, '2025-07-09 06:48:02', '2025-07-09 07:01:36', NULL),
(74, 58, 19, 0.00, '2025-07-09 06:48:02', '2025-07-09 07:01:36', NULL),
(75, 58, 20, 0.00, '2025-07-09 06:48:02', '2025-07-09 07:01:36', NULL),
(76, 58, 21, 0.00, '2025-07-09 06:48:02', '2025-07-09 07:01:36', NULL),
(77, 58, 23, 0.00, '2025-07-09 06:48:02', '2025-07-09 07:01:36', NULL),
(78, 58, 24, 0.00, '2025-07-09 06:48:02', '2025-07-09 07:01:36', NULL),
(79, 58, 25, 0.00, '2025-07-09 06:48:02', '2025-07-09 07:01:36', NULL),
(80, 58, 26, 0.00, '2025-07-09 06:48:02', '2025-07-09 07:01:36', NULL),
(81, 58, 27, 0.00, '2025-07-09 06:48:02', '2025-07-09 07:01:36', NULL),
(82, 58, 31, 0.00, '2025-07-09 06:48:02', '2025-07-09 07:01:37', NULL),
(83, 58, 39, 0.00, '2025-07-09 06:48:02', '2025-07-09 07:01:37', NULL),
(84, 58, 40, 0.00, '2025-07-09 06:48:02', '2025-07-09 07:01:37', NULL),
(85, 58, 41, 0.00, '2025-07-09 06:48:02', '2025-07-09 07:01:37', NULL),
(86, 58, 42, 0.00, '2025-07-09 06:48:02', '2025-07-09 07:01:37', NULL),
(87, 58, 43, 0.00, '2025-07-09 06:48:02', '2025-07-09 07:01:37', NULL),
(88, 58, 44, 0.00, '2025-07-09 06:48:02', '2025-07-09 07:01:37', NULL),
(89, 58, 45, 0.00, '2025-07-09 06:48:02', '2025-07-09 07:01:37', NULL),
(90, 58, 46, 0.00, '2025-07-09 06:48:02', '2025-07-09 07:01:37', NULL),
(91, 58, 48, 0.00, '2025-07-09 06:48:02', '2025-07-09 07:01:37', NULL),
(92, 58, 49, 0.00, '2025-07-09 06:48:02', '2025-07-09 07:01:37', NULL),
(93, 58, 50, 0.00, '2025-07-09 06:48:02', '2025-07-09 07:01:37', NULL),
(94, 58, 51, 0.00, '2025-07-09 06:48:02', '2025-07-09 07:01:37', NULL),
(95, 58, 52, 0.00, '2025-07-09 06:48:02', '2025-07-09 07:01:37', NULL),
(96, 58, 53, 0.00, '2025-07-09 06:48:02', '2025-07-09 07:01:37', NULL),
(97, 58, 55, 0.00, '2025-07-09 06:48:02', '2025-07-09 07:01:37', NULL),
(98, 58, 57, 0.00, '2025-07-09 06:48:02', '2025-07-09 07:01:37', NULL),
(99, 58, 58, 0.00, '2025-07-09 06:48:02', '2025-07-09 07:01:37', NULL),
(100, 58, 59, 0.00, '2025-07-09 06:48:02', '2025-07-09 07:01:37', NULL),
(101, 58, 61, 0.00, '2025-07-09 06:48:03', '2025-07-09 07:01:37', NULL),
(102, 58, 62, 0.00, '2025-07-09 06:48:03', '2025-07-09 07:01:37', NULL),
(103, 58, 63, 0.00, '2025-07-09 06:48:03', '2025-07-09 07:01:37', NULL),
(104, 59, 14, 7.10, '2025-07-09 06:48:03', '2025-08-15 08:26:20', NULL),
(105, 59, 15, 0.00, '2025-07-09 06:48:03', '2025-07-09 07:01:37', NULL),
(106, 59, 16, 1.50, '2025-07-09 06:48:03', '2025-08-15 08:26:20', NULL),
(107, 59, 17, 0.00, '2025-07-09 06:48:03', '2025-07-09 07:01:37', NULL),
(108, 59, 18, 0.00, '2025-07-09 06:48:03', '2025-07-09 07:01:37', NULL),
(109, 59, 19, 0.00, '2025-07-09 06:48:03', '2025-07-09 07:01:37', NULL),
(110, 59, 20, 0.00, '2025-07-09 06:48:03', '2025-07-09 07:01:37', NULL),
(111, 59, 21, 0.00, '2025-07-09 06:48:03', '2025-07-09 07:01:37', NULL),
(112, 59, 23, 0.00, '2025-07-09 06:48:03', '2025-07-09 07:01:37', NULL),
(113, 59, 24, 0.00, '2025-07-09 06:48:03', '2025-07-09 07:01:37', NULL),
(114, 59, 25, 0.00, '2025-07-09 06:48:03', '2025-07-09 07:01:37', NULL),
(115, 59, 26, 0.00, '2025-07-09 06:48:03', '2025-07-09 07:01:37', NULL),
(116, 59, 27, 0.00, '2025-07-09 06:48:03', '2025-07-09 07:01:37', NULL),
(117, 59, 31, 0.00, '2025-07-09 06:48:03', '2025-07-09 07:01:37', NULL),
(118, 59, 39, 0.00, '2025-07-09 06:48:03', '2025-07-09 07:01:37', NULL),
(119, 59, 40, 0.00, '2025-07-09 06:48:03', '2025-07-09 07:01:37', NULL),
(120, 59, 41, 0.00, '2025-07-09 06:48:03', '2025-07-09 07:01:37', NULL),
(121, 59, 42, 0.00, '2025-07-09 06:48:03', '2025-07-09 07:01:37', NULL),
(122, 59, 43, 0.00, '2025-07-09 06:48:03', '2025-07-09 07:01:37', NULL),
(123, 59, 44, 0.00, '2025-07-09 06:48:03', '2025-07-09 07:01:37', NULL),
(124, 59, 45, 0.00, '2025-07-09 06:48:03', '2025-07-09 07:01:37', NULL),
(125, 59, 46, 0.00, '2025-07-09 06:48:03', '2025-07-09 07:01:37', NULL),
(126, 59, 48, 0.00, '2025-07-09 06:48:03', '2025-07-09 07:01:37', NULL),
(127, 59, 49, 0.00, '2025-07-09 06:48:03', '2025-07-09 07:01:37', NULL),
(128, 59, 50, 0.00, '2025-07-09 06:48:03', '2025-07-09 07:01:37', NULL),
(129, 59, 51, 0.00, '2025-07-09 06:48:03', '2025-07-09 07:01:37', NULL),
(130, 59, 52, 0.00, '2025-07-09 06:48:03', '2025-07-09 07:01:37', NULL),
(131, 59, 53, 0.00, '2025-07-09 06:48:03', '2025-07-09 07:01:37', NULL),
(132, 59, 55, 0.00, '2025-07-09 06:48:03', '2025-07-09 07:01:37', NULL),
(133, 59, 57, 0.00, '2025-07-09 06:48:03', '2025-07-09 07:01:37', NULL),
(134, 59, 58, 0.00, '2025-07-09 06:48:03', '2025-07-09 07:01:37', NULL),
(135, 59, 59, 0.00, '2025-07-09 06:48:03', '2025-07-09 07:01:37', NULL),
(136, 59, 61, 0.00, '2025-07-09 06:48:03', '2025-07-09 07:01:37', NULL),
(137, 59, 62, 0.00, '2025-07-09 06:48:03', '2025-07-09 07:01:37', NULL),
(138, 59, 63, 0.00, '2025-07-09 06:48:03', '2025-07-09 07:01:37', NULL),
(139, 60, 16, 0.00, '2025-07-09 06:48:03', '2025-07-09 07:01:37', NULL),
(140, 60, 17, 0.00, '2025-07-09 06:48:03', '2025-07-09 07:01:37', NULL),
(141, 60, 18, 0.00, '2025-07-09 06:48:03', '2025-07-09 07:01:37', NULL),
(142, 60, 19, 0.00, '2025-07-09 06:48:03', '2025-07-09 07:01:37', NULL),
(143, 60, 20, 0.00, '2025-07-09 06:48:03', '2025-07-09 07:01:37', NULL),
(144, 60, 21, 0.00, '2025-07-09 06:48:03', '2025-07-09 07:01:37', NULL),
(145, 60, 23, 0.00, '2025-07-09 06:48:03', '2025-07-09 07:01:37', NULL),
(146, 60, 24, 0.00, '2025-07-09 06:48:03', '2025-07-09 07:01:37', NULL),
(147, 60, 25, 2.00, '2025-07-09 06:48:03', '2025-08-15 08:26:20', NULL),
(148, 60, 26, 0.00, '2025-07-09 06:48:03', '2025-07-09 07:01:37', NULL),
(149, 60, 27, 0.00, '2025-07-09 06:48:03', '2025-07-09 07:01:37', NULL),
(150, 60, 31, 0.00, '2025-07-09 06:48:03', '2025-07-09 07:01:37', NULL),
(151, 60, 39, 1.00, '2025-07-09 06:48:03', '2025-07-09 07:01:37', NULL),
(152, 60, 40, 0.00, '2025-07-09 06:48:03', '2025-07-09 07:01:37', NULL),
(153, 60, 41, 0.00, '2025-07-09 06:48:03', '2025-07-09 07:01:37', NULL),
(154, 60, 42, 0.00, '2025-07-09 06:48:03', '2025-07-09 07:01:37', NULL),
(155, 60, 43, 1.00, '2025-07-09 06:48:03', '2025-08-15 08:26:20', NULL),
(156, 60, 44, 0.00, '2025-07-09 06:48:03', '2025-07-09 07:01:37', NULL),
(157, 60, 45, 0.00, '2025-07-09 06:48:03', '2025-07-09 07:01:37', NULL),
(158, 60, 46, 0.00, '2025-07-09 06:48:03', '2025-07-09 07:01:37', NULL),
(159, 60, 48, 0.00, '2025-07-09 06:48:03', '2025-07-09 07:01:37', NULL),
(160, 60, 49, 0.00, '2025-07-09 06:48:03', '2025-07-09 07:01:37', NULL),
(161, 60, 50, 0.00, '2025-07-09 06:48:03', '2025-07-09 07:01:37', NULL),
(162, 60, 51, 0.00, '2025-07-09 06:48:03', '2025-07-09 07:01:37', NULL),
(163, 60, 52, 0.00, '2025-07-09 06:48:03', '2025-07-09 07:01:37', NULL),
(164, 60, 53, 0.00, '2025-07-09 06:48:03', '2025-07-09 07:01:37', NULL),
(165, 60, 55, 0.00, '2025-07-09 06:48:03', '2025-07-09 07:01:37', NULL),
(166, 60, 57, 0.00, '2025-07-09 06:48:03', '2025-07-09 07:01:37', NULL),
(167, 60, 58, 0.00, '2025-07-09 06:48:03', '2025-07-09 07:01:37', NULL),
(168, 60, 59, 0.00, '2025-07-09 06:48:03', '2025-07-09 07:01:37', NULL),
(169, 60, 61, 0.00, '2025-07-09 06:48:03', '2025-07-09 07:01:37', NULL),
(170, 60, 62, 0.00, '2025-07-09 06:48:03', '2025-07-09 07:01:37', NULL),
(171, 60, 63, 0.00, '2025-07-09 06:48:03', '2025-07-09 07:01:37', NULL),
(172, 61, 14, 1.00, '2025-07-09 06:48:03', '2025-07-17 04:41:54', NULL),
(173, 61, 15, 0.00, '2025-07-09 06:48:03', '2025-07-09 07:01:37', NULL),
(174, 61, 16, 0.00, '2025-07-09 06:48:03', '2025-07-09 07:01:37', NULL),
(175, 61, 18, 0.00, '2025-07-09 06:48:03', '2025-07-09 07:01:37', NULL),
(176, 61, 19, 0.00, '2025-07-09 06:48:03', '2025-07-09 07:01:37', NULL),
(177, 61, 20, 0.00, '2025-07-09 06:48:03', '2025-07-09 07:01:37', NULL),
(178, 61, 21, 0.00, '2025-07-09 06:48:03', '2025-07-09 07:01:37', NULL),
(179, 61, 23, 0.00, '2025-07-09 06:48:03', '2025-07-09 07:01:37', NULL),
(180, 61, 24, 0.00, '2025-07-09 06:48:03', '2025-07-09 07:01:37', NULL),
(181, 61, 25, 0.00, '2025-07-09 06:48:03', '2025-07-09 07:01:37', NULL),
(182, 61, 26, 0.00, '2025-07-09 06:48:03', '2025-07-09 07:01:37', NULL),
(183, 61, 27, 0.00, '2025-07-09 06:48:03', '2025-07-09 07:01:37', NULL),
(184, 61, 31, 0.00, '2025-07-09 06:48:03', '2025-07-09 07:01:37', NULL),
(185, 61, 39, 0.00, '2025-07-09 06:48:03', '2025-07-09 07:01:37', NULL),
(186, 61, 40, 0.00, '2025-07-09 06:48:03', '2025-07-09 07:01:37', NULL),
(187, 61, 41, 0.00, '2025-07-09 06:48:03', '2025-07-09 07:01:37', NULL),
(188, 61, 42, 0.00, '2025-07-09 06:48:03', '2025-07-09 07:01:37', NULL),
(189, 61, 43, 0.00, '2025-07-09 06:48:03', '2025-07-09 07:01:37', NULL),
(190, 61, 44, 0.00, '2025-07-09 06:48:03', '2025-07-09 07:01:37', NULL),
(191, 61, 45, 0.00, '2025-07-09 06:48:03', '2025-07-09 07:01:37', NULL),
(192, 61, 46, 0.00, '2025-07-09 06:48:03', '2025-07-09 07:01:37', NULL),
(193, 61, 48, 0.00, '2025-07-09 06:48:03', '2025-07-09 07:01:37', NULL),
(194, 61, 49, 0.00, '2025-07-09 06:48:03', '2025-07-09 07:01:37', NULL),
(195, 61, 50, 0.00, '2025-07-09 06:48:03', '2025-07-09 07:01:37', NULL),
(196, 61, 51, 0.00, '2025-07-09 06:48:03', '2025-07-09 07:01:37', NULL),
(197, 61, 52, 0.00, '2025-07-09 06:48:03', '2025-07-09 07:01:37', NULL),
(198, 61, 53, 0.00, '2025-07-09 06:48:03', '2025-07-09 07:01:37', NULL),
(199, 61, 55, 0.00, '2025-07-09 06:48:03', '2025-07-09 07:01:37', NULL),
(200, 61, 57, 0.00, '2025-07-09 06:48:03', '2025-07-09 07:01:37', NULL),
(201, 61, 58, 0.00, '2025-07-09 06:48:03', '2025-07-09 07:01:37', NULL),
(202, 61, 59, 0.00, '2025-07-09 06:48:03', '2025-07-09 07:01:37', NULL),
(203, 61, 61, 0.00, '2025-07-09 06:48:03', '2025-07-09 07:01:37', NULL),
(204, 61, 62, 0.00, '2025-07-09 06:48:03', '2025-07-09 07:01:37', NULL),
(205, 61, 63, 0.00, '2025-07-09 06:48:03', '2025-07-09 07:01:37', NULL),
(206, 62, 14, 0.00, '2025-07-09 06:48:03', '2025-07-09 07:01:37', NULL),
(207, 62, 15, 0.00, '2025-07-09 06:48:03', '2025-07-09 07:01:37', NULL),
(208, 62, 16, 0.00, '2025-07-09 06:48:03', '2025-07-09 07:01:37', NULL),
(209, 62, 17, 0.00, '2025-07-09 06:48:03', '2025-07-09 07:01:37', NULL),
(210, 62, 18, 0.00, '2025-07-09 06:48:03', '2025-07-09 07:01:37', NULL),
(211, 62, 19, 0.00, '2025-07-09 06:48:03', '2025-07-09 07:01:37', NULL),
(212, 62, 20, 0.00, '2025-07-09 06:48:03', '2025-07-09 07:01:37', NULL),
(213, 62, 21, 0.00, '2025-07-09 06:48:03', '2025-07-09 07:01:37', NULL),
(214, 62, 23, 0.00, '2025-07-09 06:48:03', '2025-07-09 07:01:37', NULL),
(215, 62, 24, 0.00, '2025-07-09 06:48:03', '2025-07-09 07:01:37', NULL),
(216, 62, 25, 2.00, '2025-07-09 06:48:03', '2025-08-15 08:11:35', NULL),
(217, 62, 27, 0.00, '2025-07-09 06:48:03', '2025-07-09 07:01:37', NULL),
(218, 62, 39, 0.00, '2025-07-09 06:48:03', '2025-07-09 07:01:37', NULL),
(219, 62, 40, 0.00, '2025-07-09 06:48:03', '2025-07-09 07:01:37', NULL),
(220, 62, 41, 0.00, '2025-07-09 06:48:03', '2025-07-09 07:01:37', NULL),
(221, 62, 42, 0.00, '2025-07-09 06:48:03', '2025-07-09 07:01:37', NULL),
(222, 62, 43, 0.00, '2025-07-09 06:48:03', '2025-07-09 07:01:37', NULL),
(223, 62, 44, 0.00, '2025-07-09 06:48:03', '2025-07-09 07:01:37', NULL),
(224, 62, 45, 0.00, '2025-07-09 06:48:03', '2025-07-09 07:01:37', NULL),
(225, 62, 46, 0.00, '2025-07-09 06:48:03', '2025-07-09 07:01:37', NULL),
(226, 62, 48, 0.00, '2025-07-09 06:48:03', '2025-07-09 07:01:37', NULL),
(227, 62, 49, 0.00, '2025-07-09 06:48:03', '2025-07-09 07:01:37', NULL),
(228, 62, 50, 0.00, '2025-07-09 06:48:03', '2025-07-09 07:01:37', NULL),
(229, 62, 51, 0.00, '2025-07-09 06:48:03', '2025-07-09 07:01:37', NULL),
(230, 62, 52, 0.00, '2025-07-09 06:48:03', '2025-07-09 07:01:37', NULL),
(231, 62, 53, 0.00, '2025-07-09 06:48:03', '2025-07-09 07:01:37', NULL),
(232, 62, 55, 0.00, '2025-07-09 06:48:03', '2025-07-09 07:01:37', NULL),
(233, 62, 57, 0.00, '2025-07-09 06:48:03', '2025-07-09 07:01:37', NULL),
(234, 62, 58, 0.00, '2025-07-09 06:48:03', '2025-07-09 07:01:37', NULL),
(235, 62, 59, 0.00, '2025-07-09 06:48:03', '2025-07-09 07:01:37', NULL),
(236, 62, 61, 0.00, '2025-07-09 06:48:03', '2025-07-09 07:01:37', NULL),
(237, 62, 62, 0.00, '2025-07-09 06:48:03', '2025-07-09 07:01:37', NULL),
(238, 62, 63, 0.00, '2025-07-09 06:48:03', '2025-07-09 07:01:37', NULL),
(239, 63, 14, 0.00, '2025-07-09 06:48:03', '2025-07-09 07:01:37', NULL),
(240, 63, 15, 0.00, '2025-07-09 06:48:03', '2025-07-09 07:01:37', NULL),
(241, 63, 16, 0.00, '2025-07-09 06:48:03', '2025-07-09 07:01:37', NULL),
(242, 63, 17, 0.00, '2025-07-09 06:48:03', '2025-07-09 07:01:37', NULL),
(243, 63, 18, 0.00, '2025-07-09 06:48:03', '2025-07-09 07:01:37', NULL),
(244, 63, 19, 0.00, '2025-07-09 06:48:03', '2025-07-09 07:01:37', NULL),
(245, 63, 20, 0.00, '2025-07-09 06:48:03', '2025-07-09 07:01:37', NULL),
(246, 63, 21, 0.00, '2025-07-09 06:48:03', '2025-07-09 07:01:37', NULL),
(247, 63, 23, 0.00, '2025-07-09 06:48:03', '2025-07-09 07:01:37', NULL),
(248, 63, 25, 0.00, '2025-07-09 06:48:03', '2025-07-09 07:01:37', NULL),
(249, 63, 26, 0.00, '2025-07-09 06:48:03', '2025-07-09 07:01:37', NULL),
(250, 63, 27, 0.00, '2025-07-09 06:48:03', '2025-07-09 07:01:37', NULL),
(251, 63, 39, 0.00, '2025-07-09 06:48:03', '2025-07-09 07:01:37', NULL),
(252, 63, 40, 0.00, '2025-07-09 06:48:03', '2025-07-09 07:01:37', NULL),
(253, 63, 41, 0.00, '2025-07-09 06:48:03', '2025-07-09 07:01:37', NULL),
(254, 63, 42, 0.00, '2025-07-09 06:48:03', '2025-07-09 07:01:37', NULL),
(255, 63, 43, 0.00, '2025-07-09 06:48:03', '2025-07-09 07:01:37', NULL),
(256, 63, 44, 0.00, '2025-07-09 06:48:03', '2025-07-09 07:01:37', NULL),
(257, 63, 45, 0.00, '2025-07-09 06:48:03', '2025-07-09 07:01:37', NULL),
(258, 63, 46, 0.00, '2025-07-09 06:48:03', '2025-07-09 07:01:37', NULL),
(259, 63, 48, 0.00, '2025-07-09 06:48:03', '2025-07-09 07:01:37', NULL),
(260, 63, 49, 0.00, '2025-07-09 06:48:03', '2025-07-09 07:01:37', NULL),
(261, 63, 50, 0.00, '2025-07-09 06:48:03', '2025-07-09 07:01:37', NULL),
(262, 63, 51, 0.00, '2025-07-09 06:48:03', '2025-07-09 07:01:37', NULL),
(263, 63, 52, 0.00, '2025-07-09 06:48:03', '2025-07-09 07:01:37', NULL),
(264, 63, 53, 0.00, '2025-07-09 06:48:03', '2025-07-09 07:01:37', NULL),
(265, 63, 55, 0.00, '2025-07-09 06:48:03', '2025-07-09 07:01:37', NULL),
(266, 63, 57, 0.00, '2025-07-09 06:48:03', '2025-07-09 07:01:37', NULL),
(267, 63, 58, 0.00, '2025-07-09 06:48:03', '2025-07-09 07:01:37', NULL),
(268, 63, 59, 0.00, '2025-07-09 06:48:03', '2025-07-09 07:01:37', NULL),
(269, 63, 61, 0.00, '2025-07-09 06:48:03', '2025-07-09 07:01:37', NULL),
(270, 63, 62, 0.00, '2025-07-09 06:48:03', '2025-07-09 07:01:37', NULL),
(271, 63, 63, 0.00, '2025-07-09 06:48:03', '2025-07-09 07:01:37', NULL),
(272, 65, 14, 0.00, '2025-07-09 06:48:03', '2025-07-09 07:01:37', NULL),
(273, 65, 15, 0.00, '2025-07-09 06:48:03', '2025-07-09 07:01:37', NULL),
(274, 65, 16, 0.00, '2025-07-09 06:48:03', '2025-07-09 07:01:37', NULL),
(275, 65, 17, 0.00, '2025-07-09 06:48:03', '2025-07-09 07:01:37', NULL),
(276, 65, 18, 0.00, '2025-07-09 06:48:03', '2025-07-09 07:01:37', NULL),
(277, 65, 19, 0.00, '2025-07-09 06:48:03', '2025-07-09 07:01:37', NULL),
(278, 65, 20, 0.00, '2025-07-09 06:48:03', '2025-07-09 07:01:37', NULL),
(279, 65, 21, 0.00, '2025-07-09 06:48:03', '2025-07-09 07:01:37', NULL),
(280, 65, 23, 0.00, '2025-07-09 06:48:03', '2025-07-09 07:01:37', NULL),
(281, 65, 24, 0.00, '2025-07-09 06:48:03', '2025-07-09 07:01:37', NULL),
(282, 65, 25, 0.00, '2025-07-09 06:48:03', '2025-07-09 07:01:37', NULL),
(283, 65, 26, 0.00, '2025-07-09 06:48:03', '2025-07-09 07:01:37', NULL),
(284, 65, 27, 0.00, '2025-07-09 06:48:03', '2025-07-09 07:01:37', NULL),
(285, 65, 31, 0.00, '2025-07-09 06:48:03', '2025-07-09 07:01:37', NULL),
(286, 65, 39, 0.00, '2025-07-09 06:48:03', '2025-07-09 07:01:37', NULL),
(287, 65, 40, 0.00, '2025-07-09 06:48:03', '2025-07-09 07:01:37', NULL),
(288, 65, 41, 0.00, '2025-07-09 06:48:03', '2025-07-09 07:01:37', NULL),
(289, 65, 42, 0.00, '2025-07-09 06:48:03', '2025-07-09 07:01:37', NULL),
(290, 65, 43, 0.00, '2025-07-09 06:48:03', '2025-07-09 07:01:37', NULL),
(291, 65, 44, 0.00, '2025-07-09 06:48:03', '2025-07-09 07:01:37', NULL),
(292, 65, 45, 0.00, '2025-07-09 06:48:03', '2025-07-09 07:01:37', NULL),
(293, 65, 46, 0.00, '2025-07-09 06:48:03', '2025-07-09 07:01:37', NULL),
(294, 65, 48, 0.00, '2025-07-09 06:48:03', '2025-07-09 07:01:37', NULL),
(295, 65, 49, 0.00, '2025-07-09 06:48:03', '2025-07-09 07:01:37', NULL),
(296, 65, 50, 0.00, '2025-07-09 06:48:03', '2025-07-09 07:01:37', NULL),
(297, 65, 51, 0.00, '2025-07-09 06:48:03', '2025-07-09 07:01:37', NULL),
(298, 65, 52, 0.00, '2025-07-09 06:48:03', '2025-07-09 07:01:37', NULL),
(299, 65, 53, 0.00, '2025-07-09 06:48:03', '2025-07-09 07:01:37', NULL),
(300, 65, 55, 0.00, '2025-07-09 06:48:03', '2025-07-09 07:01:37', NULL),
(301, 65, 57, 0.00, '2025-07-09 06:48:03', '2025-07-09 07:01:37', NULL),
(302, 65, 58, 0.00, '2025-07-09 06:48:03', '2025-07-09 07:01:37', NULL),
(303, 65, 59, 0.00, '2025-07-09 06:48:03', '2025-07-09 07:01:37', NULL),
(304, 65, 61, 0.00, '2025-07-09 06:48:03', '2025-07-09 07:01:37', NULL),
(305, 65, 62, 0.00, '2025-07-09 06:48:03', '2025-07-09 07:01:37', NULL),
(306, 65, 63, 0.00, '2025-07-09 06:48:03', '2025-07-09 07:01:37', NULL),
(307, 66, 14, 0.00, '2025-07-09 06:48:03', '2025-07-09 07:01:37', NULL),
(308, 66, 15, 0.00, '2025-07-09 06:48:03', '2025-07-09 07:01:37', NULL),
(309, 66, 16, 0.00, '2025-07-09 06:48:03', '2025-07-09 07:01:37', NULL),
(310, 66, 17, 0.00, '2025-07-09 06:48:03', '2025-07-09 07:01:37', NULL),
(311, 66, 18, 0.00, '2025-07-09 06:48:03', '2025-07-09 07:01:37', NULL),
(312, 66, 19, 0.00, '2025-07-09 06:48:03', '2025-07-09 07:01:37', NULL),
(313, 66, 20, 0.00, '2025-07-09 06:48:03', '2025-07-09 07:01:37', NULL),
(314, 66, 21, 0.00, '2025-07-09 06:48:03', '2025-07-09 07:01:37', NULL),
(315, 66, 23, 0.00, '2025-07-09 06:48:03', '2025-07-09 07:01:37', NULL),
(316, 66, 24, 0.00, '2025-07-09 06:48:03', '2025-07-09 07:01:37', NULL),
(317, 66, 25, 0.00, '2025-07-09 06:48:03', '2025-07-09 07:01:37', NULL),
(318, 66, 26, 0.00, '2025-07-09 06:48:03', '2025-07-09 07:01:37', NULL),
(319, 66, 27, 0.00, '2025-07-09 06:48:03', '2025-07-09 07:01:37', NULL),
(320, 66, 31, 0.00, '2025-07-09 06:48:03', '2025-07-09 07:01:37', NULL),
(321, 66, 39, 0.00, '2025-07-09 06:48:03', '2025-07-09 07:01:37', NULL),
(322, 66, 40, 0.00, '2025-07-09 06:48:03', '2025-07-09 07:01:37', NULL),
(323, 66, 41, 0.00, '2025-07-09 06:48:03', '2025-07-09 07:01:37', NULL),
(324, 66, 42, 2.00, '2025-07-09 06:48:03', '2025-07-23 09:20:33', NULL),
(325, 66, 43, 0.00, '2025-07-09 06:48:03', '2025-07-09 07:01:37', NULL),
(326, 66, 44, 0.00, '2025-07-09 06:48:03', '2025-07-09 07:01:37', NULL),
(327, 66, 45, 0.00, '2025-07-09 06:48:03', '2025-07-09 07:01:37', NULL),
(328, 66, 46, 0.00, '2025-07-09 06:48:03', '2025-07-09 07:01:37', NULL),
(329, 66, 48, 0.00, '2025-07-09 06:48:03', '2025-07-09 07:01:37', NULL),
(330, 66, 49, 0.00, '2025-07-09 06:48:03', '2025-07-09 07:01:37', NULL),
(331, 66, 50, 0.00, '2025-07-09 06:48:03', '2025-07-09 07:01:37', NULL),
(332, 66, 51, 0.00, '2025-07-09 06:48:03', '2025-07-09 07:01:37', NULL),
(333, 66, 52, 0.00, '2025-07-09 06:48:03', '2025-07-09 07:01:37', NULL),
(334, 66, 53, 0.00, '2025-07-09 06:48:03', '2025-07-09 07:01:37', NULL),
(335, 66, 55, 0.00, '2025-07-09 06:48:03', '2025-07-09 07:01:37', NULL),
(336, 66, 57, 0.00, '2025-07-09 06:48:03', '2025-07-09 07:01:37', NULL),
(337, 66, 58, 0.00, '2025-07-09 06:48:03', '2025-07-09 07:01:37', NULL),
(338, 66, 59, 0.00, '2025-07-09 06:48:03', '2025-07-09 07:01:37', NULL),
(339, 66, 61, 0.00, '2025-07-09 06:48:03', '2025-07-09 07:01:37', NULL),
(340, 66, 62, 0.00, '2025-07-09 06:48:03', '2025-07-09 07:01:37', NULL),
(341, 66, 63, 0.00, '2025-07-09 06:48:03', '2025-07-09 07:01:37', NULL),
(342, 67, 14, 0.00, '2025-07-09 06:48:03', '2025-07-09 07:01:37', NULL),
(343, 67, 15, 0.00, '2025-07-09 06:48:03', '2025-07-09 07:01:37', NULL),
(344, 67, 16, 0.00, '2025-07-09 06:48:03', '2025-07-09 07:01:37', NULL),
(345, 67, 17, 0.00, '2025-07-09 06:48:03', '2025-07-09 07:01:37', NULL),
(346, 67, 18, 0.00, '2025-07-09 06:48:04', '2025-07-09 07:01:37', NULL),
(347, 67, 19, 0.00, '2025-07-09 06:48:04', '2025-07-09 07:01:37', NULL),
(348, 67, 20, 0.00, '2025-07-09 06:48:04', '2025-07-09 07:01:37', NULL),
(349, 67, 21, 0.00, '2025-07-09 06:48:04', '2025-07-09 07:01:37', NULL),
(350, 67, 23, 0.00, '2025-07-09 06:48:04', '2025-07-09 07:01:37', NULL),
(351, 67, 24, 0.00, '2025-07-09 06:48:04', '2025-07-09 07:01:37', NULL),
(352, 67, 25, 0.00, '2025-07-09 06:48:04', '2025-07-09 07:01:38', NULL),
(353, 67, 26, 0.00, '2025-07-09 06:48:04', '2025-07-09 07:01:38', NULL),
(354, 67, 27, 0.00, '2025-07-09 06:48:04', '2025-07-09 07:01:38', NULL),
(355, 67, 31, 0.00, '2025-07-09 06:48:04', '2025-07-09 07:01:38', NULL),
(356, 67, 39, 0.00, '2025-07-09 06:48:04', '2025-07-09 07:01:38', NULL),
(357, 67, 40, 0.00, '2025-07-09 06:48:04', '2025-07-09 07:01:38', NULL),
(358, 67, 41, 0.00, '2025-07-09 06:48:04', '2025-07-09 07:01:38', NULL),
(359, 67, 42, 0.00, '2025-07-09 06:48:04', '2025-07-09 07:01:38', NULL),
(360, 67, 43, 0.00, '2025-07-09 06:48:04', '2025-07-09 07:01:38', NULL),
(361, 67, 44, 0.00, '2025-07-09 06:48:04', '2025-07-09 07:01:38', NULL),
(362, 67, 45, 0.00, '2025-07-09 06:48:04', '2025-07-09 07:01:38', NULL),
(363, 67, 46, 0.00, '2025-07-09 06:48:04', '2025-07-09 07:01:38', NULL),
(364, 67, 48, 0.00, '2025-07-09 06:48:04', '2025-07-09 07:01:38', NULL),
(365, 67, 49, 1.00, '2025-07-09 06:48:04', '2025-07-17 04:29:38', NULL),
(366, 67, 50, 0.00, '2025-07-09 06:48:04', '2025-07-09 07:01:38', NULL),
(367, 67, 51, 0.00, '2025-07-09 06:48:04', '2025-07-09 07:01:38', NULL),
(368, 67, 52, 0.00, '2025-07-09 06:48:04', '2025-07-09 07:01:38', NULL),
(369, 67, 53, 0.00, '2025-07-09 06:48:04', '2025-07-09 07:01:38', NULL),
(370, 67, 55, 0.00, '2025-07-09 06:48:04', '2025-07-09 07:01:38', NULL),
(371, 67, 57, 0.00, '2025-07-09 06:48:04', '2025-07-09 07:01:38', NULL),
(372, 67, 58, 0.00, '2025-07-09 06:48:04', '2025-07-09 07:01:38', NULL),
(373, 67, 59, 0.00, '2025-07-09 06:48:04', '2025-07-09 07:01:38', NULL),
(374, 67, 61, 0.00, '2025-07-09 06:48:04', '2025-07-09 07:01:38', NULL),
(375, 67, 62, 0.00, '2025-07-09 06:48:04', '2025-07-09 07:01:38', NULL),
(376, 67, 63, 0.00, '2025-07-09 06:48:04', '2025-07-09 07:01:38', NULL),
(377, 68, 14, 0.00, '2025-07-09 06:48:04', '2025-07-09 07:01:38', NULL),
(378, 68, 15, 0.00, '2025-07-09 06:48:04', '2025-07-09 07:01:38', NULL),
(379, 68, 16, 0.00, '2025-07-09 06:48:04', '2025-07-09 07:01:38', NULL),
(380, 68, 17, 0.00, '2025-07-09 06:48:04', '2025-07-09 07:01:38', NULL),
(381, 68, 18, 0.00, '2025-07-09 06:48:04', '2025-07-09 07:01:38', NULL),
(382, 68, 19, 0.00, '2025-07-09 06:48:04', '2025-07-09 07:01:38', NULL),
(383, 68, 20, 0.00, '2025-07-09 06:48:04', '2025-07-09 07:01:38', NULL),
(384, 68, 21, 0.00, '2025-07-09 06:48:04', '2025-07-09 07:01:38', NULL),
(385, 68, 23, 0.00, '2025-07-09 06:48:04', '2025-07-09 07:01:38', NULL),
(386, 68, 24, 0.00, '2025-07-09 06:48:04', '2025-07-09 07:01:38', NULL),
(387, 68, 25, 0.00, '2025-07-09 06:48:04', '2025-07-09 07:01:38', NULL),
(388, 68, 26, 0.00, '2025-07-09 06:48:04', '2025-07-09 07:01:38', NULL),
(389, 68, 27, 0.00, '2025-07-09 06:48:04', '2025-07-09 07:01:38', NULL),
(390, 68, 31, 0.00, '2025-07-09 06:48:04', '2025-07-09 07:01:38', NULL),
(391, 68, 39, 0.00, '2025-07-09 06:48:04', '2025-07-09 07:01:38', NULL),
(392, 68, 40, 0.00, '2025-07-09 06:48:04', '2025-07-09 07:01:38', NULL),
(393, 68, 41, 0.00, '2025-07-09 06:48:04', '2025-07-09 07:01:38', NULL),
(394, 68, 42, 0.00, '2025-07-09 06:48:04', '2025-07-09 07:01:38', NULL),
(395, 68, 43, 0.00, '2025-07-09 06:48:04', '2025-07-09 07:01:38', NULL),
(396, 68, 44, 0.00, '2025-07-09 06:48:04', '2025-07-09 07:01:38', NULL),
(397, 68, 45, 0.00, '2025-07-09 06:48:04', '2025-07-09 07:01:38', NULL),
(398, 68, 46, 0.00, '2025-07-09 06:48:04', '2025-07-09 07:01:38', NULL),
(399, 68, 48, 0.00, '2025-07-09 06:48:04', '2025-07-09 07:01:38', NULL),
(400, 68, 49, 0.00, '2025-07-09 06:48:04', '2025-07-09 07:01:38', NULL),
(401, 68, 50, 0.00, '2025-07-09 06:48:04', '2025-07-09 07:01:38', NULL),
(402, 68, 51, 0.00, '2025-07-09 06:48:04', '2025-07-09 07:01:38', NULL),
(403, 68, 52, 0.00, '2025-07-09 06:48:04', '2025-07-09 07:01:38', NULL),
(404, 68, 53, 0.00, '2025-07-09 06:48:04', '2025-07-09 07:01:38', NULL),
(405, 68, 55, 0.00, '2025-07-09 06:48:04', '2025-07-09 07:01:38', NULL),
(406, 68, 57, 0.00, '2025-07-09 06:48:04', '2025-07-09 07:01:38', NULL),
(407, 68, 58, 0.00, '2025-07-09 06:48:04', '2025-07-09 07:01:38', NULL),
(408, 68, 59, 0.00, '2025-07-09 06:48:04', '2025-07-09 07:01:38', NULL),
(409, 68, 61, 0.00, '2025-07-09 06:48:04', '2025-07-09 07:01:38', NULL),
(410, 68, 62, 0.00, '2025-07-09 06:48:04', '2025-07-09 07:01:38', NULL),
(411, 68, 63, 0.00, '2025-07-09 06:48:04', '2025-07-09 07:01:38', NULL),
(412, 69, 14, 9.00, '2025-07-09 06:48:04', '2025-08-15 08:26:20', NULL),
(413, 69, 16, 1.00, '2025-07-09 06:48:04', '2025-07-09 07:01:38', NULL),
(414, 69, 17, 0.00, '2025-07-09 06:48:04', '2025-07-09 07:01:38', NULL),
(415, 69, 18, 0.00, '2025-07-09 06:48:04', '2025-07-09 07:01:38', NULL),
(416, 69, 20, 0.00, '2025-07-09 06:48:04', '2025-07-09 07:01:38', NULL),
(417, 69, 21, 0.00, '2025-07-09 06:48:04', '2025-07-09 07:01:38', NULL),
(418, 69, 23, 0.00, '2025-07-09 06:48:04', '2025-07-09 07:01:38', NULL),
(419, 69, 24, 0.00, '2025-07-09 06:48:04', '2025-07-09 07:01:38', NULL),
(420, 69, 26, 0.00, '2025-07-09 06:48:04', '2025-07-09 07:01:38', NULL),
(421, 69, 27, 0.00, '2025-07-09 06:48:04', '2025-07-09 07:01:38', NULL),
(422, 69, 31, 0.00, '2025-07-09 06:48:04', '2025-07-09 07:01:38', NULL),
(423, 69, 39, 1.00, '2025-07-09 06:48:04', '2025-08-15 08:26:20', NULL),
(424, 69, 40, 0.00, '2025-07-09 06:48:04', '2025-07-09 07:01:38', NULL),
(425, 69, 41, 0.00, '2025-07-09 06:48:04', '2025-07-09 07:01:38', NULL),
(426, 69, 42, 0.00, '2025-07-09 06:48:04', '2025-07-09 07:01:38', NULL),
(427, 69, 44, 0.00, '2025-07-09 06:48:04', '2025-07-09 07:01:38', NULL),
(428, 69, 45, 0.00, '2025-07-09 06:48:04', '2025-07-09 07:01:38', NULL),
(429, 69, 46, 0.00, '2025-07-09 06:48:04', '2025-07-09 07:01:38', NULL),
(430, 69, 48, 0.00, '2025-07-09 06:48:04', '2025-07-09 07:01:38', NULL),
(431, 69, 49, 0.00, '2025-07-09 06:48:04', '2025-07-09 07:01:38', NULL),
(432, 69, 50, 0.00, '2025-07-09 06:48:04', '2025-07-09 07:01:38', NULL),
(433, 69, 51, 0.00, '2025-07-09 06:48:04', '2025-07-09 07:01:38', NULL),
(434, 69, 52, 0.00, '2025-07-09 06:48:04', '2025-07-09 07:01:38', NULL),
(435, 69, 53, 0.00, '2025-07-09 06:48:04', '2025-07-09 07:01:38', NULL),
(436, 69, 55, 0.00, '2025-07-09 06:48:04', '2025-07-09 07:01:38', NULL),
(437, 69, 57, 0.00, '2025-07-09 06:48:04', '2025-07-09 07:01:38', NULL),
(438, 69, 58, 0.00, '2025-07-09 06:48:04', '2025-07-09 07:01:38', NULL),
(439, 69, 59, 0.00, '2025-07-09 06:48:04', '2025-07-09 07:01:38', NULL),
(440, 69, 61, 0.00, '2025-07-09 06:48:04', '2025-07-09 07:01:38', NULL),
(441, 69, 62, 0.00, '2025-07-09 06:48:04', '2025-07-09 07:01:38', NULL),
(442, 69, 63, 0.00, '2025-07-09 06:48:04', '2025-07-09 07:01:38', NULL),
(443, 70, 14, 0.00, '2025-07-09 06:48:04', '2025-07-09 07:01:38', NULL),
(444, 70, 15, 0.00, '2025-07-09 06:48:04', '2025-07-09 07:01:38', NULL),
(445, 70, 16, 0.00, '2025-07-09 06:48:04', '2025-07-09 07:01:38', NULL),
(446, 70, 17, 0.00, '2025-07-09 06:48:04', '2025-07-09 07:01:38', NULL),
(447, 70, 18, 0.00, '2025-07-09 06:48:04', '2025-07-09 07:01:38', NULL),
(448, 70, 19, 0.00, '2025-07-09 06:48:04', '2025-07-09 07:01:38', NULL),
(449, 70, 20, 0.00, '2025-07-09 06:48:04', '2025-07-09 07:01:38', NULL),
(450, 70, 21, 0.00, '2025-07-09 06:48:04', '2025-07-09 07:01:38', NULL),
(451, 70, 23, 0.00, '2025-07-09 06:48:04', '2025-07-09 07:01:38', NULL),
(452, 70, 24, 0.00, '2025-07-09 06:48:04', '2025-07-09 07:01:38', NULL),
(453, 70, 25, 0.00, '2025-07-09 06:48:04', '2025-07-09 07:01:38', NULL),
(454, 70, 26, 0.00, '2025-07-09 06:48:04', '2025-07-09 07:01:38', NULL),
(455, 70, 27, 0.00, '2025-07-09 06:48:04', '2025-07-09 07:01:38', NULL),
(456, 70, 31, 0.00, '2025-07-09 06:48:04', '2025-07-09 07:01:38', NULL),
(457, 70, 39, 0.00, '2025-07-09 06:48:04', '2025-07-09 07:01:38', NULL),
(458, 70, 40, 0.00, '2025-07-09 06:48:04', '2025-07-09 07:01:38', NULL),
(459, 70, 41, 0.00, '2025-07-09 06:48:04', '2025-07-09 07:01:38', NULL),
(460, 70, 42, 0.00, '2025-07-09 06:48:04', '2025-07-09 07:01:38', NULL),
(461, 70, 43, 1.00, '2025-07-09 06:48:04', '2025-07-17 09:08:23', NULL),
(462, 70, 44, 0.00, '2025-07-09 06:48:04', '2025-07-09 07:01:38', NULL),
(463, 70, 45, 0.00, '2025-07-09 06:48:04', '2025-07-09 07:01:38', NULL),
(464, 70, 46, 0.00, '2025-07-09 06:48:04', '2025-07-09 07:01:38', NULL),
(465, 70, 48, 0.00, '2025-07-09 06:48:04', '2025-07-09 07:01:38', NULL),
(466, 70, 49, 1.00, '2025-07-09 06:48:04', '2025-07-17 04:31:02', NULL),
(467, 70, 50, 0.00, '2025-07-09 06:48:04', '2025-07-09 07:01:38', NULL),
(468, 70, 51, 0.00, '2025-07-09 06:48:04', '2025-07-09 07:01:38', NULL),
(469, 70, 52, 0.00, '2025-07-09 06:48:04', '2025-07-09 07:01:38', NULL),
(470, 70, 53, 0.00, '2025-07-09 06:48:04', '2025-07-09 07:01:38', NULL),
(471, 70, 55, 0.00, '2025-07-09 06:48:04', '2025-07-09 07:01:38', NULL),
(472, 70, 57, 0.00, '2025-07-09 06:48:04', '2025-07-09 07:01:38', NULL),
(473, 70, 58, 0.00, '2025-07-09 06:48:04', '2025-07-09 07:01:38', NULL),
(474, 70, 59, 0.00, '2025-07-09 06:48:04', '2025-07-09 07:01:38', NULL),
(475, 70, 61, 0.00, '2025-07-09 06:48:04', '2025-07-09 07:01:38', NULL),
(476, 70, 62, 0.00, '2025-07-09 06:48:04', '2025-07-09 07:01:38', NULL),
(477, 70, 63, 0.00, '2025-07-09 06:48:04', '2025-07-09 07:01:38', NULL),
(478, 71, 14, 0.00, '2025-07-09 06:48:04', '2025-07-09 07:01:38', NULL),
(479, 71, 15, 0.00, '2025-07-09 06:48:04', '2025-07-09 07:01:38', NULL),
(480, 71, 16, 0.00, '2025-07-09 06:48:04', '2025-07-09 07:01:38', NULL),
(481, 71, 17, 0.00, '2025-07-09 06:48:04', '2025-07-09 07:01:38', NULL),
(482, 71, 18, 0.00, '2025-07-09 06:48:04', '2025-07-09 07:01:38', NULL),
(483, 71, 19, 0.00, '2025-07-09 06:48:04', '2025-07-09 07:01:38', NULL),
(484, 71, 20, 0.00, '2025-07-09 06:48:04', '2025-07-09 07:01:38', NULL),
(485, 71, 21, 0.00, '2025-07-09 06:48:04', '2025-07-09 07:01:38', NULL),
(486, 71, 23, 0.00, '2025-07-09 06:48:04', '2025-07-09 07:01:38', NULL),
(487, 71, 24, 0.00, '2025-07-09 06:48:04', '2025-07-09 07:01:38', NULL),
(488, 71, 25, 0.00, '2025-07-09 06:48:04', '2025-07-09 07:01:38', NULL),
(489, 71, 26, 0.00, '2025-07-09 06:48:04', '2025-07-09 07:01:38', NULL),
(490, 71, 27, 0.00, '2025-07-09 06:48:04', '2025-07-09 07:01:38', NULL),
(491, 71, 31, 0.00, '2025-07-09 06:48:04', '2025-07-09 07:01:38', NULL),
(492, 71, 39, 0.00, '2025-07-09 06:48:04', '2025-07-09 07:01:38', NULL),
(493, 71, 40, 0.00, '2025-07-09 06:48:04', '2025-07-09 07:01:38', NULL),
(494, 71, 41, 0.00, '2025-07-09 06:48:04', '2025-07-09 07:01:38', NULL),
(495, 71, 42, 0.00, '2025-07-09 06:48:04', '2025-07-09 07:01:38', NULL),
(496, 71, 43, 0.00, '2025-07-09 06:48:04', '2025-07-09 07:01:38', NULL),
(497, 71, 44, 0.00, '2025-07-09 06:48:04', '2025-07-09 07:01:38', NULL),
(498, 71, 45, 0.00, '2025-07-09 06:48:04', '2025-07-09 07:01:38', NULL),
(499, 71, 46, 0.00, '2025-07-09 06:48:04', '2025-07-09 07:01:38', NULL),
(500, 71, 48, 0.00, '2025-07-09 06:48:04', '2025-07-09 07:01:38', NULL),
(501, 71, 49, 0.00, '2025-07-09 06:48:04', '2025-07-09 07:01:38', NULL),
(502, 71, 50, 0.00, '2025-07-09 06:48:04', '2025-07-09 07:01:38', NULL),
(503, 71, 51, 0.00, '2025-07-09 06:48:04', '2025-07-09 07:01:38', NULL),
(504, 71, 52, 0.00, '2025-07-09 06:48:04', '2025-07-09 07:01:38', NULL),
(505, 71, 53, 0.00, '2025-07-09 06:48:04', '2025-07-09 07:01:38', NULL),
(506, 71, 55, 0.00, '2025-07-09 06:48:04', '2025-07-09 07:01:38', NULL),
(507, 71, 57, 0.00, '2025-07-09 06:48:04', '2025-07-09 07:01:38', NULL),
(508, 71, 58, 0.00, '2025-07-09 06:48:04', '2025-07-09 07:01:38', NULL),
(509, 71, 59, 0.00, '2025-07-09 06:48:04', '2025-07-09 07:01:38', NULL),
(510, 71, 61, 0.00, '2025-07-09 06:48:04', '2025-07-09 07:01:38', NULL),
(511, 71, 62, 0.00, '2025-07-09 06:48:04', '2025-07-09 07:01:38', NULL),
(512, 71, 63, 0.00, '2025-07-09 06:48:04', '2025-07-09 07:01:38', NULL),
(513, 72, 14, 0.00, '2025-07-09 06:48:04', '2025-07-09 07:01:38', NULL),
(514, 72, 16, -2.00, '2025-07-09 06:48:04', '2025-07-09 07:01:38', NULL),
(515, 72, 17, 0.00, '2025-07-09 06:48:04', '2025-07-09 07:01:38', NULL),
(516, 72, 18, 0.00, '2025-07-09 06:48:04', '2025-07-09 07:01:38', NULL),
(517, 72, 19, 0.00, '2025-07-09 06:48:04', '2025-07-09 07:01:38', NULL),
(518, 72, 20, 0.00, '2025-07-09 06:48:04', '2025-07-09 07:01:38', NULL),
(519, 72, 21, 0.00, '2025-07-09 06:48:04', '2025-07-09 07:01:38', NULL),
(520, 72, 23, 0.00, '2025-07-09 06:48:04', '2025-07-09 07:01:38', NULL),
(521, 72, 24, 0.00, '2025-07-09 06:48:04', '2025-07-09 07:01:38', NULL),
(522, 72, 25, 0.00, '2025-07-09 06:48:04', '2025-07-09 07:01:38', NULL),
(523, 72, 27, 0.00, '2025-07-09 06:48:04', '2025-07-09 07:01:38', NULL),
(524, 72, 31, 0.00, '2025-07-09 06:48:04', '2025-07-09 07:01:38', NULL),
(525, 72, 39, 0.00, '2025-07-09 06:48:04', '2025-07-09 07:01:38', NULL),
(526, 72, 40, 0.00, '2025-07-09 06:48:04', '2025-07-09 07:01:38', NULL),
(527, 72, 41, 0.00, '2025-07-09 06:48:04', '2025-07-09 07:01:38', NULL),
(528, 72, 42, 0.00, '2025-07-09 06:48:04', '2025-07-09 07:01:38', NULL),
(529, 72, 43, 0.00, '2025-07-09 06:48:04', '2025-07-09 07:01:38', NULL),
(530, 72, 44, 0.00, '2025-07-09 06:48:04', '2025-07-09 07:01:38', NULL),
(531, 72, 45, 1.00, '2025-07-09 06:48:04', '2025-08-15 08:11:35', NULL),
(532, 72, 46, 0.00, '2025-07-09 06:48:04', '2025-07-09 07:01:38', NULL),
(533, 72, 48, 0.00, '2025-07-09 06:48:04', '2025-07-09 07:01:38', NULL),
(534, 72, 49, 0.00, '2025-07-09 06:48:04', '2025-07-09 07:01:38', NULL),
(535, 72, 50, 0.00, '2025-07-09 06:48:04', '2025-07-09 07:01:38', NULL),
(536, 72, 51, 0.00, '2025-07-09 06:48:04', '2025-07-09 07:01:38', NULL),
(537, 72, 52, 0.00, '2025-07-09 06:48:04', '2025-07-09 07:01:38', NULL),
(538, 72, 53, 0.00, '2025-07-09 06:48:04', '2025-07-09 07:01:38', NULL),
(539, 72, 55, 0.00, '2025-07-09 06:48:04', '2025-07-09 07:01:38', NULL),
(540, 72, 57, 0.00, '2025-07-09 06:48:04', '2025-07-09 07:01:38', NULL),
(541, 72, 58, 0.00, '2025-07-09 06:48:04', '2025-07-09 07:01:38', NULL),
(542, 72, 59, 0.00, '2025-07-09 06:48:04', '2025-07-09 07:01:38', NULL),
(543, 72, 61, 0.00, '2025-07-09 06:48:04', '2025-07-09 07:01:38', NULL),
(544, 72, 62, 0.00, '2025-07-09 06:48:04', '2025-07-09 07:01:38', NULL),
(545, 72, 63, 0.00, '2025-07-09 06:48:04', '2025-07-09 07:01:38', NULL),
(546, 74, 14, 0.00, '2025-07-09 06:48:04', '2025-07-09 07:01:38', NULL),
(547, 74, 15, 0.00, '2025-07-09 06:48:04', '2025-07-09 07:01:38', NULL),
(548, 74, 16, 0.00, '2025-07-09 06:48:04', '2025-07-09 07:01:38', NULL),
(549, 74, 17, 0.00, '2025-07-09 06:48:04', '2025-07-09 07:01:38', NULL),
(550, 74, 18, 0.00, '2025-07-09 06:48:04', '2025-07-09 07:01:38', NULL),
(551, 74, 19, 0.00, '2025-07-09 06:48:04', '2025-07-09 07:01:38', NULL),
(552, 74, 20, 0.00, '2025-07-09 06:48:04', '2025-07-09 07:01:38', NULL),
(553, 74, 21, 0.00, '2025-07-09 06:48:04', '2025-07-09 07:01:38', NULL),
(554, 74, 23, 0.00, '2025-07-09 06:48:04', '2025-07-09 07:01:38', NULL),
(555, 74, 24, 0.00, '2025-07-09 06:48:04', '2025-07-09 07:01:38', NULL),
(556, 74, 25, 0.00, '2025-07-09 06:48:04', '2025-07-09 07:01:38', NULL),
(557, 74, 26, 0.00, '2025-07-09 06:48:04', '2025-07-09 07:01:38', NULL),
(558, 74, 27, 0.00, '2025-07-09 06:48:04', '2025-07-09 07:01:38', NULL),
(559, 74, 31, 0.00, '2025-07-09 06:48:04', '2025-07-09 07:01:38', NULL),
(560, 74, 39, 0.00, '2025-07-09 06:48:04', '2025-07-09 07:01:38', NULL),
(561, 74, 40, 0.00, '2025-07-09 06:48:04', '2025-07-09 07:01:38', NULL),
(562, 74, 41, 0.00, '2025-07-09 06:48:04', '2025-07-09 07:01:38', NULL),
(563, 74, 42, 0.00, '2025-07-09 06:48:04', '2025-07-09 07:01:38', NULL),
(564, 74, 43, 0.00, '2025-07-09 06:48:04', '2025-07-09 07:01:38', NULL),
(565, 74, 44, 0.00, '2025-07-09 06:48:04', '2025-07-09 07:01:38', NULL),
(566, 74, 45, 0.00, '2025-07-09 06:48:04', '2025-07-09 07:01:38', NULL),
(567, 74, 46, 0.00, '2025-07-09 06:48:04', '2025-07-09 07:01:38', NULL),
(568, 74, 48, 0.00, '2025-07-09 06:48:04', '2025-07-09 07:01:38', NULL),
(569, 74, 49, 0.00, '2025-07-09 06:48:04', '2025-07-09 07:01:38', NULL),
(570, 74, 50, 0.00, '2025-07-09 06:48:04', '2025-07-09 07:01:38', NULL),
(571, 74, 51, 0.00, '2025-07-09 06:48:04', '2025-07-09 07:01:38', NULL),
(572, 74, 52, 0.00, '2025-07-09 06:48:04', '2025-07-09 07:01:38', NULL),
(573, 74, 53, 0.00, '2025-07-09 06:48:04', '2025-07-09 07:01:38', NULL),
(574, 74, 55, 0.00, '2025-07-09 06:48:04', '2025-07-09 07:01:38', NULL),
(575, 74, 57, 0.00, '2025-07-09 06:48:04', '2025-07-09 07:01:38', NULL),
(576, 74, 58, 0.00, '2025-07-09 06:48:04', '2025-07-09 07:01:38', NULL),
(577, 74, 59, 0.00, '2025-07-09 06:48:04', '2025-07-09 07:01:38', NULL),
(578, 74, 61, 0.00, '2025-07-09 06:48:04', '2025-07-09 07:01:38', NULL),
(579, 74, 62, 0.00, '2025-07-09 06:48:04', '2025-07-09 07:01:38', NULL),
(580, 74, 63, 0.00, '2025-07-09 06:48:04', '2025-07-09 07:01:38', NULL),
(581, 75, 15, 0.00, '2025-07-09 06:48:04', '2025-07-09 07:01:38', NULL),
(582, 75, 16, 0.00, '2025-07-09 06:48:04', '2025-07-09 07:01:38', NULL),
(583, 75, 17, 0.00, '2025-07-09 06:48:04', '2025-07-09 07:01:38', NULL),
(584, 75, 18, 0.00, '2025-07-09 06:48:04', '2025-07-09 07:01:38', NULL),
(585, 75, 19, 0.00, '2025-07-09 06:48:04', '2025-07-09 07:01:38', NULL),
(586, 75, 20, 0.00, '2025-07-09 06:48:04', '2025-07-09 07:01:38', NULL),
(587, 75, 21, 1.00, '2025-07-09 06:48:04', '2025-10-01 02:21:58', NULL),
(588, 75, 23, 0.00, '2025-07-09 06:48:04', '2025-07-09 07:01:38', NULL),
(589, 75, 24, 0.00, '2025-07-09 06:48:04', '2025-07-09 07:01:38', NULL),
(590, 75, 25, 0.00, '2025-07-09 06:48:04', '2025-07-09 07:01:38', NULL),
(591, 75, 26, 0.00, '2025-07-09 06:48:04', '2025-07-09 07:01:38', NULL),
(592, 75, 27, 0.00, '2025-07-09 06:48:04', '2025-07-09 07:01:38', NULL),
(593, 75, 31, 0.00, '2025-07-09 06:48:04', '2025-07-09 07:01:38', NULL),
(594, 75, 39, 0.00, '2025-07-09 06:48:04', '2025-07-09 07:01:38', NULL),
(595, 75, 40, 0.00, '2025-07-09 06:48:04', '2025-07-09 07:01:38', NULL),
(596, 75, 41, 0.00, '2025-07-09 06:48:04', '2025-07-09 07:01:38', NULL),
(597, 75, 42, 0.00, '2025-07-09 06:48:04', '2025-07-09 07:01:38', NULL),
(598, 75, 43, 0.00, '2025-07-09 06:48:04', '2025-07-09 07:01:38', NULL),
(599, 75, 44, 0.00, '2025-07-09 06:48:04', '2025-07-09 07:01:38', NULL),
(600, 75, 45, 0.00, '2025-07-09 06:48:04', '2025-07-09 07:01:38', NULL),
(601, 75, 46, 0.00, '2025-07-09 06:48:04', '2025-07-09 07:01:38', NULL),
(602, 75, 48, 0.00, '2025-07-09 06:48:04', '2025-07-09 07:01:38', NULL),
(603, 75, 49, 0.00, '2025-07-09 06:48:04', '2025-07-09 07:01:38', NULL),
(604, 75, 50, 0.00, '2025-07-09 06:48:04', '2025-07-09 07:01:38', NULL),
(605, 75, 51, 0.00, '2025-07-09 06:48:04', '2025-07-09 07:01:38', NULL),
(606, 75, 52, 0.00, '2025-07-09 06:48:04', '2025-07-09 07:01:38', NULL),
(607, 75, 53, 0.00, '2025-07-09 06:48:04', '2025-07-09 07:01:38', NULL),
(608, 75, 55, 0.00, '2025-07-09 06:48:04', '2025-07-09 07:01:38', NULL),
(609, 75, 57, 0.00, '2025-07-09 06:48:04', '2025-07-09 07:01:38', NULL),
(610, 75, 58, 0.00, '2025-07-09 06:48:04', '2025-07-09 07:01:38', NULL),
(611, 75, 59, 0.00, '2025-07-09 06:48:04', '2025-07-09 07:01:38', NULL),
(612, 75, 61, 0.00, '2025-07-09 06:48:04', '2025-07-09 07:01:38', NULL),
(613, 75, 62, 0.00, '2025-07-09 06:48:04', '2025-07-09 07:01:38', NULL),
(614, 75, 63, 0.00, '2025-07-09 06:48:04', '2025-07-09 07:01:38', NULL),
(615, 76, 14, 0.00, '2025-07-09 06:48:04', '2025-07-09 07:01:38', NULL),
(616, 76, 15, 0.00, '2025-07-09 06:48:04', '2025-07-09 07:01:38', NULL),
(617, 76, 16, 0.00, '2025-07-09 06:48:04', '2025-07-09 07:01:38', NULL),
(618, 76, 17, 0.00, '2025-07-09 06:48:04', '2025-07-09 07:01:38', NULL),
(619, 76, 18, 0.00, '2025-07-09 06:48:04', '2025-07-09 07:01:38', NULL),
(620, 76, 19, 0.00, '2025-07-09 06:48:04', '2025-07-09 07:01:38', NULL),
(621, 76, 20, 0.00, '2025-07-09 06:48:04', '2025-07-09 07:01:38', NULL),
(622, 76, 21, 0.00, '2025-07-09 06:48:04', '2025-07-09 07:01:38', NULL),
(623, 76, 23, 0.00, '2025-07-09 06:48:04', '2025-07-09 07:01:38', NULL),
(624, 76, 24, 0.00, '2025-07-09 06:48:04', '2025-07-09 07:01:38', NULL),
(625, 76, 25, 0.00, '2025-07-09 06:48:04', '2025-07-09 07:01:38', NULL),
(626, 76, 26, 0.00, '2025-07-09 06:48:04', '2025-07-09 07:01:38', NULL),
(627, 76, 27, 0.00, '2025-07-09 06:48:04', '2025-07-09 07:01:38', NULL),
(628, 76, 31, 0.00, '2025-07-09 06:48:04', '2025-07-09 07:01:38', NULL),
(629, 76, 39, 0.00, '2025-07-09 06:48:04', '2025-07-09 07:01:38', NULL),
(630, 76, 40, 0.00, '2025-07-09 06:48:04', '2025-07-09 07:01:38', NULL),
(631, 76, 41, 0.00, '2025-07-09 06:48:04', '2025-07-09 07:01:38', NULL),
(632, 76, 42, 0.00, '2025-07-09 06:48:04', '2025-07-09 07:01:38', NULL),
(633, 76, 43, 0.00, '2025-07-09 06:48:04', '2025-07-09 07:01:38', NULL),
(634, 76, 44, 0.00, '2025-07-09 06:48:04', '2025-07-09 07:01:38', NULL),
(635, 76, 45, 0.00, '2025-07-09 06:48:04', '2025-07-09 07:01:38', NULL),
(636, 76, 46, 0.00, '2025-07-09 06:48:04', '2025-07-09 07:01:38', NULL),
(637, 76, 48, 0.00, '2025-07-09 06:48:04', '2025-07-09 07:01:38', NULL),
(638, 76, 49, 0.00, '2025-07-09 06:48:04', '2025-07-09 07:01:38', NULL),
(639, 76, 50, 0.00, '2025-07-09 06:48:04', '2025-07-09 07:01:38', NULL),
(640, 76, 51, 0.00, '2025-07-09 06:48:04', '2025-07-09 07:01:38', NULL),
(641, 76, 52, 0.00, '2025-07-09 06:48:04', '2025-07-09 07:01:39', NULL),
(642, 76, 53, 0.00, '2025-07-09 06:48:04', '2025-07-09 07:01:39', NULL),
(643, 76, 55, 0.00, '2025-07-09 06:48:04', '2025-07-09 07:01:39', NULL),
(644, 76, 57, 0.00, '2025-07-09 06:48:04', '2025-07-09 07:01:39', NULL),
(645, 76, 58, 0.00, '2025-07-09 06:48:04', '2025-07-09 07:01:39', NULL),
(646, 76, 59, 0.00, '2025-07-09 06:48:04', '2025-07-09 07:01:39', NULL),
(647, 76, 61, 0.00, '2025-07-09 06:48:04', '2025-07-09 07:01:39', NULL),
(648, 76, 62, 0.00, '2025-07-09 06:48:04', '2025-07-09 07:01:39', NULL),
(649, 76, 63, 0.00, '2025-07-09 06:48:04', '2025-07-09 07:01:39', NULL),
(650, 77, 14, 0.00, '2025-07-09 06:48:04', '2025-07-09 07:01:39', NULL),
(651, 77, 15, 0.00, '2025-07-09 06:48:04', '2025-07-09 07:01:39', NULL),
(652, 77, 16, 0.00, '2025-07-09 06:48:04', '2025-07-09 07:01:39', NULL),
(653, 77, 17, 0.00, '2025-07-09 06:48:04', '2025-07-09 07:01:39', NULL),
(654, 77, 18, 0.00, '2025-07-09 06:48:04', '2025-07-09 07:01:39', NULL),
(655, 77, 19, 0.00, '2025-07-09 06:48:04', '2025-07-09 07:01:39', NULL),
(656, 77, 20, 0.00, '2025-07-09 06:48:04', '2025-07-09 07:01:39', NULL),
(657, 77, 21, 0.00, '2025-07-09 06:48:04', '2025-07-09 07:01:39', NULL),
(658, 77, 23, 0.00, '2025-07-09 06:48:04', '2025-07-09 07:01:39', NULL),
(659, 77, 24, 0.00, '2025-07-09 06:48:04', '2025-07-09 07:01:39', NULL),
(660, 77, 25, 0.00, '2025-07-09 06:48:04', '2025-07-09 07:01:39', NULL),
(661, 77, 26, 0.00, '2025-07-09 06:48:04', '2025-07-09 07:01:39', NULL),
(662, 77, 27, 0.00, '2025-07-09 06:48:04', '2025-07-09 07:01:39', NULL),
(663, 77, 31, 0.00, '2025-07-09 06:48:04', '2025-07-09 07:01:39', NULL),
(664, 77, 39, 0.00, '2025-07-09 06:48:04', '2025-07-09 07:01:39', NULL),
(665, 77, 40, 0.00, '2025-07-09 06:48:04', '2025-07-09 07:01:39', NULL),
(666, 77, 41, 0.00, '2025-07-09 06:48:04', '2025-07-09 07:01:39', NULL),
(667, 77, 42, 0.00, '2025-07-09 06:48:04', '2025-07-09 07:01:39', NULL),
(668, 77, 43, 0.00, '2025-07-09 06:48:04', '2025-07-09 07:01:39', NULL),
(669, 77, 44, 0.00, '2025-07-09 06:48:04', '2025-07-09 07:01:39', NULL),
(670, 77, 45, 0.00, '2025-07-09 06:48:04', '2025-07-09 07:01:39', NULL),
(671, 77, 46, 0.00, '2025-07-09 06:48:04', '2025-07-09 07:01:39', NULL),
(672, 77, 48, 0.00, '2025-07-09 06:48:04', '2025-07-09 07:01:39', NULL),
(673, 77, 49, 0.00, '2025-07-09 06:48:04', '2025-07-09 07:01:39', NULL),
(674, 77, 50, 0.00, '2025-07-09 06:48:04', '2025-07-09 07:01:39', NULL),
(675, 77, 51, 0.00, '2025-07-09 06:48:04', '2025-07-09 07:01:39', NULL),
(676, 77, 52, 0.00, '2025-07-09 06:48:04', '2025-07-09 07:01:39', NULL),
(677, 77, 53, 0.00, '2025-07-09 06:48:04', '2025-07-09 07:01:39', NULL),
(678, 77, 55, 0.00, '2025-07-09 06:48:04', '2025-07-09 07:01:39', NULL),
(679, 77, 57, 0.00, '2025-07-09 06:48:04', '2025-07-09 07:01:39', NULL),
(680, 77, 58, 0.00, '2025-07-09 06:48:04', '2025-07-09 07:01:39', NULL),
(681, 77, 59, 0.00, '2025-07-09 06:48:04', '2025-07-09 07:01:39', NULL),
(682, 77, 61, 0.00, '2025-07-09 06:48:04', '2025-07-09 07:01:39', NULL),
(683, 77, 62, 0.00, '2025-07-09 06:48:04', '2025-07-09 07:01:39', NULL),
(684, 77, 63, 0.00, '2025-07-09 06:48:04', '2025-07-09 07:01:39', NULL),
(685, 83, 14, 0.00, '2025-07-09 06:48:04', '2025-07-09 07:01:39', NULL),
(686, 83, 15, 0.00, '2025-07-09 06:48:04', '2025-07-09 07:01:39', NULL),
(687, 83, 16, 0.00, '2025-07-09 06:48:04', '2025-07-09 07:01:39', NULL),
(688, 83, 17, 0.00, '2025-07-09 06:48:04', '2025-07-09 07:01:39', NULL),
(689, 83, 18, 0.00, '2025-07-09 06:48:04', '2025-07-09 07:01:39', NULL),
(690, 83, 19, 0.00, '2025-07-09 06:48:04', '2025-07-09 07:01:39', NULL),
(691, 83, 20, 0.00, '2025-07-09 06:48:04', '2025-07-09 07:01:39', NULL),
(692, 83, 21, 0.00, '2025-07-09 06:48:04', '2025-07-09 07:01:39', NULL),
(693, 83, 23, 0.00, '2025-07-09 06:48:04', '2025-07-09 07:01:39', NULL),
(694, 83, 24, 0.00, '2025-07-09 06:48:04', '2025-07-09 07:01:39', NULL),
(695, 83, 25, 0.00, '2025-07-09 06:48:04', '2025-07-09 07:01:39', NULL),
(696, 83, 26, 0.00, '2025-07-09 06:48:04', '2025-07-09 07:01:39', NULL),
(697, 83, 27, 0.00, '2025-07-09 06:48:04', '2025-07-09 07:01:39', NULL),
(698, 83, 31, 0.00, '2025-07-09 06:48:04', '2025-07-09 07:01:39', NULL),
(699, 83, 39, 0.00, '2025-07-09 06:48:04', '2025-07-09 07:01:39', NULL),
(700, 83, 40, 0.00, '2025-07-09 06:48:04', '2025-07-09 07:01:39', NULL),
(701, 83, 41, 0.00, '2025-07-09 06:48:04', '2025-07-09 07:01:39', NULL),
(702, 83, 42, 0.00, '2025-07-09 06:48:04', '2025-07-09 07:01:39', NULL),
(703, 83, 43, 0.00, '2025-07-09 06:48:04', '2025-07-09 07:01:39', NULL),
(704, 83, 44, 0.00, '2025-07-09 06:48:04', '2025-07-09 07:01:39', NULL),
(705, 83, 45, 0.00, '2025-07-09 06:48:04', '2025-07-09 07:01:39', NULL),
(706, 83, 46, 0.00, '2025-07-09 06:48:04', '2025-07-09 07:01:39', NULL),
(707, 83, 48, 0.00, '2025-07-09 06:48:04', '2025-07-09 07:01:39', NULL),
(708, 83, 49, 0.00, '2025-07-09 06:48:04', '2025-07-09 07:01:39', NULL),
(709, 83, 50, 0.00, '2025-07-09 06:48:04', '2025-07-09 07:01:39', NULL),
(710, 83, 51, 0.00, '2025-07-09 06:48:05', '2025-07-09 07:01:39', NULL),
(711, 83, 52, 0.00, '2025-07-09 06:48:05', '2025-07-09 07:01:39', NULL),
(712, 83, 53, 0.00, '2025-07-09 06:48:05', '2025-07-09 07:01:39', NULL),
(713, 83, 55, 0.00, '2025-07-09 06:48:05', '2025-07-09 07:01:39', NULL),
(714, 83, 57, 0.00, '2025-07-09 06:48:05', '2025-07-09 07:01:39', NULL),
(715, 83, 58, 0.00, '2025-07-09 06:48:05', '2025-07-09 07:01:39', NULL),
(716, 83, 59, 0.00, '2025-07-09 06:48:05', '2025-07-09 07:01:39', NULL),
(717, 83, 61, 0.00, '2025-07-09 06:48:05', '2025-07-09 07:01:39', NULL),
(718, 83, 62, 0.00, '2025-07-09 06:48:05', '2025-07-09 07:01:39', NULL),
(719, 83, 63, 0.00, '2025-07-09 06:48:05', '2025-07-09 07:01:39', NULL),
(720, 84, 14, 0.00, '2025-07-09 06:48:05', '2025-08-15 08:11:35', NULL),
(721, 84, 15, 0.00, '2025-07-09 06:48:05', '2025-07-09 07:01:39', NULL),
(722, 84, 16, 0.00, '2025-07-09 06:48:05', '2025-07-09 07:01:39', NULL),
(723, 84, 17, 0.00, '2025-07-09 06:48:05', '2025-07-09 07:01:39', NULL),
(724, 84, 18, 0.00, '2025-07-09 06:48:05', '2025-07-09 07:01:39', NULL),
(725, 84, 19, 0.00, '2025-07-09 06:48:05', '2025-07-09 07:01:39', NULL),
(726, 84, 20, 0.00, '2025-07-09 06:48:05', '2025-07-09 07:01:39', NULL),
(727, 84, 21, 0.00, '2025-07-09 06:48:05', '2025-07-09 07:01:39', NULL),
(728, 84, 23, 0.00, '2025-07-09 06:48:05', '2025-07-09 07:01:39', NULL),
(729, 84, 24, 0.00, '2025-07-09 06:48:05', '2025-07-09 07:01:39', NULL);
INSERT INTO `material_usages` (`id`, `inventory_id`, `project_id`, `used_quantity`, `created_at`, `updated_at`, `deleted_at`) VALUES
(730, 84, 26, 0.00, '2025-07-09 06:48:05', '2025-07-09 07:01:39', NULL),
(731, 84, 27, 0.00, '2025-07-09 06:48:05', '2025-07-09 07:01:39', NULL),
(732, 84, 31, 0.00, '2025-07-09 06:48:05', '2025-07-09 07:01:39', NULL),
(733, 84, 39, 0.00, '2025-07-09 06:48:05', '2025-07-09 07:01:39', NULL),
(734, 84, 41, 0.00, '2025-07-09 06:48:05', '2025-07-09 07:01:39', NULL),
(735, 84, 42, 0.00, '2025-07-09 06:48:05', '2025-07-09 07:01:39', NULL),
(736, 84, 44, 0.00, '2025-07-09 06:48:05', '2025-07-09 07:01:39', NULL),
(737, 84, 45, 0.00, '2025-07-09 06:48:05', '2025-07-09 07:01:39', NULL),
(738, 84, 46, 0.00, '2025-07-09 06:48:05', '2025-07-09 07:01:39', NULL),
(739, 84, 48, 0.00, '2025-07-09 06:48:05', '2025-07-09 07:01:39', NULL),
(740, 84, 49, 0.00, '2025-07-09 06:48:05', '2025-07-09 07:01:39', NULL),
(741, 84, 50, 0.00, '2025-07-09 06:48:05', '2025-07-09 07:01:39', NULL),
(742, 84, 51, 0.00, '2025-07-09 06:48:05', '2025-07-09 07:01:39', NULL),
(743, 84, 52, 0.00, '2025-07-09 06:48:05', '2025-07-09 07:01:39', NULL),
(744, 84, 53, 0.00, '2025-07-09 06:48:05', '2025-07-09 07:01:39', NULL),
(745, 84, 55, 0.00, '2025-07-09 06:48:05', '2025-07-09 07:01:39', NULL),
(746, 84, 57, 0.00, '2025-07-09 06:48:05', '2025-07-09 07:01:39', NULL),
(747, 84, 58, 0.00, '2025-07-09 06:48:05', '2025-07-09 07:01:39', NULL),
(748, 84, 59, 0.00, '2025-07-09 06:48:05', '2025-07-09 07:01:39', NULL),
(749, 84, 61, 0.00, '2025-07-09 06:48:05', '2025-07-09 07:01:39', NULL),
(750, 84, 62, 0.00, '2025-07-09 06:48:05', '2025-07-09 07:01:39', NULL),
(751, 84, 63, 0.00, '2025-07-09 06:48:05', '2025-07-09 07:01:39', NULL),
(752, 85, 14, 0.00, '2025-07-09 06:48:05', '2025-07-09 07:01:39', NULL),
(753, 85, 15, 0.00, '2025-07-09 06:48:05', '2025-07-09 07:01:39', NULL),
(754, 85, 16, 0.00, '2025-07-09 06:48:05', '2025-07-09 07:01:39', NULL),
(755, 85, 17, 0.00, '2025-07-09 06:48:05', '2025-07-09 07:01:39', NULL),
(756, 85, 18, 0.00, '2025-07-09 06:48:05', '2025-07-09 07:01:39', NULL),
(757, 85, 19, 0.00, '2025-07-09 06:48:05', '2025-07-09 07:01:39', NULL),
(758, 85, 20, 0.00, '2025-07-09 06:48:05', '2025-07-09 07:01:39', NULL),
(759, 85, 21, 0.00, '2025-07-09 06:48:05', '2025-07-09 07:01:39', NULL),
(760, 85, 23, 0.00, '2025-07-09 06:48:05', '2025-07-09 07:01:39', NULL),
(761, 85, 24, 0.00, '2025-07-09 06:48:05', '2025-07-09 07:01:39', NULL),
(762, 85, 25, 6.00, '2025-07-09 06:48:05', '2025-07-09 07:01:39', NULL),
(763, 85, 26, 0.00, '2025-07-09 06:48:05', '2025-07-09 07:01:39', NULL),
(764, 85, 27, 0.00, '2025-07-09 06:48:05', '2025-07-09 07:01:39', NULL),
(765, 85, 31, 0.00, '2025-07-09 06:48:05', '2025-07-09 07:01:39', NULL),
(766, 85, 39, 0.00, '2025-07-09 06:48:05', '2025-07-09 07:01:39', NULL),
(767, 85, 40, 0.00, '2025-07-09 06:48:05', '2025-07-09 07:01:39', NULL),
(768, 85, 41, 0.00, '2025-07-09 06:48:05', '2025-07-09 07:01:39', NULL),
(769, 85, 42, 0.00, '2025-07-09 06:48:05', '2025-07-09 07:01:39', NULL),
(770, 85, 43, 0.00, '2025-07-09 06:48:05', '2025-07-09 07:01:39', NULL),
(771, 85, 44, 0.00, '2025-07-09 06:48:05', '2025-07-09 07:01:39', NULL),
(772, 85, 45, 0.00, '2025-07-09 06:48:05', '2025-07-09 07:01:39', NULL),
(773, 85, 46, 0.00, '2025-07-09 06:48:05', '2025-07-09 07:01:39', NULL),
(774, 85, 48, 0.00, '2025-07-09 06:48:05', '2025-07-09 07:01:39', NULL),
(775, 85, 49, 0.00, '2025-07-09 06:48:05', '2025-07-09 07:01:39', NULL),
(776, 85, 50, 0.00, '2025-07-09 06:48:05', '2025-07-09 07:01:39', NULL),
(777, 85, 51, 0.00, '2025-07-09 06:48:05', '2025-07-09 07:01:39', NULL),
(778, 85, 52, 0.00, '2025-07-09 06:48:05', '2025-07-09 07:01:39', NULL),
(779, 85, 53, 0.00, '2025-07-09 06:48:05', '2025-07-09 07:01:39', NULL),
(780, 85, 55, 0.00, '2025-07-09 06:48:05', '2025-07-09 07:01:39', NULL),
(781, 85, 57, 0.00, '2025-07-09 06:48:05', '2025-07-09 07:01:39', NULL),
(782, 85, 58, 0.00, '2025-07-09 06:48:05', '2025-07-09 07:01:39', NULL),
(783, 85, 59, 0.00, '2025-07-09 06:48:05', '2025-07-09 07:01:39', NULL),
(784, 85, 61, 0.00, '2025-07-09 06:48:05', '2025-07-09 07:01:39', NULL),
(785, 85, 62, 0.00, '2025-07-09 06:48:05', '2025-07-09 07:01:39', NULL),
(786, 85, 63, 0.00, '2025-07-09 06:48:05', '2025-07-09 07:01:39', NULL),
(787, 87, 14, 0.00, '2025-07-09 06:48:05', '2025-07-09 07:01:39', NULL),
(788, 87, 15, 0.00, '2025-07-09 06:48:05', '2025-07-09 07:01:39', NULL),
(789, 87, 16, 0.00, '2025-07-09 06:48:05', '2025-07-09 07:01:39', NULL),
(790, 87, 17, 0.00, '2025-07-09 06:48:05', '2025-07-09 07:01:39', NULL),
(791, 87, 18, 0.00, '2025-07-09 06:48:05', '2025-07-09 07:01:39', NULL),
(792, 87, 19, 0.00, '2025-07-09 06:48:05', '2025-07-09 07:01:39', NULL),
(793, 87, 20, 0.00, '2025-07-09 06:48:05', '2025-07-09 07:01:39', NULL),
(794, 87, 21, 0.00, '2025-07-09 06:48:05', '2025-07-09 07:01:39', NULL),
(795, 87, 23, 0.00, '2025-07-09 06:48:05', '2025-07-09 07:01:39', NULL),
(796, 87, 24, 0.00, '2025-07-09 06:48:05', '2025-07-09 07:01:39', NULL),
(797, 87, 25, 0.00, '2025-07-09 06:48:05', '2025-07-09 07:01:39', NULL),
(798, 87, 26, 0.00, '2025-07-09 06:48:05', '2025-07-09 07:01:39', NULL),
(799, 87, 27, 0.00, '2025-07-09 06:48:05', '2025-07-09 07:01:39', NULL),
(800, 87, 31, 0.00, '2025-07-09 06:48:05', '2025-07-09 07:01:39', NULL),
(801, 87, 39, 0.00, '2025-07-09 06:48:05', '2025-07-09 07:01:39', NULL),
(802, 87, 40, 0.00, '2025-07-09 06:48:05', '2025-07-09 07:01:39', NULL),
(803, 87, 41, 0.00, '2025-07-09 06:48:05', '2025-07-09 07:01:39', NULL),
(804, 87, 42, 0.00, '2025-07-09 06:48:05', '2025-07-09 07:01:39', NULL),
(805, 87, 43, 0.00, '2025-07-09 06:48:05', '2025-07-09 07:01:39', NULL),
(806, 87, 44, 0.00, '2025-07-09 06:48:05', '2025-07-09 07:01:39', NULL),
(807, 87, 45, 0.00, '2025-07-09 06:48:05', '2025-07-09 07:01:39', NULL),
(808, 87, 46, 0.00, '2025-07-09 06:48:05', '2025-07-09 07:01:39', NULL),
(809, 87, 48, 0.00, '2025-07-09 06:48:05', '2025-07-09 07:01:39', NULL),
(810, 87, 49, 0.00, '2025-07-09 06:48:05', '2025-07-09 07:01:39', NULL),
(811, 87, 50, 0.00, '2025-07-09 06:48:05', '2025-07-09 07:01:39', NULL),
(812, 87, 51, 0.00, '2025-07-09 06:48:05', '2025-07-09 07:01:39', NULL),
(813, 87, 52, 0.00, '2025-07-09 06:48:05', '2025-07-09 07:01:39', NULL),
(814, 87, 53, 0.00, '2025-07-09 06:48:05', '2025-07-09 07:01:39', NULL),
(815, 87, 55, 0.00, '2025-07-09 06:48:05', '2025-07-09 07:01:39', NULL),
(816, 87, 57, 0.00, '2025-07-09 06:48:05', '2025-07-09 07:01:39', NULL),
(817, 87, 58, 0.00, '2025-07-09 06:48:05', '2025-07-09 07:01:39', NULL),
(818, 87, 59, 0.00, '2025-07-09 06:48:05', '2025-07-09 07:01:39', NULL),
(819, 87, 61, 0.00, '2025-07-09 06:48:05', '2025-07-09 07:01:39', NULL),
(820, 87, 62, 0.00, '2025-07-09 06:48:05', '2025-07-09 07:01:39', NULL),
(821, 87, 63, 0.00, '2025-07-09 06:48:05', '2025-07-09 07:01:39', NULL),
(822, 88, 14, 0.00, '2025-07-09 06:48:05', '2025-07-09 07:01:39', NULL),
(823, 88, 15, 0.00, '2025-07-09 06:48:05', '2025-07-09 07:01:39', NULL),
(824, 88, 16, 0.00, '2025-07-09 06:48:05', '2025-07-09 07:01:39', NULL),
(825, 88, 17, 0.00, '2025-07-09 06:48:05', '2025-07-09 07:01:39', NULL),
(826, 88, 18, 0.00, '2025-07-09 06:48:05', '2025-07-09 07:01:39', NULL),
(827, 88, 19, 0.00, '2025-07-09 06:48:05', '2025-07-09 07:01:39', NULL),
(828, 88, 20, 0.00, '2025-07-09 06:48:05', '2025-07-09 07:01:39', NULL),
(829, 88, 21, 0.00, '2025-07-09 06:48:05', '2025-07-09 07:01:39', NULL),
(830, 88, 23, 0.00, '2025-07-09 06:48:05', '2025-07-09 07:01:39', NULL),
(831, 88, 24, 0.00, '2025-07-09 06:48:05', '2025-07-09 07:01:39', NULL),
(832, 88, 25, 0.00, '2025-07-09 06:48:05', '2025-07-09 07:01:39', NULL),
(833, 88, 26, 0.00, '2025-07-09 06:48:05', '2025-07-09 07:01:39', NULL),
(834, 88, 27, 0.00, '2025-07-09 06:48:05', '2025-07-09 07:01:39', NULL),
(835, 88, 31, 0.00, '2025-07-09 06:48:05', '2025-07-09 07:01:39', NULL),
(836, 88, 39, 0.00, '2025-07-09 06:48:05', '2025-07-09 07:01:39', NULL),
(837, 88, 40, 0.00, '2025-07-09 06:48:05', '2025-07-09 07:01:39', NULL),
(838, 88, 41, 0.00, '2025-07-09 06:48:05', '2025-07-09 07:01:39', NULL),
(839, 88, 42, 0.00, '2025-07-09 06:48:05', '2025-07-09 07:01:39', NULL),
(840, 88, 43, 0.00, '2025-07-09 06:48:05', '2025-07-09 07:01:39', NULL),
(841, 88, 44, 0.00, '2025-07-09 06:48:05', '2025-07-09 07:01:39', NULL),
(842, 88, 45, 0.00, '2025-07-09 06:48:05', '2025-07-09 07:01:39', NULL),
(843, 88, 46, 0.00, '2025-07-09 06:48:05', '2025-07-09 07:01:39', NULL),
(844, 88, 48, 0.00, '2025-07-09 06:48:05', '2025-07-09 07:01:39', NULL),
(845, 88, 49, 0.00, '2025-07-09 06:48:05', '2025-07-09 07:01:39', NULL),
(846, 88, 50, 0.00, '2025-07-09 06:48:05', '2025-07-09 07:01:39', NULL),
(847, 88, 51, 0.00, '2025-07-09 06:48:05', '2025-07-09 07:01:39', NULL),
(848, 88, 52, 0.00, '2025-07-09 06:48:05', '2025-07-09 07:01:39', NULL),
(849, 88, 53, 0.00, '2025-07-09 06:48:05', '2025-07-09 07:01:39', NULL),
(850, 88, 55, 0.00, '2025-07-09 06:48:05', '2025-07-09 07:01:39', NULL),
(851, 88, 57, 0.00, '2025-07-09 06:48:05', '2025-07-09 07:01:39', NULL),
(852, 88, 58, 0.00, '2025-07-09 06:48:05', '2025-07-09 07:01:39', NULL),
(853, 88, 59, 0.00, '2025-07-09 06:48:05', '2025-07-09 07:01:39', NULL),
(854, 88, 61, 0.00, '2025-07-09 06:48:05', '2025-07-09 07:01:39', NULL),
(855, 88, 62, 0.00, '2025-07-09 06:48:05', '2025-07-09 07:01:39', NULL),
(856, 88, 63, 0.00, '2025-07-09 06:48:05', '2025-07-09 07:01:39', NULL),
(857, 89, 14, 0.00, '2025-07-09 06:48:05', '2025-07-09 07:01:39', NULL),
(858, 89, 15, 0.00, '2025-07-09 06:48:05', '2025-07-09 07:01:39', NULL),
(859, 89, 16, 0.00, '2025-07-09 06:48:05', '2025-07-09 07:01:39', NULL),
(860, 89, 17, 0.00, '2025-07-09 06:48:05', '2025-07-09 07:01:39', NULL),
(861, 89, 18, 0.00, '2025-07-09 06:48:05', '2025-07-09 07:01:39', NULL),
(862, 89, 19, 0.00, '2025-07-09 06:48:05', '2025-07-09 07:01:39', NULL),
(863, 89, 20, 0.00, '2025-07-09 06:48:05', '2025-07-09 07:01:39', NULL),
(864, 89, 21, 0.00, '2025-07-09 06:48:05', '2025-07-09 07:01:39', NULL),
(865, 89, 23, 0.00, '2025-07-09 06:48:05', '2025-07-09 07:01:39', NULL),
(866, 89, 24, 0.00, '2025-07-09 06:48:05', '2025-07-09 07:01:39', NULL),
(867, 89, 26, 0.00, '2025-07-09 06:48:05', '2025-07-09 07:01:39', NULL),
(868, 89, 27, 0.00, '2025-07-09 06:48:05', '2025-07-09 07:01:39', NULL),
(869, 89, 31, 0.00, '2025-07-09 06:48:05', '2025-07-09 07:01:39', NULL),
(870, 89, 39, 0.00, '2025-07-09 06:48:05', '2025-07-09 07:01:39', NULL),
(871, 89, 40, 0.00, '2025-07-09 06:48:05', '2025-07-09 07:01:39', NULL),
(872, 89, 41, 0.00, '2025-07-09 06:48:05', '2025-07-09 07:01:39', NULL),
(873, 89, 42, 0.00, '2025-07-09 06:48:05', '2025-07-09 07:01:39', NULL),
(874, 89, 43, 0.00, '2025-07-09 06:48:05', '2025-07-09 07:01:39', NULL),
(875, 89, 44, 0.00, '2025-07-09 06:48:05', '2025-07-09 07:01:39', NULL),
(876, 89, 45, 0.00, '2025-07-09 06:48:05', '2025-07-09 07:01:39', NULL),
(877, 89, 46, 0.00, '2025-07-09 06:48:05', '2025-07-09 07:01:39', NULL),
(878, 89, 48, 0.00, '2025-07-09 06:48:05', '2025-07-09 07:01:39', NULL),
(879, 89, 49, 0.00, '2025-07-09 06:48:05', '2025-07-09 07:01:39', NULL),
(880, 89, 50, 0.00, '2025-07-09 06:48:05', '2025-07-09 07:01:39', NULL),
(881, 89, 51, 0.00, '2025-07-09 06:48:05', '2025-07-09 07:01:39', NULL),
(882, 89, 52, 0.00, '2025-07-09 06:48:05', '2025-07-09 07:01:39', NULL),
(883, 89, 53, 0.00, '2025-07-09 06:48:05', '2025-07-09 07:01:39', NULL),
(884, 89, 55, 0.00, '2025-07-09 06:48:05', '2025-07-09 07:01:39', NULL),
(885, 89, 57, 0.00, '2025-07-09 06:48:05', '2025-07-09 07:01:39', NULL),
(886, 89, 58, 0.00, '2025-07-09 06:48:05', '2025-07-09 07:01:39', NULL),
(887, 89, 59, 0.00, '2025-07-09 06:48:05', '2025-07-09 07:01:39', NULL),
(888, 89, 61, 0.00, '2025-07-09 06:48:05', '2025-07-09 07:01:39', NULL),
(889, 89, 62, 0.00, '2025-07-09 06:48:05', '2025-07-09 07:01:39', NULL),
(890, 89, 63, 0.00, '2025-07-09 06:48:05', '2025-07-09 07:01:39', NULL),
(891, 90, 14, 0.00, '2025-07-09 06:48:05', '2025-07-09 07:01:39', NULL),
(892, 90, 15, 0.00, '2025-07-09 06:48:05', '2025-07-09 07:01:39', NULL),
(893, 90, 16, 0.00, '2025-07-09 06:48:05', '2025-07-09 07:01:39', NULL),
(894, 90, 17, 0.00, '2025-07-09 06:48:05', '2025-07-09 07:01:39', NULL),
(895, 90, 18, 0.00, '2025-07-09 06:48:05', '2025-07-09 07:01:39', NULL),
(896, 90, 19, 0.00, '2025-07-09 06:48:05', '2025-07-09 07:01:39', NULL),
(897, 90, 20, 0.00, '2025-07-09 06:48:05', '2025-07-09 07:01:39', NULL),
(898, 90, 21, 0.00, '2025-07-09 06:48:05', '2025-07-09 07:01:39', NULL),
(899, 90, 23, 0.00, '2025-07-09 06:48:05', '2025-07-09 07:01:39', NULL),
(900, 90, 24, 0.00, '2025-07-09 06:48:05', '2025-07-09 07:01:39', NULL),
(901, 90, 25, 0.00, '2025-07-09 06:48:05', '2025-07-09 07:01:39', NULL),
(902, 90, 26, 0.00, '2025-07-09 06:48:05', '2025-07-09 07:01:39', NULL),
(903, 90, 27, 0.00, '2025-07-09 06:48:05', '2025-07-09 07:01:39', NULL),
(904, 90, 31, 0.00, '2025-07-09 06:48:05', '2025-07-09 07:01:39', NULL),
(905, 90, 39, 0.00, '2025-07-09 06:48:05', '2025-07-09 07:01:39', NULL),
(906, 90, 40, 0.00, '2025-07-09 06:48:05', '2025-07-09 07:01:39', NULL),
(907, 90, 41, 0.00, '2025-07-09 06:48:05', '2025-07-09 07:01:39', NULL),
(908, 90, 42, 0.00, '2025-07-09 06:48:05', '2025-07-09 07:01:39', NULL),
(909, 90, 43, 0.00, '2025-07-09 06:48:05', '2025-07-09 07:01:39', NULL),
(910, 90, 44, 0.00, '2025-07-09 06:48:05', '2025-07-09 07:01:39', NULL),
(911, 90, 45, 1.00, '2025-07-09 06:48:05', '2025-07-17 08:51:45', NULL),
(912, 90, 46, 0.00, '2025-07-09 06:48:05', '2025-07-09 07:01:39', NULL),
(913, 90, 48, 0.00, '2025-07-09 06:48:05', '2025-07-09 07:01:39', NULL),
(914, 90, 49, 3.00, '2025-07-09 06:48:05', '2025-08-15 08:11:35', NULL),
(915, 90, 50, 0.00, '2025-07-09 06:48:05', '2025-07-09 07:01:39', NULL),
(916, 90, 51, 0.00, '2025-07-09 06:48:05', '2025-07-09 07:01:39', NULL),
(917, 90, 52, 0.00, '2025-07-09 06:48:05', '2025-07-09 07:01:39', NULL),
(918, 90, 55, 0.00, '2025-07-09 06:48:05', '2025-07-09 07:01:39', NULL),
(919, 90, 57, 0.00, '2025-07-09 06:48:05', '2025-07-09 07:01:39', NULL),
(920, 90, 58, 0.00, '2025-07-09 06:48:05', '2025-07-09 07:01:39', NULL),
(921, 90, 59, 0.00, '2025-07-09 06:48:05', '2025-07-09 07:01:39', NULL),
(922, 90, 61, 0.00, '2025-07-09 06:48:05', '2025-07-09 07:01:39', NULL),
(923, 90, 62, 0.00, '2025-07-09 06:48:05', '2025-07-09 07:01:39', NULL),
(924, 90, 63, 0.00, '2025-07-09 06:48:05', '2025-07-09 07:01:39', NULL),
(925, 91, 14, 0.00, '2025-07-09 06:48:05', '2025-07-09 07:01:39', NULL),
(926, 91, 15, 0.00, '2025-07-09 06:48:05', '2025-07-09 07:01:39', NULL),
(927, 91, 16, 0.00, '2025-07-09 06:48:05', '2025-07-09 07:01:39', NULL),
(928, 91, 17, 0.00, '2025-07-09 06:48:05', '2025-07-09 07:01:39', NULL),
(929, 91, 18, 0.00, '2025-07-09 06:48:05', '2025-07-09 07:01:39', NULL),
(930, 91, 19, 0.00, '2025-07-09 06:48:05', '2025-07-09 07:01:39', NULL),
(931, 91, 20, 0.00, '2025-07-09 06:48:05', '2025-07-09 07:01:39', NULL),
(932, 91, 21, 0.00, '2025-07-09 06:48:05', '2025-07-09 07:01:39', NULL),
(933, 91, 23, 0.00, '2025-07-09 06:48:05', '2025-07-09 07:01:39', NULL),
(934, 91, 24, 0.00, '2025-07-09 06:48:05', '2025-07-09 07:01:39', NULL),
(935, 91, 25, 0.00, '2025-07-09 06:48:05', '2025-07-09 07:01:39', NULL),
(936, 91, 26, 0.00, '2025-07-09 06:48:05', '2025-07-09 07:01:39', NULL),
(937, 91, 27, 0.00, '2025-07-09 06:48:05', '2025-07-09 07:01:39', NULL),
(938, 91, 31, 0.00, '2025-07-09 06:48:05', '2025-07-09 07:01:39', NULL),
(939, 91, 39, 0.00, '2025-07-09 06:48:05', '2025-07-09 07:01:39', NULL),
(940, 91, 40, 0.00, '2025-07-09 06:48:05', '2025-07-09 07:01:39', NULL),
(941, 91, 41, 0.00, '2025-07-09 06:48:05', '2025-07-09 07:01:39', NULL),
(942, 91, 42, 0.00, '2025-07-09 06:48:05', '2025-07-09 07:01:39', NULL),
(943, 91, 43, 0.00, '2025-07-09 06:48:05', '2025-07-09 07:01:39', NULL),
(944, 91, 44, 0.00, '2025-07-09 06:48:05', '2025-07-09 07:01:39', NULL),
(945, 91, 45, 0.00, '2025-07-09 06:48:05', '2025-07-09 07:01:39', NULL),
(946, 91, 46, 0.00, '2025-07-09 06:48:05', '2025-07-09 07:01:39', NULL),
(947, 91, 48, 0.00, '2025-07-09 06:48:05', '2025-07-09 07:01:39', NULL),
(948, 91, 49, 0.00, '2025-07-09 06:48:05', '2025-07-09 07:01:39', NULL),
(949, 91, 50, 0.00, '2025-07-09 06:48:05', '2025-07-09 07:01:39', NULL),
(950, 91, 51, 0.00, '2025-07-09 06:48:05', '2025-07-09 07:01:39', NULL),
(951, 91, 52, 0.00, '2025-07-09 06:48:05', '2025-07-09 07:01:39', NULL),
(952, 91, 53, 0.00, '2025-07-09 06:48:05', '2025-07-09 07:01:39', NULL),
(953, 91, 55, 0.00, '2025-07-09 06:48:05', '2025-07-09 07:01:39', NULL),
(954, 91, 57, 0.00, '2025-07-09 06:48:05', '2025-07-09 07:01:39', NULL),
(955, 91, 58, 0.00, '2025-07-09 06:48:05', '2025-07-09 07:01:39', NULL),
(956, 91, 59, 0.00, '2025-07-09 06:48:05', '2025-07-09 07:01:39', NULL),
(957, 91, 61, 0.00, '2025-07-09 06:48:05', '2025-07-09 07:01:39', NULL),
(958, 91, 62, 0.00, '2025-07-09 06:48:05', '2025-07-09 07:01:39', NULL),
(959, 91, 63, 0.00, '2025-07-09 06:48:05', '2025-07-09 07:01:39', NULL),
(960, 93, 14, 0.00, '2025-07-09 06:48:05', '2025-07-09 07:01:39', NULL),
(961, 93, 15, 0.00, '2025-07-09 06:48:05', '2025-07-09 07:01:40', NULL),
(962, 93, 16, 0.00, '2025-07-09 06:48:05', '2025-07-09 07:01:40', NULL),
(963, 93, 17, 0.00, '2025-07-09 06:48:05', '2025-07-09 07:01:40', NULL),
(964, 93, 18, 0.00, '2025-07-09 06:48:05', '2025-07-09 07:01:40', NULL),
(965, 93, 19, 0.00, '2025-07-09 06:48:05', '2025-07-09 07:01:40', NULL),
(966, 93, 20, 0.00, '2025-07-09 06:48:05', '2025-07-09 07:01:40', NULL),
(967, 93, 21, 0.00, '2025-07-09 06:48:05', '2025-07-09 07:01:40', NULL),
(968, 93, 23, 0.00, '2025-07-09 06:48:05', '2025-07-09 07:01:40', NULL),
(969, 93, 24, 0.00, '2025-07-09 06:48:05', '2025-07-09 07:01:40', NULL),
(970, 93, 25, 0.00, '2025-07-09 06:48:05', '2025-07-09 07:01:40', NULL),
(971, 93, 26, 0.00, '2025-07-09 06:48:05', '2025-07-09 07:01:40', NULL),
(972, 93, 27, 0.00, '2025-07-09 06:48:05', '2025-07-09 07:01:40', NULL),
(973, 93, 31, 0.00, '2025-07-09 06:48:05', '2025-07-09 07:01:40', NULL),
(974, 93, 39, 0.00, '2025-07-09 06:48:05', '2025-07-09 07:01:40', NULL),
(975, 93, 40, 0.00, '2025-07-09 06:48:05', '2025-07-09 07:01:40', NULL),
(976, 93, 41, 0.00, '2025-07-09 06:48:05', '2025-07-09 07:01:40', NULL),
(977, 93, 42, 0.00, '2025-07-09 06:48:05', '2025-07-09 07:01:40', NULL),
(978, 93, 43, 0.00, '2025-07-09 06:48:05', '2025-07-09 07:01:40', NULL),
(979, 93, 44, 0.00, '2025-07-09 06:48:05', '2025-07-09 07:01:40', NULL),
(980, 93, 45, 0.00, '2025-07-09 06:48:05', '2025-07-09 07:01:40', NULL),
(981, 93, 46, 0.00, '2025-07-09 06:48:05', '2025-07-09 07:01:40', NULL),
(982, 93, 48, 0.00, '2025-07-09 06:48:05', '2025-07-09 07:01:40', NULL),
(983, 93, 49, 0.00, '2025-07-09 06:48:05', '2025-07-09 07:01:40', NULL),
(984, 93, 50, 0.00, '2025-07-09 06:48:05', '2025-07-09 07:01:40', NULL),
(985, 93, 51, 0.00, '2025-07-09 06:48:05', '2025-07-09 07:01:40', NULL),
(986, 93, 52, 0.00, '2025-07-09 06:48:05', '2025-07-09 07:01:40', NULL),
(987, 93, 53, 0.00, '2025-07-09 06:48:05', '2025-07-09 07:01:40', NULL),
(988, 93, 55, 0.00, '2025-07-09 06:48:05', '2025-07-09 07:01:40', NULL),
(989, 93, 57, 0.00, '2025-07-09 06:48:05', '2025-07-09 07:01:40', NULL),
(990, 93, 58, 0.00, '2025-07-09 06:48:05', '2025-07-09 07:01:40', NULL),
(991, 93, 59, 0.00, '2025-07-09 06:48:05', '2025-07-09 07:01:40', NULL),
(992, 93, 61, 0.00, '2025-07-09 06:48:05', '2025-07-09 07:01:40', NULL),
(993, 93, 62, 0.00, '2025-07-09 06:48:05', '2025-07-09 07:01:40', NULL),
(994, 93, 63, 0.00, '2025-07-09 06:48:05', '2025-07-09 07:01:40', NULL),
(995, 94, 14, 0.00, '2025-07-09 06:48:05', '2025-07-09 07:01:40', NULL),
(996, 94, 15, 0.00, '2025-07-09 06:48:05', '2025-07-09 07:01:40', NULL),
(997, 94, 16, 0.00, '2025-07-09 06:48:05', '2025-07-09 07:01:40', NULL),
(998, 94, 17, 0.00, '2025-07-09 06:48:05', '2025-07-09 07:01:40', NULL),
(999, 94, 18, 0.00, '2025-07-09 06:48:05', '2025-07-09 07:01:40', NULL),
(1000, 94, 19, 0.00, '2025-07-09 06:48:05', '2025-07-09 07:01:40', NULL),
(1001, 94, 20, 0.00, '2025-07-09 06:48:05', '2025-07-09 07:01:40', NULL),
(1002, 94, 21, 0.00, '2025-07-09 06:48:05', '2025-07-09 07:01:40', NULL),
(1003, 94, 23, 0.00, '2025-07-09 06:48:05', '2025-07-09 07:01:40', NULL),
(1004, 94, 24, 0.00, '2025-07-09 06:48:05', '2025-07-09 07:01:40', NULL),
(1005, 94, 25, 0.00, '2025-07-09 06:48:05', '2025-07-09 07:01:40', NULL),
(1006, 94, 26, 0.00, '2025-07-09 06:48:05', '2025-07-09 07:01:40', NULL),
(1007, 94, 27, 0.00, '2025-07-09 06:48:05', '2025-07-09 07:01:40', NULL),
(1008, 94, 31, 0.00, '2025-07-09 06:48:05', '2025-07-09 07:01:40', NULL),
(1009, 94, 39, 0.00, '2025-07-09 06:48:05', '2025-07-09 07:01:40', NULL),
(1010, 94, 40, 0.00, '2025-07-09 06:48:05', '2025-07-09 07:01:40', NULL),
(1011, 94, 41, 0.00, '2025-07-09 06:48:05', '2025-07-09 07:01:40', NULL),
(1012, 94, 42, 0.00, '2025-07-09 06:48:05', '2025-07-09 07:01:40', NULL),
(1013, 94, 43, 0.00, '2025-07-09 06:48:05', '2025-07-09 07:01:40', NULL),
(1014, 94, 44, 0.00, '2025-07-09 06:48:05', '2025-07-09 07:01:40', NULL),
(1015, 94, 45, 0.00, '2025-07-09 06:48:05', '2025-07-09 07:01:40', NULL),
(1016, 94, 46, 0.00, '2025-07-09 06:48:05', '2025-07-09 07:01:40', NULL),
(1017, 94, 48, 0.00, '2025-07-09 06:48:05', '2025-07-09 07:01:40', NULL),
(1018, 94, 49, 0.00, '2025-07-09 06:48:05', '2025-07-09 07:01:40', NULL),
(1019, 94, 50, 0.00, '2025-07-09 06:48:05', '2025-07-09 07:01:40', NULL),
(1020, 94, 51, 0.00, '2025-07-09 06:48:05', '2025-07-09 07:01:40', NULL),
(1021, 94, 52, 0.00, '2025-07-09 06:48:05', '2025-07-09 07:01:40', NULL),
(1022, 94, 53, 0.00, '2025-07-09 06:48:05', '2025-07-09 07:01:40', NULL),
(1023, 94, 55, 0.00, '2025-07-09 06:48:05', '2025-07-09 07:01:40', NULL),
(1024, 94, 57, 0.00, '2025-07-09 06:48:05', '2025-07-09 07:01:40', NULL),
(1025, 94, 58, 0.00, '2025-07-09 06:48:05', '2025-07-09 07:01:40', NULL),
(1026, 94, 59, 0.00, '2025-07-09 06:48:05', '2025-07-09 07:01:40', NULL),
(1027, 94, 61, 0.00, '2025-07-09 06:48:05', '2025-07-09 07:01:40', NULL),
(1028, 94, 62, 0.00, '2025-07-09 06:48:05', '2025-07-09 07:01:40', NULL),
(1029, 94, 63, 0.00, '2025-07-09 06:48:05', '2025-07-09 07:01:40', NULL),
(1030, 99, 15, 0.00, '2025-07-09 06:48:05', '2025-07-09 07:01:40', NULL),
(1031, 99, 16, 0.00, '2025-07-09 06:48:05', '2025-07-09 07:01:40', NULL),
(1032, 99, 17, 0.00, '2025-07-09 06:48:05', '2025-07-09 07:01:40', NULL),
(1033, 99, 18, 0.00, '2025-07-09 06:48:05', '2025-07-09 07:01:40', NULL),
(1034, 99, 19, 0.00, '2025-07-09 06:48:05', '2025-07-09 07:01:40', NULL),
(1035, 99, 20, 0.00, '2025-07-09 06:48:05', '2025-07-09 07:01:40', NULL),
(1036, 99, 21, 0.00, '2025-07-09 06:48:05', '2025-07-09 07:01:40', NULL),
(1037, 99, 23, 0.00, '2025-07-09 06:48:05', '2025-07-09 07:01:40', NULL),
(1038, 99, 24, 0.00, '2025-07-09 06:48:05', '2025-07-09 07:01:40', NULL),
(1039, 99, 25, 0.00, '2025-07-09 06:48:05', '2025-07-09 07:01:40', NULL),
(1040, 99, 26, 0.00, '2025-07-09 06:48:05', '2025-07-09 07:01:40', NULL),
(1041, 99, 27, 0.00, '2025-07-09 06:48:05', '2025-07-09 07:01:40', NULL),
(1042, 99, 31, 0.00, '2025-07-09 06:48:05', '2025-07-09 07:01:40', NULL),
(1043, 99, 39, 0.00, '2025-07-09 06:48:05', '2025-07-09 07:01:40', NULL),
(1044, 99, 40, 0.00, '2025-07-09 06:48:05', '2025-07-09 07:01:40', NULL),
(1045, 99, 41, 0.00, '2025-07-09 06:48:05', '2025-07-09 07:01:40', NULL),
(1046, 99, 42, 0.00, '2025-07-09 06:48:05', '2025-07-09 07:01:40', NULL),
(1047, 99, 43, 0.00, '2025-07-09 06:48:05', '2025-07-09 07:01:40', NULL),
(1048, 99, 44, 0.00, '2025-07-09 06:48:05', '2025-07-09 07:01:40', NULL),
(1049, 99, 45, 0.00, '2025-07-09 06:48:05', '2025-07-09 07:01:40', NULL),
(1050, 99, 46, 0.00, '2025-07-09 06:48:05', '2025-07-09 07:01:40', NULL),
(1051, 99, 48, 0.00, '2025-07-09 06:48:05', '2025-07-09 07:01:40', NULL),
(1052, 99, 49, 0.00, '2025-07-09 06:48:05', '2025-07-09 07:01:40', NULL),
(1053, 99, 50, 0.00, '2025-07-09 06:48:05', '2025-07-09 07:01:40', NULL),
(1054, 99, 51, 0.00, '2025-07-09 06:48:05', '2025-07-09 07:01:40', NULL),
(1055, 99, 52, 0.00, '2025-07-09 06:48:05', '2025-07-09 07:01:40', NULL),
(1056, 99, 53, 1.70, '2025-07-09 06:48:05', '2025-10-01 02:52:20', NULL),
(1057, 99, 55, 0.00, '2025-07-09 06:48:05', '2025-07-09 07:01:40', NULL),
(1058, 99, 57, 0.00, '2025-07-09 06:48:05', '2025-07-09 07:01:40', NULL),
(1059, 99, 58, 0.00, '2025-07-09 06:48:05', '2025-07-09 07:01:40', NULL),
(1060, 99, 59, 0.00, '2025-07-09 06:48:05', '2025-07-09 07:01:40', NULL),
(1061, 99, 61, 0.00, '2025-07-09 06:48:05', '2025-07-09 07:01:40', NULL),
(1062, 99, 62, 0.00, '2025-07-09 06:48:05', '2025-07-09 07:01:40', NULL),
(1063, 99, 63, 0.00, '2025-07-09 06:48:05', '2025-07-09 07:01:40', NULL),
(1064, 103, 14, 0.00, '2025-07-09 06:48:05', '2025-07-09 07:01:40', NULL),
(1065, 103, 15, 0.00, '2025-07-09 06:48:05', '2025-07-09 07:01:40', NULL),
(1066, 103, 16, 0.00, '2025-07-09 06:48:05', '2025-07-09 07:01:40', NULL),
(1067, 103, 17, 0.00, '2025-07-09 06:48:05', '2025-07-09 07:01:40', NULL),
(1068, 103, 18, 0.00, '2025-07-09 06:48:05', '2025-07-09 07:01:40', NULL),
(1069, 103, 19, 0.00, '2025-07-09 06:48:05', '2025-07-09 07:01:40', NULL),
(1070, 103, 20, 0.00, '2025-07-09 06:48:05', '2025-07-09 07:01:40', NULL),
(1071, 103, 21, 0.00, '2025-07-09 06:48:05', '2025-07-09 07:01:40', NULL),
(1072, 103, 23, 0.00, '2025-07-09 06:48:05', '2025-07-09 07:01:40', NULL),
(1073, 103, 24, 0.00, '2025-07-09 06:48:05', '2025-07-09 07:01:40', NULL),
(1074, 103, 25, 0.00, '2025-07-09 06:48:05', '2025-07-09 07:01:40', NULL),
(1075, 103, 26, 0.00, '2025-07-09 06:48:05', '2025-07-09 07:01:40', NULL),
(1076, 103, 27, 0.00, '2025-07-09 06:48:06', '2025-07-09 07:01:40', NULL),
(1077, 103, 31, 0.00, '2025-07-09 06:48:06', '2025-07-09 07:01:40', NULL),
(1078, 103, 39, 0.00, '2025-07-09 06:48:06', '2025-07-09 07:01:40', NULL),
(1079, 103, 40, 0.00, '2025-07-09 06:48:06', '2025-07-09 07:01:40', NULL),
(1080, 103, 41, 0.00, '2025-07-09 06:48:06', '2025-07-09 07:01:40', NULL),
(1081, 103, 42, 0.00, '2025-07-09 06:48:06', '2025-07-09 07:01:40', NULL),
(1082, 103, 43, 0.00, '2025-07-09 06:48:06', '2025-07-09 07:01:40', NULL),
(1083, 103, 44, 0.00, '2025-07-09 06:48:06', '2025-07-09 07:01:40', NULL),
(1084, 103, 45, 0.00, '2025-07-09 06:48:06', '2025-07-09 07:01:40', NULL),
(1085, 103, 46, 0.00, '2025-07-09 06:48:06', '2025-07-09 07:01:40', NULL),
(1086, 103, 48, 0.00, '2025-07-09 06:48:06', '2025-07-09 07:01:40', NULL),
(1087, 103, 49, 0.00, '2025-07-09 06:48:06', '2025-07-09 07:01:40', NULL),
(1088, 103, 50, 0.00, '2025-07-09 06:48:06', '2025-07-09 07:01:40', NULL),
(1089, 103, 51, 0.00, '2025-07-09 06:48:06', '2025-07-09 07:01:40', NULL),
(1090, 103, 52, 0.00, '2025-07-09 06:48:06', '2025-07-09 07:01:40', NULL),
(1091, 103, 53, 0.00, '2025-07-09 06:48:06', '2025-07-09 07:01:40', NULL),
(1092, 103, 55, 0.00, '2025-07-09 06:48:06', '2025-07-09 07:01:40', NULL),
(1093, 103, 57, 0.00, '2025-07-09 06:48:06', '2025-07-09 07:01:40', NULL),
(1094, 103, 58, 0.00, '2025-07-09 06:48:06', '2025-07-09 07:01:40', NULL),
(1095, 103, 59, 0.00, '2025-07-09 06:48:06', '2025-07-09 07:01:40', NULL),
(1096, 103, 61, 0.00, '2025-07-09 06:48:06', '2025-07-09 07:01:40', NULL),
(1097, 103, 62, 0.00, '2025-07-09 06:48:06', '2025-07-09 07:01:40', NULL),
(1098, 103, 63, 0.00, '2025-07-09 06:48:06', '2025-07-09 07:01:40', NULL),
(1099, 104, 14, 0.00, '2025-07-09 06:48:06', '2025-07-09 07:01:40', NULL),
(1100, 104, 15, 0.00, '2025-07-09 06:48:06', '2025-07-09 07:01:40', NULL),
(1101, 104, 16, 0.00, '2025-07-09 06:48:06', '2025-07-09 07:01:40', NULL),
(1102, 104, 17, 0.00, '2025-07-09 06:48:06', '2025-07-09 07:01:40', NULL),
(1103, 104, 18, 0.00, '2025-07-09 06:48:06', '2025-07-09 07:01:40', NULL),
(1104, 104, 19, 0.00, '2025-07-09 06:48:06', '2025-07-09 07:01:40', NULL),
(1105, 104, 20, 0.00, '2025-07-09 06:48:06', '2025-07-09 07:01:40', NULL),
(1106, 104, 21, 0.00, '2025-07-09 06:48:06', '2025-07-09 07:01:40', NULL),
(1107, 104, 23, 0.00, '2025-07-09 06:48:06', '2025-07-09 07:01:40', NULL),
(1108, 104, 24, 0.00, '2025-07-09 06:48:06', '2025-07-09 07:01:40', NULL),
(1109, 104, 25, 0.00, '2025-07-09 06:48:06', '2025-07-09 07:01:40', NULL),
(1110, 104, 26, 0.00, '2025-07-09 06:48:06', '2025-07-09 07:01:40', NULL),
(1111, 104, 27, 0.00, '2025-07-09 06:48:06', '2025-07-09 07:01:40', NULL),
(1112, 104, 31, 0.00, '2025-07-09 06:48:06', '2025-07-09 07:01:40', NULL),
(1113, 104, 39, 0.00, '2025-07-09 06:48:06', '2025-07-09 07:01:40', NULL),
(1114, 104, 40, 0.00, '2025-07-09 06:48:06', '2025-07-09 07:01:40', NULL),
(1115, 104, 41, 0.00, '2025-07-09 06:48:06', '2025-07-09 07:01:40', NULL),
(1116, 104, 42, 0.00, '2025-07-09 06:48:06', '2025-07-09 07:01:40', NULL),
(1117, 104, 43, 0.00, '2025-07-09 06:48:06', '2025-07-09 07:01:40', NULL),
(1118, 104, 44, 0.00, '2025-07-09 06:48:06', '2025-07-09 07:01:40', NULL),
(1119, 104, 45, 0.00, '2025-07-09 06:48:06', '2025-07-09 07:01:40', NULL),
(1120, 104, 46, 0.00, '2025-07-09 06:48:06', '2025-07-09 07:01:40', NULL),
(1121, 104, 48, 0.00, '2025-07-09 06:48:06', '2025-07-09 07:01:40', NULL),
(1122, 104, 49, 0.00, '2025-07-09 06:48:06', '2025-07-09 07:01:40', NULL),
(1123, 104, 50, 0.00, '2025-07-09 06:48:06', '2025-07-09 07:01:40', NULL),
(1124, 104, 51, 0.00, '2025-07-09 06:48:06', '2025-07-09 07:01:40', NULL),
(1125, 104, 52, 0.00, '2025-07-09 06:48:06', '2025-07-09 07:01:40', NULL),
(1126, 104, 53, 0.00, '2025-07-09 06:48:06', '2025-07-09 07:01:40', NULL),
(1127, 104, 55, 0.00, '2025-07-09 06:48:06', '2025-07-09 07:01:40', NULL),
(1128, 104, 57, 0.00, '2025-07-09 06:48:06', '2025-07-09 07:01:40', NULL),
(1129, 104, 58, 0.00, '2025-07-09 06:48:06', '2025-07-09 07:01:40', NULL),
(1130, 104, 59, 0.00, '2025-07-09 06:48:06', '2025-07-09 07:01:40', NULL),
(1131, 104, 61, 0.00, '2025-07-09 06:48:06', '2025-07-09 07:01:40', NULL),
(1132, 104, 62, 0.00, '2025-07-09 06:48:06', '2025-07-09 07:01:40', NULL),
(1133, 104, 63, 0.00, '2025-07-09 06:48:06', '2025-07-09 07:01:40', NULL),
(1134, 105, 14, 0.00, '2025-07-09 06:48:06', '2025-07-09 07:01:40', NULL),
(1135, 105, 15, 0.00, '2025-07-09 06:48:06', '2025-07-09 07:01:40', NULL),
(1136, 105, 16, 0.00, '2025-07-09 06:48:06', '2025-07-09 07:01:40', NULL),
(1137, 105, 17, 0.00, '2025-07-09 06:48:06', '2025-07-09 07:01:40', NULL),
(1138, 105, 18, 0.00, '2025-07-09 06:48:06', '2025-07-09 07:01:40', NULL),
(1139, 105, 19, 0.00, '2025-07-09 06:48:06', '2025-07-09 07:01:40', NULL),
(1140, 105, 20, 0.00, '2025-07-09 06:48:06', '2025-07-09 07:01:40', NULL),
(1141, 105, 21, 0.00, '2025-07-09 06:48:06', '2025-07-09 07:01:40', NULL),
(1142, 105, 23, 0.00, '2025-07-09 06:48:06', '2025-07-09 07:01:40', NULL),
(1143, 105, 24, 0.00, '2025-07-09 06:48:06', '2025-07-09 07:01:40', NULL),
(1144, 105, 25, 0.00, '2025-07-09 06:48:06', '2025-07-09 07:01:40', NULL),
(1145, 105, 26, 0.00, '2025-07-09 06:48:06', '2025-07-09 07:01:40', NULL),
(1146, 105, 27, 0.00, '2025-07-09 06:48:06', '2025-07-09 07:01:40', NULL),
(1147, 105, 31, 0.00, '2025-07-09 06:48:06', '2025-07-09 07:01:40', NULL),
(1148, 105, 39, 0.00, '2025-07-09 06:48:06', '2025-07-09 07:01:40', NULL),
(1149, 105, 40, 0.00, '2025-07-09 06:48:06', '2025-07-09 07:01:40', NULL),
(1150, 105, 41, 0.00, '2025-07-09 06:48:06', '2025-07-09 07:01:40', NULL),
(1151, 105, 42, 0.00, '2025-07-09 06:48:06', '2025-07-09 07:01:40', NULL),
(1152, 105, 43, 0.00, '2025-07-09 06:48:06', '2025-07-09 07:01:40', NULL),
(1153, 105, 44, 0.00, '2025-07-09 06:48:06', '2025-07-09 07:01:40', NULL),
(1154, 105, 45, 0.00, '2025-07-09 06:48:06', '2025-07-09 07:01:40', NULL),
(1155, 105, 46, 0.00, '2025-07-09 06:48:06', '2025-07-09 07:01:40', NULL),
(1156, 105, 48, 0.00, '2025-07-09 06:48:06', '2025-07-09 07:01:40', NULL),
(1157, 105, 49, 0.00, '2025-07-09 06:48:06', '2025-07-09 07:01:40', NULL),
(1158, 105, 50, 0.00, '2025-07-09 06:48:06', '2025-07-09 07:01:40', NULL),
(1159, 105, 51, 0.00, '2025-07-09 06:48:06', '2025-07-09 07:01:40', NULL),
(1160, 105, 52, 0.00, '2025-07-09 06:48:06', '2025-07-09 07:01:40', NULL),
(1161, 105, 53, 0.00, '2025-07-09 06:48:06', '2025-07-09 07:01:40', NULL),
(1162, 105, 55, 0.00, '2025-07-09 06:48:06', '2025-07-09 07:01:40', NULL),
(1163, 105, 57, 0.00, '2025-07-09 06:48:06', '2025-07-09 07:01:40', NULL),
(1164, 105, 58, 0.00, '2025-07-09 06:48:06', '2025-07-09 07:01:40', NULL),
(1165, 105, 59, 0.00, '2025-07-09 06:48:06', '2025-07-09 07:01:40', NULL),
(1166, 105, 61, 0.00, '2025-07-09 06:48:06', '2025-07-09 07:01:40', NULL),
(1167, 105, 62, 0.00, '2025-07-09 06:48:06', '2025-07-09 07:01:40', NULL),
(1168, 105, 63, 0.00, '2025-07-09 06:48:06', '2025-07-09 07:01:40', NULL),
(1169, 106, 14, 0.00, '2025-07-09 06:48:06', '2025-07-09 07:01:40', NULL),
(1170, 106, 15, 0.00, '2025-07-09 06:48:06', '2025-07-09 07:01:40', NULL),
(1171, 106, 16, 0.00, '2025-07-09 06:48:06', '2025-07-09 07:01:40', NULL),
(1172, 106, 17, 0.00, '2025-07-09 06:48:06', '2025-07-09 07:01:40', NULL),
(1173, 106, 18, 0.00, '2025-07-09 06:48:06', '2025-07-09 07:01:40', NULL),
(1174, 106, 19, 0.00, '2025-07-09 06:48:06', '2025-07-09 07:01:40', NULL),
(1175, 106, 20, 0.00, '2025-07-09 06:48:06', '2025-07-09 07:01:40', NULL),
(1176, 106, 21, 0.00, '2025-07-09 06:48:06', '2025-07-09 07:01:40', NULL),
(1177, 106, 23, 0.00, '2025-07-09 06:48:06', '2025-07-09 07:01:40', NULL),
(1178, 106, 24, 0.00, '2025-07-09 06:48:06', '2025-07-09 07:01:40', NULL),
(1179, 106, 25, 0.00, '2025-07-09 06:48:06', '2025-07-09 07:01:40', NULL),
(1180, 106, 26, 0.00, '2025-07-09 06:48:06', '2025-07-09 07:01:40', NULL),
(1181, 106, 27, 0.00, '2025-07-09 06:48:06', '2025-07-09 07:01:40', NULL),
(1182, 106, 31, 0.00, '2025-07-09 06:48:06', '2025-07-09 07:01:40', NULL),
(1183, 106, 39, 0.00, '2025-07-09 06:48:06', '2025-07-09 07:01:40', NULL),
(1184, 106, 40, 0.00, '2025-07-09 06:48:06', '2025-07-09 07:01:40', NULL),
(1185, 106, 41, 0.00, '2025-07-09 06:48:06', '2025-07-09 07:01:40', NULL),
(1186, 106, 42, 0.00, '2025-07-09 06:48:06', '2025-07-09 07:01:40', NULL),
(1187, 106, 43, 0.00, '2025-07-09 06:48:06', '2025-07-09 07:01:40', NULL),
(1188, 106, 44, 0.00, '2025-07-09 06:48:06', '2025-07-09 07:01:40', NULL),
(1189, 106, 45, 0.00, '2025-07-09 06:48:06', '2025-07-09 07:01:40', NULL),
(1190, 106, 46, 0.00, '2025-07-09 06:48:06', '2025-07-09 07:01:40', NULL),
(1191, 106, 48, 0.00, '2025-07-09 06:48:06', '2025-07-09 07:01:40', NULL),
(1192, 106, 49, 0.00, '2025-07-09 06:48:06', '2025-07-09 07:01:40', NULL),
(1193, 106, 50, 0.00, '2025-07-09 06:48:06', '2025-07-09 07:01:40', NULL),
(1194, 106, 51, 0.00, '2025-07-09 06:48:06', '2025-07-09 07:01:40', NULL),
(1195, 106, 52, 0.00, '2025-07-09 06:48:06', '2025-07-09 07:01:40', NULL),
(1196, 106, 53, 0.00, '2025-07-09 06:48:06', '2025-07-09 07:01:40', NULL),
(1197, 106, 55, 0.00, '2025-07-09 06:48:06', '2025-07-09 07:01:40', NULL),
(1198, 106, 57, 0.00, '2025-07-09 06:48:06', '2025-07-09 07:01:40', NULL),
(1199, 106, 58, 0.00, '2025-07-09 06:48:06', '2025-07-09 07:01:40', NULL),
(1200, 106, 59, 0.00, '2025-07-09 06:48:06', '2025-07-09 07:01:40', NULL),
(1201, 106, 61, 0.00, '2025-07-09 06:48:06', '2025-07-09 07:01:40', NULL),
(1202, 106, 62, 0.00, '2025-07-09 06:48:06', '2025-07-09 07:01:40', NULL),
(1203, 106, 63, 0.00, '2025-07-09 06:48:06', '2025-07-09 07:01:40', NULL),
(1204, 107, 14, 0.00, '2025-07-09 06:48:06', '2025-07-09 07:01:40', NULL),
(1205, 107, 15, 0.00, '2025-07-09 06:48:06', '2025-07-09 07:01:40', NULL),
(1206, 107, 16, 0.00, '2025-07-09 06:48:06', '2025-07-09 07:01:40', NULL),
(1207, 107, 17, 0.00, '2025-07-09 06:48:06', '2025-07-09 07:01:40', NULL),
(1208, 107, 18, 0.00, '2025-07-09 06:48:06', '2025-07-09 07:01:40', NULL),
(1209, 107, 19, 0.00, '2025-07-09 06:48:06', '2025-07-09 07:01:40', NULL),
(1210, 107, 20, 0.00, '2025-07-09 06:48:06', '2025-07-09 07:01:40', NULL),
(1211, 107, 21, 0.00, '2025-07-09 06:48:06', '2025-07-09 07:01:40', NULL),
(1212, 107, 23, 0.00, '2025-07-09 06:48:06', '2025-07-09 07:01:40', NULL),
(1213, 107, 24, 0.00, '2025-07-09 06:48:06', '2025-07-09 07:01:40', NULL),
(1214, 107, 25, 0.00, '2025-07-09 06:48:06', '2025-07-09 07:01:40', NULL),
(1215, 107, 26, 0.00, '2025-07-09 06:48:06', '2025-07-09 07:01:40', NULL),
(1216, 107, 27, 0.00, '2025-07-09 06:48:06', '2025-07-09 07:01:40', NULL),
(1217, 107, 31, 0.00, '2025-07-09 06:48:06', '2025-07-09 07:01:40', NULL),
(1218, 107, 39, 0.00, '2025-07-09 06:48:06', '2025-07-09 07:01:40', NULL),
(1219, 107, 40, 0.00, '2025-07-09 06:48:06', '2025-07-09 07:01:40', NULL),
(1220, 107, 41, 0.00, '2025-07-09 06:48:06', '2025-07-09 07:01:40', NULL),
(1221, 107, 42, 0.00, '2025-07-09 06:48:06', '2025-07-09 07:01:40', NULL),
(1222, 107, 43, 0.00, '2025-07-09 06:48:06', '2025-07-09 07:01:40', NULL),
(1223, 107, 44, 0.00, '2025-07-09 06:48:06', '2025-07-09 07:01:40', NULL),
(1224, 107, 45, 0.00, '2025-07-09 06:48:06', '2025-07-09 07:01:40', NULL),
(1225, 107, 46, 0.00, '2025-07-09 06:48:06', '2025-07-09 07:01:40', NULL),
(1226, 107, 48, 0.00, '2025-07-09 06:48:06', '2025-07-09 07:01:40', NULL),
(1227, 107, 49, 0.00, '2025-07-09 06:48:06', '2025-07-09 07:01:40', NULL),
(1228, 107, 50, 0.00, '2025-07-09 06:48:06', '2025-07-09 07:01:40', NULL),
(1229, 107, 51, 0.00, '2025-07-09 06:48:06', '2025-07-09 07:01:40', NULL),
(1230, 107, 52, 0.00, '2025-07-09 06:48:06', '2025-07-09 07:01:40', NULL),
(1231, 107, 53, 0.00, '2025-07-09 06:48:06', '2025-07-09 07:01:40', NULL),
(1232, 107, 55, 0.00, '2025-07-09 06:48:06', '2025-07-09 07:01:40', NULL),
(1233, 107, 57, 0.00, '2025-07-09 06:48:06', '2025-07-09 07:01:40', NULL),
(1234, 107, 58, 0.00, '2025-07-09 06:48:06', '2025-07-09 07:01:40', NULL),
(1235, 107, 59, 0.00, '2025-07-09 06:48:06', '2025-07-09 07:01:40', NULL),
(1236, 107, 61, 0.00, '2025-07-09 06:48:06', '2025-07-09 07:01:40', NULL),
(1237, 107, 62, 0.00, '2025-07-09 06:48:06', '2025-07-09 07:01:40', NULL),
(1238, 107, 63, 0.00, '2025-07-09 06:48:06', '2025-07-09 07:01:40', NULL),
(1239, 108, 14, 0.00, '2025-07-09 06:48:06', '2025-07-09 07:01:40', NULL),
(1240, 108, 15, 0.00, '2025-07-09 06:48:06', '2025-07-09 07:01:40', NULL),
(1241, 108, 16, 0.00, '2025-07-09 06:48:06', '2025-07-09 07:01:40', NULL),
(1242, 108, 17, 0.00, '2025-07-09 06:48:06', '2025-07-09 07:01:40', NULL),
(1243, 108, 18, 0.00, '2025-07-09 06:48:06', '2025-07-09 07:01:40', NULL),
(1244, 108, 19, 0.00, '2025-07-09 06:48:06', '2025-07-09 07:01:40', NULL),
(1245, 108, 20, 0.00, '2025-07-09 06:48:06', '2025-07-09 07:01:40', NULL),
(1246, 108, 21, 0.00, '2025-07-09 06:48:06', '2025-07-09 07:01:40', NULL),
(1247, 108, 23, 0.00, '2025-07-09 06:48:06', '2025-07-09 07:01:40', NULL),
(1248, 108, 24, 0.00, '2025-07-09 06:48:06', '2025-07-09 07:01:40', NULL),
(1249, 108, 25, 0.00, '2025-07-09 06:48:06', '2025-07-09 07:01:40', NULL),
(1250, 108, 26, 0.00, '2025-07-09 06:48:06', '2025-07-09 07:01:40', NULL),
(1251, 108, 27, 0.00, '2025-07-09 06:48:06', '2025-07-09 07:01:40', NULL),
(1252, 108, 31, 0.00, '2025-07-09 06:48:06', '2025-07-09 07:01:40', NULL),
(1253, 108, 39, 0.00, '2025-07-09 06:48:06', '2025-07-09 07:01:40', NULL),
(1254, 108, 40, 0.00, '2025-07-09 06:48:06', '2025-07-09 07:01:40', NULL),
(1255, 108, 41, 0.00, '2025-07-09 06:48:06', '2025-07-09 07:01:40', NULL),
(1256, 108, 42, 0.00, '2025-07-09 06:48:06', '2025-07-09 07:01:40', NULL),
(1257, 108, 43, 0.00, '2025-07-09 06:48:06', '2025-07-09 07:01:40', NULL),
(1258, 108, 44, 0.00, '2025-07-09 06:48:06', '2025-07-09 07:01:41', NULL),
(1259, 108, 45, 0.00, '2025-07-09 06:48:06', '2025-07-09 07:01:41', NULL),
(1260, 108, 46, 0.00, '2025-07-09 06:48:06', '2025-07-09 07:01:41', NULL),
(1261, 108, 48, 0.00, '2025-07-09 06:48:06', '2025-07-09 07:01:41', NULL),
(1262, 108, 49, 0.00, '2025-07-09 06:48:06', '2025-07-09 07:01:41', NULL),
(1263, 108, 50, 0.00, '2025-07-09 06:48:06', '2025-07-09 07:01:41', NULL),
(1264, 108, 51, 0.00, '2025-07-09 06:48:06', '2025-07-09 07:01:41', NULL),
(1265, 108, 52, 0.00, '2025-07-09 06:48:06', '2025-07-09 07:01:41', NULL),
(1266, 108, 53, 0.00, '2025-07-09 06:48:06', '2025-07-09 07:01:41', NULL),
(1267, 108, 55, 0.00, '2025-07-09 06:48:06', '2025-07-09 07:01:41', NULL),
(1268, 108, 57, 0.00, '2025-07-09 06:48:06', '2025-07-09 07:01:41', NULL),
(1269, 108, 58, 0.00, '2025-07-09 06:48:06', '2025-07-09 07:01:41', NULL),
(1270, 108, 59, 0.00, '2025-07-09 06:48:06', '2025-07-09 07:01:41', NULL),
(1271, 108, 61, 0.00, '2025-07-09 06:48:06', '2025-07-09 07:01:41', NULL),
(1272, 108, 62, 0.00, '2025-07-09 06:48:06', '2025-07-09 07:01:41', NULL),
(1273, 108, 63, 0.00, '2025-07-09 06:48:06', '2025-07-09 07:01:41', NULL),
(1274, 109, 14, 0.00, '2025-07-09 06:48:06', '2025-07-09 07:01:41', NULL),
(1275, 109, 15, 0.00, '2025-07-09 06:48:06', '2025-07-09 07:01:41', NULL),
(1276, 109, 16, 0.00, '2025-07-09 06:48:06', '2025-07-09 07:01:41', NULL),
(1277, 109, 17, 0.00, '2025-07-09 06:48:06', '2025-07-09 07:01:41', NULL),
(1278, 109, 18, 0.00, '2025-07-09 06:48:06', '2025-07-09 07:01:41', NULL),
(1279, 109, 19, 0.00, '2025-07-09 06:48:06', '2025-07-09 07:01:41', NULL),
(1280, 109, 20, 0.00, '2025-07-09 06:48:06', '2025-07-09 07:01:41', NULL),
(1281, 109, 21, 0.00, '2025-07-09 06:48:06', '2025-07-09 07:01:41', NULL),
(1282, 109, 23, 0.00, '2025-07-09 06:48:06', '2025-07-09 07:01:41', NULL),
(1283, 109, 24, 0.00, '2025-07-09 06:48:06', '2025-07-09 07:01:41', NULL),
(1284, 109, 25, 0.00, '2025-07-09 06:48:06', '2025-07-09 07:01:41', NULL),
(1285, 109, 26, 0.00, '2025-07-09 06:48:06', '2025-07-09 07:01:41', NULL),
(1286, 109, 27, 0.00, '2025-07-09 06:48:06', '2025-07-09 07:01:41', NULL),
(1287, 109, 31, 0.00, '2025-07-09 06:48:06', '2025-07-09 07:01:41', NULL),
(1288, 109, 39, 0.00, '2025-07-09 06:48:06', '2025-07-09 07:01:41', NULL),
(1289, 109, 40, 0.00, '2025-07-09 06:48:06', '2025-07-09 07:01:41', NULL),
(1290, 109, 41, 0.00, '2025-07-09 06:48:06', '2025-07-09 07:01:41', NULL),
(1291, 109, 42, 0.00, '2025-07-09 06:48:06', '2025-07-09 07:01:41', NULL),
(1292, 109, 43, 0.00, '2025-07-09 06:48:06', '2025-07-09 07:01:41', NULL),
(1293, 109, 44, 0.00, '2025-07-09 06:48:06', '2025-07-09 07:01:41', NULL),
(1294, 109, 45, 0.00, '2025-07-09 06:48:06', '2025-07-09 07:01:41', NULL),
(1295, 109, 46, 0.00, '2025-07-09 06:48:06', '2025-07-09 07:01:41', NULL),
(1296, 109, 48, 0.00, '2025-07-09 06:48:06', '2025-07-09 07:01:41', NULL),
(1297, 109, 49, 0.00, '2025-07-09 06:48:06', '2025-07-09 07:01:41', NULL),
(1298, 109, 50, 0.00, '2025-07-09 06:48:06', '2025-07-09 07:01:41', NULL),
(1299, 109, 51, 0.00, '2025-07-09 06:48:06', '2025-07-09 07:01:41', NULL),
(1300, 109, 52, 0.00, '2025-07-09 06:48:06', '2025-07-09 07:01:41', NULL),
(1301, 109, 53, 0.00, '2025-07-09 06:48:06', '2025-07-09 07:01:41', NULL),
(1302, 109, 55, 0.00, '2025-07-09 06:48:06', '2025-07-09 07:01:41', NULL),
(1303, 109, 57, 0.00, '2025-07-09 06:48:06', '2025-07-09 07:01:41', NULL),
(1304, 109, 58, 0.00, '2025-07-09 06:48:06', '2025-07-09 07:01:41', NULL),
(1305, 109, 59, 0.00, '2025-07-09 06:48:06', '2025-07-09 07:01:41', NULL),
(1306, 109, 61, 0.00, '2025-07-09 06:48:06', '2025-07-09 07:01:41', NULL),
(1307, 109, 62, 0.00, '2025-07-09 06:48:06', '2025-07-09 07:01:41', NULL),
(1308, 109, 63, 0.00, '2025-07-09 06:48:06', '2025-07-09 07:01:41', NULL),
(1309, 110, 14, 0.00, '2025-07-09 06:48:06', '2025-07-09 07:01:41', NULL),
(1310, 110, 15, 0.00, '2025-07-09 06:48:06', '2025-07-09 07:01:41', NULL),
(1311, 110, 16, 0.00, '2025-07-09 06:48:06', '2025-07-09 07:01:41', NULL),
(1312, 110, 17, 0.00, '2025-07-09 06:48:06', '2025-07-09 07:01:41', NULL),
(1313, 110, 18, 0.00, '2025-07-09 06:48:06', '2025-07-09 07:01:41', NULL),
(1314, 110, 19, 0.00, '2025-07-09 06:48:06', '2025-07-09 07:01:41', NULL),
(1315, 110, 20, 0.00, '2025-07-09 06:48:06', '2025-07-09 07:01:41', NULL),
(1316, 110, 21, 0.00, '2025-07-09 06:48:06', '2025-07-09 07:01:41', NULL),
(1317, 110, 23, 0.00, '2025-07-09 06:48:06', '2025-07-09 07:01:41', NULL),
(1318, 110, 24, 0.00, '2025-07-09 06:48:06', '2025-07-09 07:01:41', NULL),
(1319, 110, 25, 0.00, '2025-07-09 06:48:06', '2025-07-09 07:01:41', NULL),
(1320, 110, 26, 0.00, '2025-07-09 06:48:06', '2025-07-09 07:01:41', NULL),
(1321, 110, 27, 0.00, '2025-07-09 06:48:06', '2025-07-09 07:01:41', NULL),
(1322, 110, 31, 0.00, '2025-07-09 06:48:06', '2025-07-09 07:01:41', NULL),
(1323, 110, 39, 0.00, '2025-07-09 06:48:06', '2025-07-09 07:01:41', NULL),
(1324, 110, 40, 0.00, '2025-07-09 06:48:06', '2025-07-09 07:01:41', NULL),
(1325, 110, 41, 0.00, '2025-07-09 06:48:06', '2025-07-09 07:01:41', NULL),
(1326, 110, 42, 0.00, '2025-07-09 06:48:06', '2025-07-09 07:01:41', NULL),
(1327, 110, 43, 0.00, '2025-07-09 06:48:06', '2025-07-09 07:01:41', NULL),
(1328, 110, 44, 0.00, '2025-07-09 06:48:06', '2025-07-09 07:01:41', NULL),
(1329, 110, 45, 0.00, '2025-07-09 06:48:06', '2025-07-09 07:01:41', NULL),
(1330, 110, 46, 0.00, '2025-07-09 06:48:06', '2025-07-09 07:01:41', NULL),
(1331, 110, 48, 0.00, '2025-07-09 06:48:06', '2025-07-09 07:01:41', NULL),
(1332, 110, 49, 0.00, '2025-07-09 06:48:06', '2025-07-09 07:01:41', NULL),
(1333, 110, 50, 0.00, '2025-07-09 06:48:06', '2025-07-09 07:01:41', NULL),
(1334, 110, 51, 0.00, '2025-07-09 06:48:06', '2025-07-09 07:01:41', NULL),
(1335, 110, 52, 0.00, '2025-07-09 06:48:06', '2025-07-09 07:01:41', NULL),
(1336, 110, 53, 0.00, '2025-07-09 06:48:06', '2025-07-09 07:01:41', NULL),
(1337, 110, 55, 0.00, '2025-07-09 06:48:06', '2025-07-09 07:01:41', NULL),
(1338, 110, 57, 0.00, '2025-07-09 06:48:06', '2025-07-09 07:01:41', NULL),
(1339, 110, 58, 0.00, '2025-07-09 06:48:06', '2025-07-09 07:01:41', NULL),
(1340, 110, 59, 0.00, '2025-07-09 06:48:06', '2025-07-09 07:01:41', NULL),
(1341, 110, 61, 0.00, '2025-07-09 06:48:06', '2025-07-09 07:01:41', NULL),
(1342, 110, 62, 0.00, '2025-07-09 06:48:06', '2025-07-09 07:01:41', NULL),
(1343, 110, 63, 0.00, '2025-07-09 06:48:06', '2025-07-09 07:01:41', NULL),
(1344, 111, 14, 0.00, '2025-07-09 06:48:06', '2025-07-09 07:01:41', NULL),
(1345, 111, 15, 0.00, '2025-07-09 06:48:06', '2025-07-09 07:01:41', NULL),
(1346, 111, 16, 0.00, '2025-07-09 06:48:06', '2025-07-09 07:01:41', NULL),
(1347, 111, 17, 0.00, '2025-07-09 06:48:06', '2025-07-09 07:01:41', NULL),
(1348, 111, 18, 0.00, '2025-07-09 06:48:06', '2025-07-09 07:01:41', NULL),
(1349, 111, 19, 0.00, '2025-07-09 06:48:06', '2025-07-09 07:01:41', NULL),
(1350, 111, 20, 0.00, '2025-07-09 06:48:06', '2025-07-09 07:01:41', NULL),
(1351, 111, 21, 0.00, '2025-07-09 06:48:06', '2025-07-09 07:01:41', NULL),
(1352, 111, 23, 0.00, '2025-07-09 06:48:06', '2025-07-09 07:01:41', NULL),
(1353, 111, 24, 0.00, '2025-07-09 06:48:06', '2025-07-09 07:01:41', NULL),
(1354, 111, 25, 0.00, '2025-07-09 06:48:06', '2025-07-09 07:01:41', NULL),
(1355, 111, 26, 0.00, '2025-07-09 06:48:06', '2025-07-09 07:01:41', NULL),
(1356, 111, 27, 0.00, '2025-07-09 06:48:06', '2025-07-09 07:01:41', NULL),
(1357, 111, 31, 0.00, '2025-07-09 06:48:06', '2025-07-09 07:01:41', NULL),
(1358, 111, 39, 0.00, '2025-07-09 06:48:06', '2025-07-09 07:01:41', NULL),
(1359, 111, 40, 0.00, '2025-07-09 06:48:06', '2025-07-09 07:01:41', NULL),
(1360, 111, 41, 0.00, '2025-07-09 06:48:06', '2025-07-09 07:01:41', NULL),
(1361, 111, 42, 0.00, '2025-07-09 06:48:06', '2025-07-09 07:01:41', NULL),
(1362, 111, 43, 0.00, '2025-07-09 06:48:06', '2025-07-09 07:01:41', NULL),
(1363, 111, 44, 0.00, '2025-07-09 06:48:06', '2025-07-09 07:01:41', NULL),
(1364, 111, 45, 0.00, '2025-07-09 06:48:06', '2025-07-09 07:01:41', NULL),
(1365, 111, 46, 0.00, '2025-07-09 06:48:06', '2025-07-09 07:01:41', NULL),
(1366, 111, 48, 0.00, '2025-07-09 06:48:06', '2025-07-09 07:01:41', NULL),
(1367, 111, 49, 0.00, '2025-07-09 06:48:06', '2025-07-09 07:01:41', NULL),
(1368, 111, 50, 0.00, '2025-07-09 06:48:06', '2025-07-09 07:01:41', NULL),
(1369, 111, 51, 0.00, '2025-07-09 06:48:06', '2025-07-09 07:01:41', NULL),
(1370, 111, 52, 0.00, '2025-07-09 06:48:06', '2025-07-09 07:01:41', NULL),
(1371, 111, 53, 0.00, '2025-07-09 06:48:06', '2025-07-09 07:01:41', NULL),
(1372, 111, 55, 0.00, '2025-07-09 06:48:06', '2025-07-09 07:01:41', NULL),
(1373, 111, 57, 0.00, '2025-07-09 06:48:06', '2025-07-09 07:01:41', NULL),
(1374, 111, 58, 0.00, '2025-07-09 06:48:06', '2025-07-09 07:01:41', NULL),
(1375, 111, 59, 0.00, '2025-07-09 06:48:06', '2025-07-09 07:01:41', NULL),
(1376, 111, 61, 0.00, '2025-07-09 06:48:06', '2025-07-09 07:01:41', NULL),
(1377, 111, 62, 0.00, '2025-07-09 06:48:06', '2025-07-09 07:01:41', NULL),
(1378, 111, 63, 0.00, '2025-07-09 06:48:06', '2025-07-09 07:01:41', NULL),
(1379, 112, 14, 0.00, '2025-07-09 06:48:06', '2025-07-09 07:01:41', NULL),
(1380, 112, 15, 0.00, '2025-07-09 06:48:06', '2025-07-09 07:01:41', NULL),
(1381, 112, 16, 0.00, '2025-07-09 06:48:06', '2025-07-09 07:01:41', NULL),
(1382, 112, 17, 0.00, '2025-07-09 06:48:06', '2025-07-09 07:01:41', NULL),
(1383, 112, 18, 0.00, '2025-07-09 06:48:06', '2025-07-09 07:01:41', NULL),
(1384, 112, 19, 0.00, '2025-07-09 06:48:06', '2025-07-09 07:01:41', NULL),
(1385, 112, 20, 0.00, '2025-07-09 06:48:06', '2025-07-09 07:01:41', NULL),
(1386, 112, 21, 0.00, '2025-07-09 06:48:06', '2025-07-09 07:01:41', NULL),
(1387, 112, 23, 0.00, '2025-07-09 06:48:06', '2025-07-09 07:01:41', NULL),
(1388, 112, 24, 0.00, '2025-07-09 06:48:06', '2025-07-09 07:01:41', NULL),
(1389, 112, 25, 0.00, '2025-07-09 06:48:06', '2025-07-09 07:01:41', NULL),
(1390, 112, 26, 0.00, '2025-07-09 06:48:06', '2025-07-09 07:01:41', NULL),
(1391, 112, 27, 0.00, '2025-07-09 06:48:06', '2025-07-09 07:01:41', NULL),
(1392, 112, 31, 0.00, '2025-07-09 06:48:06', '2025-07-09 07:01:41', NULL),
(1393, 112, 39, 0.00, '2025-07-09 06:48:06', '2025-07-09 07:01:41', NULL),
(1394, 112, 40, 0.00, '2025-07-09 06:48:06', '2025-07-09 07:01:41', NULL),
(1395, 112, 41, 0.00, '2025-07-09 06:48:06', '2025-07-09 07:01:41', NULL),
(1396, 112, 42, 0.00, '2025-07-09 06:48:06', '2025-07-09 07:01:41', NULL),
(1397, 112, 43, 0.00, '2025-07-09 06:48:06', '2025-07-09 07:01:41', NULL),
(1398, 112, 44, 0.00, '2025-07-09 06:48:06', '2025-07-09 07:01:41', NULL),
(1399, 112, 45, 0.00, '2025-07-09 06:48:06', '2025-07-09 07:01:41', NULL),
(1400, 112, 46, 0.00, '2025-07-09 06:48:06', '2025-07-09 07:01:41', NULL),
(1401, 112, 48, 0.00, '2025-07-09 06:48:06', '2025-07-09 07:01:41', NULL),
(1402, 112, 49, 0.00, '2025-07-09 06:48:06', '2025-07-09 07:01:41', NULL),
(1403, 112, 50, 0.00, '2025-07-09 06:48:06', '2025-07-09 07:01:41', NULL),
(1404, 112, 51, 0.00, '2025-07-09 06:48:06', '2025-07-09 07:01:41', NULL),
(1405, 112, 52, 0.00, '2025-07-09 06:48:06', '2025-07-09 07:01:41', NULL),
(1406, 112, 53, 0.00, '2025-07-09 06:48:06', '2025-07-09 07:01:41', NULL),
(1407, 112, 55, 0.00, '2025-07-09 06:48:06', '2025-07-09 07:01:41', NULL),
(1408, 112, 57, 0.00, '2025-07-09 06:48:06', '2025-07-09 07:01:41', NULL),
(1409, 112, 58, 0.00, '2025-07-09 06:48:06', '2025-07-09 07:01:41', NULL),
(1410, 112, 59, 0.00, '2025-07-09 06:48:06', '2025-07-09 07:01:41', NULL),
(1411, 112, 61, 0.00, '2025-07-09 06:48:06', '2025-07-09 07:01:41', NULL),
(1412, 112, 62, 0.00, '2025-07-09 06:48:06', '2025-07-09 07:01:41', NULL),
(1413, 112, 63, 0.00, '2025-07-09 06:48:06', '2025-07-09 07:01:41', NULL),
(1414, 113, 14, 0.00, '2025-07-09 06:48:06', '2025-07-09 07:01:41', NULL),
(1415, 113, 15, 0.00, '2025-07-09 06:48:06', '2025-07-09 07:01:41', NULL),
(1416, 113, 16, 0.00, '2025-07-09 06:48:06', '2025-07-09 07:01:41', NULL),
(1417, 113, 17, 0.00, '2025-07-09 06:48:06', '2025-07-09 07:01:41', NULL),
(1418, 113, 18, 0.00, '2025-07-09 06:48:06', '2025-07-09 07:01:41', NULL),
(1419, 113, 19, 0.00, '2025-07-09 06:48:06', '2025-07-09 07:01:41', NULL),
(1420, 113, 20, 0.00, '2025-07-09 06:48:06', '2025-07-09 07:01:41', NULL);
INSERT INTO `material_usages` (`id`, `inventory_id`, `project_id`, `used_quantity`, `created_at`, `updated_at`, `deleted_at`) VALUES
(1421, 113, 21, 0.00, '2025-07-09 06:48:06', '2025-07-09 07:01:41', NULL),
(1422, 113, 23, 0.00, '2025-07-09 06:48:06', '2025-07-09 07:01:41', NULL),
(1423, 113, 24, 0.00, '2025-07-09 06:48:06', '2025-07-09 07:01:41', NULL),
(1424, 113, 25, 0.00, '2025-07-09 06:48:06', '2025-07-09 07:01:41', NULL),
(1425, 113, 26, 0.00, '2025-07-09 06:48:06', '2025-07-09 07:01:41', NULL),
(1426, 113, 27, 0.00, '2025-07-09 06:48:06', '2025-07-09 07:01:41', NULL),
(1427, 113, 31, 0.00, '2025-07-09 06:48:06', '2025-07-09 07:01:41', NULL),
(1428, 113, 39, 0.00, '2025-07-09 06:48:06', '2025-07-09 07:01:41', NULL),
(1429, 113, 40, 0.00, '2025-07-09 06:48:06', '2025-07-09 07:01:41', NULL),
(1430, 113, 41, 0.00, '2025-07-09 06:48:06', '2025-07-09 07:01:41', NULL),
(1431, 113, 42, 0.00, '2025-07-09 06:48:06', '2025-07-09 07:01:41', NULL),
(1432, 113, 43, 0.00, '2025-07-09 06:48:06', '2025-07-09 07:01:41', NULL),
(1433, 113, 44, 0.00, '2025-07-09 06:48:06', '2025-07-09 07:01:41', NULL),
(1434, 113, 45, 0.00, '2025-07-09 06:48:06', '2025-07-09 07:01:41', NULL),
(1435, 113, 46, 0.00, '2025-07-09 06:48:06', '2025-07-09 07:01:41', NULL),
(1436, 113, 48, 0.00, '2025-07-09 06:48:06', '2025-07-09 07:01:41', NULL),
(1437, 113, 49, 0.00, '2025-07-09 06:48:06', '2025-07-09 07:01:41', NULL),
(1438, 113, 50, 0.00, '2025-07-09 06:48:06', '2025-07-09 07:01:41', NULL),
(1439, 113, 51, 0.00, '2025-07-09 06:48:06', '2025-07-09 07:01:41', NULL),
(1440, 113, 52, 0.00, '2025-07-09 06:48:06', '2025-07-09 07:01:41', NULL),
(1441, 113, 53, 0.00, '2025-07-09 06:48:06', '2025-07-09 07:01:41', NULL),
(1442, 113, 55, 0.00, '2025-07-09 06:48:06', '2025-07-09 07:01:41', NULL),
(1443, 113, 57, 0.00, '2025-07-09 06:48:06', '2025-07-09 07:01:41', NULL),
(1444, 113, 58, 0.00, '2025-07-09 06:48:06', '2025-07-09 07:01:41', NULL),
(1445, 113, 59, 0.00, '2025-07-09 06:48:07', '2025-07-09 07:01:41', NULL),
(1446, 113, 61, 0.00, '2025-07-09 06:48:07', '2025-07-09 07:01:41', NULL),
(1447, 113, 62, 0.00, '2025-07-09 06:48:07', '2025-07-09 07:01:41', NULL),
(1448, 113, 63, 0.00, '2025-07-09 06:48:07', '2025-07-09 07:01:41', NULL),
(1449, 114, 14, 0.00, '2025-07-09 06:48:07', '2025-07-09 07:01:41', NULL),
(1450, 114, 15, 0.00, '2025-07-09 06:48:07', '2025-07-09 07:01:41', NULL),
(1451, 114, 16, 0.00, '2025-07-09 06:48:07', '2025-07-09 07:01:41', NULL),
(1452, 114, 17, 0.00, '2025-07-09 06:48:07', '2025-07-09 07:01:41', NULL),
(1453, 114, 18, 0.00, '2025-07-09 06:48:07', '2025-07-09 07:01:41', NULL),
(1454, 114, 19, 0.00, '2025-07-09 06:48:07', '2025-07-09 07:01:41', NULL),
(1455, 114, 20, 0.00, '2025-07-09 06:48:07', '2025-07-09 07:01:41', NULL),
(1456, 114, 21, 0.00, '2025-07-09 06:48:07', '2025-07-09 07:01:41', NULL),
(1457, 114, 23, 0.00, '2025-07-09 06:48:07', '2025-07-09 07:01:41', NULL),
(1458, 114, 24, 0.00, '2025-07-09 06:48:07', '2025-07-09 07:01:41', NULL),
(1459, 114, 25, 0.00, '2025-07-09 06:48:07', '2025-07-09 07:01:41', NULL),
(1460, 114, 26, 0.00, '2025-07-09 06:48:07', '2025-07-09 07:01:41', NULL),
(1461, 114, 27, 0.00, '2025-07-09 06:48:07', '2025-07-09 07:01:41', NULL),
(1462, 114, 31, 0.00, '2025-07-09 06:48:07', '2025-07-09 07:01:41', NULL),
(1463, 114, 39, 0.00, '2025-07-09 06:48:07', '2025-07-09 07:01:41', NULL),
(1464, 114, 40, 0.00, '2025-07-09 06:48:07', '2025-07-09 07:01:41', NULL),
(1465, 114, 41, 0.00, '2025-07-09 06:48:07', '2025-07-09 07:01:41', NULL),
(1466, 114, 42, 0.00, '2025-07-09 06:48:07', '2025-07-09 07:01:41', NULL),
(1467, 114, 43, 0.00, '2025-07-09 06:48:07', '2025-07-09 07:01:41', NULL),
(1468, 114, 44, 0.00, '2025-07-09 06:48:07', '2025-07-09 07:01:41', NULL),
(1469, 114, 45, 0.00, '2025-07-09 06:48:07', '2025-07-09 07:01:41', NULL),
(1470, 114, 46, 0.00, '2025-07-09 06:48:07', '2025-07-09 07:01:41', NULL),
(1471, 114, 48, 0.00, '2025-07-09 06:48:07', '2025-07-09 07:01:41', NULL),
(1472, 114, 49, 0.00, '2025-07-09 06:48:07', '2025-07-09 07:01:41', NULL),
(1473, 114, 50, 0.00, '2025-07-09 06:48:07', '2025-07-09 07:01:41', NULL),
(1474, 114, 51, 0.00, '2025-07-09 06:48:07', '2025-07-09 07:01:41', NULL),
(1475, 114, 52, 0.00, '2025-07-09 06:48:07', '2025-07-09 07:01:41', NULL),
(1476, 114, 53, 0.00, '2025-07-09 06:48:07', '2025-07-09 07:01:41', NULL),
(1477, 114, 55, 0.00, '2025-07-09 06:48:07', '2025-07-09 07:01:41', NULL),
(1478, 114, 57, 0.00, '2025-07-09 06:48:07', '2025-07-09 07:01:41', NULL),
(1479, 114, 58, 0.00, '2025-07-09 06:48:07', '2025-07-09 07:01:41', NULL),
(1480, 114, 59, 0.00, '2025-07-09 06:48:07', '2025-07-09 07:01:41', NULL),
(1481, 114, 61, 0.00, '2025-07-09 06:48:07', '2025-07-09 07:01:41', NULL),
(1482, 114, 62, 0.00, '2025-07-09 06:48:07', '2025-07-09 07:01:41', NULL),
(1483, 114, 63, 0.00, '2025-07-09 06:48:07', '2025-07-09 07:01:41', NULL),
(1484, 115, 14, 0.00, '2025-07-09 06:48:07', '2025-07-09 07:01:41', NULL),
(1485, 115, 15, 0.00, '2025-07-09 06:48:07', '2025-07-09 07:01:41', NULL),
(1486, 115, 16, 0.00, '2025-07-09 06:48:07', '2025-07-09 07:01:41', NULL),
(1487, 115, 17, 0.00, '2025-07-09 06:48:07', '2025-07-09 07:01:41', NULL),
(1488, 115, 18, 0.00, '2025-07-09 06:48:07', '2025-07-09 07:01:41', NULL),
(1489, 115, 19, 0.00, '2025-07-09 06:48:07', '2025-07-09 07:01:41', NULL),
(1490, 115, 20, 0.00, '2025-07-09 06:48:07', '2025-07-09 07:01:41', NULL),
(1491, 115, 21, 0.00, '2025-07-09 06:48:07', '2025-07-09 07:01:41', NULL),
(1492, 115, 23, 0.00, '2025-07-09 06:48:07', '2025-07-09 07:01:41', NULL),
(1493, 115, 24, 0.00, '2025-07-09 06:48:07', '2025-07-09 07:01:41', NULL),
(1494, 115, 25, 0.00, '2025-07-09 06:48:07', '2025-07-09 07:01:41', NULL),
(1495, 115, 26, 0.00, '2025-07-09 06:48:07', '2025-07-09 07:01:41', NULL),
(1496, 115, 27, 0.00, '2025-07-09 06:48:07', '2025-07-09 07:01:41', NULL),
(1497, 115, 31, 0.00, '2025-07-09 06:48:07', '2025-07-09 07:01:41', NULL),
(1498, 115, 39, 0.00, '2025-07-09 06:48:07', '2025-07-09 07:01:41', NULL),
(1499, 115, 40, 0.00, '2025-07-09 06:48:07', '2025-07-09 07:01:41', NULL),
(1500, 115, 41, 0.00, '2025-07-09 06:48:07', '2025-07-09 07:01:41', NULL),
(1501, 115, 42, 0.00, '2025-07-09 06:48:07', '2025-07-09 07:01:41', NULL),
(1502, 115, 43, 0.00, '2025-07-09 06:48:07', '2025-07-09 07:01:41', NULL),
(1503, 115, 44, 0.00, '2025-07-09 06:48:07', '2025-07-09 07:01:41', NULL),
(1504, 115, 45, 0.00, '2025-07-09 06:48:07', '2025-07-09 07:01:41', NULL),
(1505, 115, 46, 0.00, '2025-07-09 06:48:07', '2025-07-09 07:01:41', NULL),
(1506, 115, 48, 0.00, '2025-07-09 06:48:07', '2025-07-09 07:01:41', NULL),
(1507, 115, 49, 0.00, '2025-07-09 06:48:07', '2025-07-09 07:01:41', NULL),
(1508, 115, 50, 0.00, '2025-07-09 06:48:07', '2025-07-09 07:01:41', NULL),
(1509, 115, 51, 0.00, '2025-07-09 06:48:07', '2025-07-09 07:01:41', NULL),
(1510, 115, 52, 0.00, '2025-07-09 06:48:07', '2025-07-09 07:01:41', NULL),
(1511, 115, 53, 0.00, '2025-07-09 06:48:07', '2025-07-09 07:01:41', NULL),
(1512, 115, 55, 0.00, '2025-07-09 06:48:07', '2025-07-09 07:01:41', NULL),
(1513, 115, 57, 0.00, '2025-07-09 06:48:07', '2025-07-09 07:01:41', NULL),
(1514, 115, 58, 0.00, '2025-07-09 06:48:07', '2025-07-09 07:01:41', NULL),
(1515, 115, 59, 0.00, '2025-07-09 06:48:07', '2025-07-09 07:01:41', NULL),
(1516, 115, 61, 0.00, '2025-07-09 06:48:07', '2025-07-09 07:01:41', NULL),
(1517, 115, 62, 0.00, '2025-07-09 06:48:07', '2025-07-09 07:01:41', NULL),
(1518, 115, 63, 0.00, '2025-07-09 06:48:07', '2025-07-09 07:01:41', NULL),
(1519, 116, 14, 0.00, '2025-07-09 06:48:07', '2025-07-09 07:01:41', NULL),
(1520, 116, 15, 0.00, '2025-07-09 06:48:07', '2025-07-09 07:01:41', NULL),
(1521, 116, 16, 0.00, '2025-07-09 06:48:07', '2025-07-09 07:01:41', NULL),
(1522, 116, 17, 0.00, '2025-07-09 06:48:07', '2025-07-09 07:01:41', NULL),
(1523, 116, 18, 0.00, '2025-07-09 06:48:07', '2025-07-09 07:01:41', NULL),
(1524, 116, 19, 0.00, '2025-07-09 06:48:07', '2025-07-09 07:01:41', NULL),
(1525, 116, 20, 0.00, '2025-07-09 06:48:07', '2025-07-09 07:01:41', NULL),
(1526, 116, 21, 0.00, '2025-07-09 06:48:07', '2025-07-09 07:01:41', NULL),
(1527, 116, 23, 0.00, '2025-07-09 06:48:07', '2025-07-09 07:01:41', NULL),
(1528, 116, 24, 0.00, '2025-07-09 06:48:07', '2025-07-09 07:01:41', NULL),
(1529, 116, 25, 0.00, '2025-07-09 06:48:07', '2025-07-09 07:01:41', NULL),
(1530, 116, 26, 0.00, '2025-07-09 06:48:07', '2025-07-09 07:01:41', NULL),
(1531, 116, 27, 0.00, '2025-07-09 06:48:07', '2025-07-09 07:01:41', NULL),
(1532, 116, 31, 0.00, '2025-07-09 06:48:07', '2025-07-09 07:01:41', NULL),
(1533, 116, 39, 0.00, '2025-07-09 06:48:07', '2025-07-09 07:01:42', NULL),
(1534, 116, 40, 0.00, '2025-07-09 06:48:07', '2025-07-09 07:01:42', NULL),
(1535, 116, 41, 0.00, '2025-07-09 06:48:07', '2025-07-09 07:01:42', NULL),
(1536, 116, 42, 0.00, '2025-07-09 06:48:07', '2025-07-09 07:01:42', NULL),
(1537, 116, 43, 0.00, '2025-07-09 06:48:07', '2025-07-09 07:01:42', NULL),
(1538, 116, 44, 0.00, '2025-07-09 06:48:07', '2025-07-09 07:01:42', NULL),
(1539, 116, 45, 0.00, '2025-07-09 06:48:07', '2025-07-09 07:01:42', NULL),
(1540, 116, 46, 0.00, '2025-07-09 06:48:07', '2025-07-09 07:01:42', NULL),
(1541, 116, 48, 0.00, '2025-07-09 06:48:07', '2025-07-09 07:01:42', NULL),
(1542, 116, 49, 0.00, '2025-07-09 06:48:07', '2025-07-09 07:01:42', NULL),
(1543, 116, 50, 0.00, '2025-07-09 06:48:07', '2025-07-09 07:01:42', NULL),
(1544, 116, 51, 0.00, '2025-07-09 06:48:07', '2025-07-09 07:01:42', NULL),
(1545, 116, 52, 0.00, '2025-07-09 06:48:07', '2025-07-09 07:01:42', NULL),
(1546, 116, 53, 0.00, '2025-07-09 06:48:07', '2025-07-09 07:01:42', NULL),
(1547, 116, 55, 0.00, '2025-07-09 06:48:07', '2025-07-09 07:01:42', NULL),
(1548, 116, 57, 0.00, '2025-07-09 06:48:07', '2025-07-09 07:01:42', NULL),
(1549, 116, 58, 0.00, '2025-07-09 06:48:07', '2025-07-09 07:01:42', NULL),
(1550, 116, 59, 0.00, '2025-07-09 06:48:07', '2025-07-09 07:01:42', NULL),
(1551, 116, 61, 0.00, '2025-07-09 06:48:07', '2025-07-09 07:01:42', NULL),
(1552, 116, 62, 0.00, '2025-07-09 06:48:07', '2025-07-09 07:01:42', NULL),
(1553, 116, 63, 0.00, '2025-07-09 06:48:07', '2025-07-09 07:01:42', NULL),
(1554, 118, 14, 0.00, '2025-07-09 06:48:07', '2025-07-09 07:01:42', NULL),
(1555, 118, 15, 0.00, '2025-07-09 06:48:07', '2025-07-09 07:01:42', NULL),
(1556, 118, 16, 0.00, '2025-07-09 06:48:07', '2025-07-09 07:01:42', NULL),
(1557, 118, 17, 0.00, '2025-07-09 06:48:07', '2025-07-09 07:01:42', NULL),
(1558, 118, 18, 0.00, '2025-07-09 06:48:07', '2025-07-09 07:01:42', NULL),
(1559, 118, 19, 0.00, '2025-07-09 06:48:07', '2025-07-09 07:01:42', NULL),
(1560, 118, 20, 0.00, '2025-07-09 06:48:07', '2025-07-09 07:01:42', NULL),
(1561, 118, 21, 0.00, '2025-07-09 06:48:07', '2025-07-09 07:01:42', NULL),
(1562, 118, 23, 0.00, '2025-07-09 06:48:07', '2025-07-09 07:01:42', NULL),
(1563, 118, 24, 0.00, '2025-07-09 06:48:07', '2025-07-09 07:01:42', NULL),
(1564, 118, 25, 0.00, '2025-07-09 06:48:07', '2025-07-09 07:01:42', NULL),
(1565, 118, 26, 0.00, '2025-07-09 06:48:07', '2025-07-09 07:01:42', NULL),
(1566, 118, 27, 0.00, '2025-07-09 06:48:07', '2025-07-09 07:01:42', NULL),
(1567, 118, 31, 0.00, '2025-07-09 06:48:07', '2025-07-09 07:01:42', NULL),
(1568, 118, 39, 0.00, '2025-07-09 06:48:07', '2025-07-09 07:01:42', NULL),
(1569, 118, 40, 0.00, '2025-07-09 06:48:07', '2025-07-09 07:01:42', NULL),
(1570, 118, 41, 0.00, '2025-07-09 06:48:07', '2025-07-09 07:01:42', NULL),
(1571, 118, 42, 0.00, '2025-07-09 06:48:07', '2025-07-09 07:01:42', NULL),
(1572, 118, 43, 0.00, '2025-07-09 06:48:07', '2025-07-09 07:01:42', NULL),
(1573, 118, 44, 0.00, '2025-07-09 06:48:07', '2025-07-09 07:01:42', NULL),
(1574, 118, 45, 0.00, '2025-07-09 06:48:07', '2025-07-09 07:01:42', NULL),
(1575, 118, 46, 0.00, '2025-07-09 06:48:07', '2025-07-09 07:01:42', NULL),
(1576, 118, 48, 0.00, '2025-07-09 06:48:07', '2025-07-09 07:01:42', NULL),
(1577, 118, 49, 0.00, '2025-07-09 06:48:07', '2025-07-09 07:01:42', NULL),
(1578, 118, 50, 0.00, '2025-07-09 06:48:07', '2025-07-09 07:01:42', NULL),
(1579, 118, 51, 0.00, '2025-07-09 06:48:07', '2025-07-09 07:01:42', NULL),
(1580, 118, 52, 0.00, '2025-07-09 06:48:07', '2025-07-09 07:01:42', NULL),
(1581, 118, 53, 0.00, '2025-07-09 06:48:07', '2025-07-09 07:01:42', NULL),
(1582, 118, 55, 0.00, '2025-07-09 06:48:07', '2025-07-09 07:01:42', NULL),
(1583, 118, 57, 0.00, '2025-07-09 06:48:07', '2025-07-09 07:01:42', NULL),
(1584, 118, 58, 0.00, '2025-07-09 06:48:07', '2025-07-09 07:01:42', NULL),
(1585, 118, 59, 0.00, '2025-07-09 06:48:07', '2025-07-09 07:01:42', NULL),
(1586, 118, 61, 0.00, '2025-07-09 06:48:07', '2025-07-09 07:01:42', NULL),
(1587, 118, 62, 0.00, '2025-07-09 06:48:07', '2025-07-09 07:01:42', NULL),
(1588, 118, 63, 0.00, '2025-07-09 06:48:07', '2025-07-09 07:01:42', NULL),
(1589, 119, 14, 0.00, '2025-07-09 06:48:07', '2025-07-09 07:01:42', NULL),
(1590, 119, 15, 0.00, '2025-07-09 06:48:07', '2025-07-09 07:01:42', NULL),
(1591, 119, 16, 0.00, '2025-07-09 06:48:07', '2025-07-09 07:01:42', NULL),
(1592, 119, 17, 0.00, '2025-07-09 06:48:07', '2025-07-09 07:01:42', NULL),
(1593, 119, 18, 0.00, '2025-07-09 06:48:07', '2025-07-09 07:01:42', NULL),
(1594, 119, 19, 0.00, '2025-07-09 06:48:07', '2025-07-09 07:01:42', NULL),
(1595, 119, 20, 0.00, '2025-07-09 06:48:07', '2025-07-09 07:01:42', NULL),
(1596, 119, 21, 0.00, '2025-07-09 06:48:07', '2025-07-09 07:01:42', NULL),
(1597, 119, 23, 0.00, '2025-07-09 06:48:07', '2025-07-09 07:01:42', NULL),
(1598, 119, 24, 0.00, '2025-07-09 06:48:07', '2025-07-09 07:01:42', NULL),
(1599, 119, 25, 0.00, '2025-07-09 06:48:07', '2025-07-09 07:01:42', NULL),
(1600, 119, 26, 0.00, '2025-07-09 06:48:07', '2025-07-09 07:01:42', NULL),
(1601, 119, 27, 0.00, '2025-07-09 06:48:07', '2025-07-09 07:01:42', NULL),
(1602, 119, 31, 0.00, '2025-07-09 06:48:07', '2025-07-09 07:01:42', NULL),
(1603, 119, 39, 0.00, '2025-07-09 06:48:07', '2025-07-09 07:01:42', NULL),
(1604, 119, 40, 0.00, '2025-07-09 06:48:07', '2025-07-09 07:01:42', NULL),
(1605, 119, 41, 0.00, '2025-07-09 06:48:07', '2025-07-09 07:01:42', NULL),
(1606, 119, 42, 0.00, '2025-07-09 06:48:07', '2025-07-09 07:01:42', NULL),
(1607, 119, 43, 0.00, '2025-07-09 06:48:07', '2025-07-09 07:01:42', NULL),
(1608, 119, 44, 0.00, '2025-07-09 06:48:07', '2025-07-09 07:01:42', NULL),
(1609, 119, 45, 0.00, '2025-07-09 06:48:07', '2025-07-09 07:01:42', NULL),
(1610, 119, 48, 0.00, '2025-07-09 06:48:07', '2025-07-09 07:01:42', NULL),
(1611, 119, 49, 0.00, '2025-07-09 06:48:07', '2025-07-09 07:01:42', NULL),
(1612, 119, 50, 0.00, '2025-07-09 06:48:07', '2025-07-09 07:01:42', NULL),
(1613, 119, 51, 0.00, '2025-07-09 06:48:07', '2025-07-09 07:01:42', NULL),
(1614, 119, 52, 0.00, '2025-07-09 06:48:07', '2025-07-09 07:01:42', NULL),
(1615, 119, 53, 0.00, '2025-07-09 06:48:07', '2025-07-09 07:01:42', NULL),
(1616, 119, 55, 0.00, '2025-07-09 06:48:07', '2025-07-09 07:01:42', NULL),
(1617, 119, 57, 0.00, '2025-07-09 06:48:07', '2025-07-09 07:01:42', NULL),
(1618, 119, 58, 0.00, '2025-07-09 06:48:07', '2025-07-09 07:01:42', NULL),
(1619, 119, 59, 0.00, '2025-07-09 06:48:07', '2025-07-09 07:01:42', NULL),
(1620, 119, 61, 0.00, '2025-07-09 06:48:07', '2025-07-09 07:01:42', NULL),
(1621, 119, 62, 0.00, '2025-07-09 06:48:07', '2025-07-09 07:01:42', NULL),
(1622, 119, 63, 0.00, '2025-07-09 06:48:07', '2025-07-09 07:01:42', NULL),
(1623, 120, 14, 0.00, '2025-07-09 06:48:07', '2025-07-09 07:01:42', NULL),
(1624, 120, 15, 0.00, '2025-07-09 06:48:07', '2025-07-09 07:01:42', NULL),
(1625, 120, 16, 0.00, '2025-07-09 06:48:07', '2025-07-09 07:01:42', NULL),
(1626, 120, 17, 0.00, '2025-07-09 06:48:07', '2025-07-09 07:01:42', NULL),
(1627, 120, 18, 0.00, '2025-07-09 06:48:07', '2025-07-09 07:01:42', NULL),
(1628, 120, 19, 0.00, '2025-07-09 06:48:07', '2025-07-09 07:01:42', NULL),
(1629, 120, 20, 0.00, '2025-07-09 06:48:07', '2025-07-09 07:01:42', NULL),
(1630, 120, 21, 0.00, '2025-07-09 06:48:07', '2025-07-09 07:01:42', NULL),
(1631, 120, 23, 0.00, '2025-07-09 06:48:07', '2025-07-09 07:01:42', NULL),
(1632, 120, 24, 0.00, '2025-07-09 06:48:07', '2025-07-09 07:01:42', NULL),
(1633, 120, 25, 0.00, '2025-07-09 06:48:07', '2025-07-09 07:01:42', NULL),
(1634, 120, 26, 0.00, '2025-07-09 06:48:07', '2025-07-09 07:01:42', NULL),
(1635, 120, 27, 0.00, '2025-07-09 06:48:07', '2025-07-09 07:01:42', NULL),
(1636, 120, 31, 0.00, '2025-07-09 06:48:07', '2025-07-09 07:01:42', NULL),
(1637, 120, 39, 0.00, '2025-07-09 06:48:07', '2025-07-09 07:01:42', NULL),
(1638, 120, 40, 0.00, '2025-07-09 06:48:07', '2025-07-09 07:01:42', NULL),
(1639, 120, 41, 0.00, '2025-07-09 06:48:07', '2025-07-09 07:01:42', NULL),
(1640, 120, 42, 0.00, '2025-07-09 06:48:07', '2025-07-09 07:01:42', NULL),
(1641, 120, 43, 0.00, '2025-07-09 06:48:07', '2025-07-09 07:01:42', NULL),
(1642, 120, 44, 0.00, '2025-07-09 06:48:07', '2025-07-09 07:01:42', NULL),
(1643, 120, 45, 0.00, '2025-07-09 06:48:07', '2025-07-09 07:01:42', NULL),
(1644, 120, 46, 0.00, '2025-07-09 06:48:07', '2025-07-09 07:01:42', NULL),
(1645, 120, 48, 0.00, '2025-07-09 06:48:07', '2025-07-09 07:01:42', NULL),
(1646, 120, 49, 0.00, '2025-07-09 06:48:07', '2025-07-09 07:01:42', NULL),
(1647, 120, 50, 0.00, '2025-07-09 06:48:07', '2025-07-09 07:01:42', NULL),
(1648, 120, 51, 0.00, '2025-07-09 06:48:07', '2025-07-09 07:01:42', NULL),
(1649, 120, 52, 0.00, '2025-07-09 06:48:07', '2025-07-09 07:01:42', NULL),
(1650, 120, 53, 0.00, '2025-07-09 06:48:07', '2025-07-09 07:01:42', NULL),
(1651, 120, 55, 0.00, '2025-07-09 06:48:07', '2025-07-09 07:01:42', NULL),
(1652, 120, 57, 0.00, '2025-07-09 06:48:07', '2025-07-09 07:01:42', NULL),
(1653, 120, 58, 0.00, '2025-07-09 06:48:07', '2025-07-09 07:01:42', NULL),
(1654, 120, 59, 0.00, '2025-07-09 06:48:07', '2025-07-09 07:01:42', NULL),
(1655, 120, 61, 0.00, '2025-07-09 06:48:07', '2025-07-09 07:01:42', NULL),
(1656, 120, 62, 0.00, '2025-07-09 06:48:07', '2025-07-09 07:01:42', NULL),
(1657, 120, 63, 0.00, '2025-07-09 06:48:07', '2025-07-09 07:01:42', NULL),
(1658, 122, 14, 0.00, '2025-07-09 06:48:07', '2025-07-09 07:01:42', NULL),
(1659, 122, 15, 0.00, '2025-07-09 06:48:07', '2025-07-09 07:01:42', NULL),
(1660, 122, 16, 0.00, '2025-07-09 06:48:07', '2025-07-09 07:01:42', NULL),
(1661, 122, 17, 0.00, '2025-07-09 06:48:07', '2025-07-09 07:01:42', NULL),
(1662, 122, 18, 0.00, '2025-07-09 06:48:07', '2025-07-09 07:01:42', NULL),
(1663, 122, 19, 0.00, '2025-07-09 06:48:07', '2025-07-09 07:01:42', NULL),
(1664, 122, 20, 0.00, '2025-07-09 06:48:07', '2025-07-09 07:01:42', NULL),
(1665, 122, 21, 0.00, '2025-07-09 06:48:07', '2025-07-09 07:01:42', NULL),
(1666, 122, 23, 0.00, '2025-07-09 06:48:07', '2025-07-09 07:01:42', NULL),
(1667, 122, 24, 0.00, '2025-07-09 06:48:07', '2025-07-09 07:01:42', NULL),
(1668, 122, 25, 0.00, '2025-07-09 06:48:07', '2025-07-09 07:01:42', NULL),
(1669, 122, 26, 0.00, '2025-07-09 06:48:07', '2025-07-09 07:01:42', NULL),
(1670, 122, 27, 0.00, '2025-07-09 06:48:07', '2025-07-09 07:01:42', NULL),
(1671, 122, 31, 0.00, '2025-07-09 06:48:07', '2025-07-09 07:01:42', NULL),
(1672, 122, 39, 0.00, '2025-07-09 06:48:07', '2025-07-09 07:01:42', NULL),
(1673, 122, 40, 0.00, '2025-07-09 06:48:07', '2025-07-09 07:01:42', NULL),
(1674, 122, 41, 0.00, '2025-07-09 06:48:07', '2025-07-09 07:01:42', NULL),
(1675, 122, 42, 0.00, '2025-07-09 06:48:07', '2025-07-09 07:01:42', NULL),
(1676, 122, 43, 0.00, '2025-07-09 06:48:07', '2025-07-09 07:01:42', NULL),
(1677, 122, 44, 0.00, '2025-07-09 06:48:07', '2025-07-09 07:01:42', NULL),
(1678, 122, 45, 0.00, '2025-07-09 06:48:07', '2025-07-09 07:01:42', NULL),
(1679, 122, 46, 0.00, '2025-07-09 06:48:07', '2025-07-09 07:01:42', NULL),
(1680, 122, 48, 0.00, '2025-07-09 06:48:07', '2025-07-09 07:01:42', NULL),
(1681, 122, 49, 0.00, '2025-07-09 06:48:07', '2025-07-09 07:01:42', NULL),
(1682, 122, 50, 0.00, '2025-07-09 06:48:07', '2025-07-09 07:01:42', NULL),
(1683, 122, 51, 0.00, '2025-07-09 06:48:07', '2025-07-09 07:01:42', NULL),
(1684, 122, 52, 0.00, '2025-07-09 06:48:07', '2025-07-09 07:01:42', NULL),
(1685, 122, 53, 0.00, '2025-07-09 06:48:07', '2025-07-09 07:01:42', NULL),
(1686, 122, 55, 0.00, '2025-07-09 06:48:07', '2025-07-09 07:01:42', NULL),
(1687, 122, 57, 0.00, '2025-07-09 06:48:07', '2025-07-09 07:01:42', NULL),
(1688, 122, 58, 0.00, '2025-07-09 06:48:07', '2025-07-09 07:01:42', NULL),
(1689, 122, 59, 0.00, '2025-07-09 06:48:07', '2025-07-09 07:01:42', NULL),
(1690, 122, 61, 0.00, '2025-07-09 06:48:07', '2025-07-09 07:01:42', NULL),
(1691, 122, 62, 0.00, '2025-07-09 06:48:07', '2025-07-09 07:01:42', NULL),
(1692, 122, 63, 0.00, '2025-07-09 06:48:07', '2025-07-09 07:01:42', NULL),
(1693, 123, 14, 0.00, '2025-07-09 06:48:07', '2025-07-09 07:01:42', NULL),
(1694, 123, 15, 0.00, '2025-07-09 06:48:07', '2025-07-09 07:01:42', NULL),
(1695, 123, 16, 0.00, '2025-07-09 06:48:07', '2025-07-09 07:01:42', NULL),
(1696, 123, 17, 0.00, '2025-07-09 06:48:07', '2025-07-09 07:01:42', NULL),
(1697, 123, 18, 0.00, '2025-07-09 06:48:07', '2025-07-09 07:01:42', NULL),
(1698, 123, 19, 0.00, '2025-07-09 06:48:07', '2025-07-09 07:01:42', NULL),
(1699, 123, 20, 0.00, '2025-07-09 06:48:07', '2025-07-09 07:01:42', NULL),
(1700, 123, 21, 0.00, '2025-07-09 06:48:07', '2025-07-09 07:01:42', NULL),
(1701, 123, 23, 0.00, '2025-07-09 06:48:07', '2025-07-09 07:01:42', NULL),
(1702, 123, 24, 0.00, '2025-07-09 06:48:07', '2025-07-09 07:01:42', NULL),
(1703, 123, 25, 0.00, '2025-07-09 06:48:07', '2025-07-09 07:01:42', NULL),
(1704, 123, 26, 0.00, '2025-07-09 06:48:07', '2025-07-09 07:01:42', NULL),
(1705, 123, 27, 0.00, '2025-07-09 06:48:07', '2025-07-09 07:01:42', NULL),
(1706, 123, 31, 0.00, '2025-07-09 06:48:07', '2025-07-09 07:01:42', NULL),
(1707, 123, 39, 0.00, '2025-07-09 06:48:07', '2025-07-09 07:01:42', NULL),
(1708, 123, 40, 0.00, '2025-07-09 06:48:07', '2025-07-09 07:01:42', NULL),
(1709, 123, 41, 0.00, '2025-07-09 06:48:07', '2025-07-09 07:01:42', NULL),
(1710, 123, 42, 0.00, '2025-07-09 06:48:07', '2025-07-09 07:01:42', NULL),
(1711, 123, 43, 0.00, '2025-07-09 06:48:07', '2025-07-09 07:01:42', NULL),
(1712, 123, 44, 0.00, '2025-07-09 06:48:07', '2025-07-09 07:01:42', NULL),
(1713, 123, 45, 0.00, '2025-07-09 06:48:07', '2025-07-09 07:01:42', NULL),
(1714, 123, 46, 0.00, '2025-07-09 06:48:07', '2025-07-09 07:01:42', NULL),
(1715, 123, 48, 0.00, '2025-07-09 06:48:07', '2025-07-09 07:01:42', NULL),
(1716, 123, 49, 0.00, '2025-07-09 06:48:07', '2025-07-09 07:01:42', NULL),
(1717, 123, 50, 0.00, '2025-07-09 06:48:07', '2025-07-09 07:01:42', NULL),
(1718, 123, 51, 0.00, '2025-07-09 06:48:07', '2025-07-09 07:01:42', NULL),
(1719, 123, 52, 0.00, '2025-07-09 06:48:07', '2025-07-09 07:01:42', NULL),
(1720, 123, 53, 0.00, '2025-07-09 06:48:07', '2025-07-09 07:01:42', NULL),
(1721, 123, 55, 0.00, '2025-07-09 06:48:07', '2025-07-09 07:01:42', NULL),
(1722, 123, 57, 0.00, '2025-07-09 06:48:07', '2025-07-09 07:01:42', NULL),
(1723, 123, 58, 0.00, '2025-07-09 06:48:07', '2025-07-09 07:01:42', NULL),
(1724, 123, 59, 0.00, '2025-07-09 06:48:07', '2025-07-09 07:01:42', NULL),
(1725, 123, 61, 0.00, '2025-07-09 06:48:07', '2025-07-09 07:01:42', NULL),
(1726, 123, 62, 0.00, '2025-07-09 06:48:07', '2025-07-09 07:01:42', NULL),
(1727, 123, 63, 0.00, '2025-07-09 06:48:07', '2025-07-09 07:01:42', NULL),
(1728, 124, 14, 0.00, '2025-07-09 06:48:07', '2025-07-09 07:01:42', NULL),
(1729, 124, 15, 0.00, '2025-07-09 06:48:07', '2025-07-09 07:01:42', NULL),
(1730, 124, 16, 0.00, '2025-07-09 06:48:07', '2025-07-09 07:01:42', NULL),
(1731, 124, 17, 0.00, '2025-07-09 06:48:07', '2025-07-09 07:01:42', NULL),
(1732, 124, 18, 0.00, '2025-07-09 06:48:07', '2025-07-09 07:01:42', NULL),
(1733, 124, 19, 0.00, '2025-07-09 06:48:07', '2025-07-09 07:01:42', NULL),
(1734, 124, 20, 0.00, '2025-07-09 06:48:07', '2025-07-09 07:01:42', NULL),
(1735, 124, 21, 0.00, '2025-07-09 06:48:07', '2025-07-09 07:01:42', NULL),
(1736, 124, 23, 0.00, '2025-07-09 06:48:07', '2025-07-09 07:01:42', NULL),
(1737, 124, 24, 0.00, '2025-07-09 06:48:07', '2025-07-09 07:01:42', NULL),
(1738, 124, 25, 0.00, '2025-07-09 06:48:07', '2025-07-09 07:01:42', NULL),
(1739, 124, 26, 0.00, '2025-07-09 06:48:07', '2025-07-09 07:01:42', NULL),
(1740, 124, 27, 0.00, '2025-07-09 06:48:07', '2025-07-09 07:01:42', NULL),
(1741, 124, 31, 0.00, '2025-07-09 06:48:07', '2025-07-09 07:01:42', NULL),
(1742, 124, 39, 0.00, '2025-07-09 06:48:07', '2025-07-09 07:01:42', NULL),
(1743, 124, 40, 0.00, '2025-07-09 06:48:07', '2025-07-09 07:01:42', NULL),
(1744, 124, 41, 0.00, '2025-07-09 06:48:07', '2025-07-09 07:01:42', NULL),
(1745, 124, 42, 0.00, '2025-07-09 06:48:07', '2025-07-09 07:01:42', NULL),
(1746, 124, 43, 0.00, '2025-07-09 06:48:07', '2025-07-09 07:01:42', NULL),
(1747, 124, 44, 0.00, '2025-07-09 06:48:07', '2025-07-09 07:01:42', NULL),
(1748, 124, 45, 0.00, '2025-07-09 06:48:07', '2025-07-09 07:01:42', NULL),
(1749, 124, 46, 0.00, '2025-07-09 06:48:07', '2025-07-09 07:01:42', NULL),
(1750, 124, 48, 0.00, '2025-07-09 06:48:07', '2025-07-09 07:01:42', NULL),
(1751, 124, 49, 0.00, '2025-07-09 06:48:07', '2025-07-09 07:01:42', NULL),
(1752, 124, 50, 0.00, '2025-07-09 06:48:07', '2025-07-09 07:01:42', NULL),
(1753, 124, 51, 0.00, '2025-07-09 06:48:07', '2025-07-09 07:01:42', NULL),
(1754, 124, 52, 0.00, '2025-07-09 06:48:07', '2025-07-09 07:01:42', NULL),
(1755, 124, 53, 0.00, '2025-07-09 06:48:07', '2025-07-09 07:01:42', NULL),
(1756, 124, 55, 0.00, '2025-07-09 06:48:07', '2025-07-09 07:01:42', NULL),
(1757, 124, 57, 0.00, '2025-07-09 06:48:07', '2025-07-09 07:01:42', NULL),
(1758, 124, 58, 0.00, '2025-07-09 06:48:07', '2025-07-09 07:01:42', NULL),
(1759, 124, 59, 0.00, '2025-07-09 06:48:07', '2025-07-09 07:01:42', NULL),
(1760, 124, 61, 0.00, '2025-07-09 06:48:07', '2025-07-09 07:01:42', NULL),
(1761, 124, 62, 0.00, '2025-07-09 06:48:07', '2025-07-09 07:01:42', NULL),
(1762, 124, 63, 0.00, '2025-07-09 06:48:07', '2025-07-09 07:01:42', NULL),
(1763, 125, 14, 0.00, '2025-07-09 06:48:07', '2025-07-09 07:01:42', NULL),
(1764, 125, 15, 0.00, '2025-07-09 06:48:07', '2025-07-09 07:01:42', NULL),
(1765, 125, 16, 0.00, '2025-07-09 06:48:07', '2025-07-09 07:01:42', NULL),
(1766, 125, 17, 0.00, '2025-07-09 06:48:07', '2025-07-09 07:01:42', NULL),
(1767, 125, 18, 0.00, '2025-07-09 06:48:07', '2025-07-09 07:01:42', NULL),
(1768, 125, 19, 0.00, '2025-07-09 06:48:07', '2025-07-09 07:01:42', NULL),
(1769, 125, 20, 0.00, '2025-07-09 06:48:07', '2025-07-09 07:01:42', NULL),
(1770, 125, 21, 0.00, '2025-07-09 06:48:07', '2025-07-09 07:01:42', NULL),
(1771, 125, 23, 0.00, '2025-07-09 06:48:07', '2025-07-09 07:01:42', NULL),
(1772, 125, 24, 0.00, '2025-07-09 06:48:07', '2025-07-09 07:01:42', NULL),
(1773, 125, 25, 0.00, '2025-07-09 06:48:07', '2025-07-09 07:01:42', NULL),
(1774, 125, 26, 0.00, '2025-07-09 06:48:07', '2025-07-09 07:01:42', NULL),
(1775, 125, 27, 0.00, '2025-07-09 06:48:07', '2025-07-09 07:01:42', NULL),
(1776, 125, 31, 0.00, '2025-07-09 06:48:07', '2025-07-09 07:01:42', NULL),
(1777, 125, 39, 0.00, '2025-07-09 06:48:07', '2025-07-09 07:01:42', NULL),
(1778, 125, 40, 0.00, '2025-07-09 06:48:07', '2025-07-09 07:01:42', NULL),
(1779, 125, 41, 0.00, '2025-07-09 06:48:07', '2025-07-09 07:01:42', NULL),
(1780, 125, 42, 0.00, '2025-07-09 06:48:07', '2025-07-09 07:01:42', NULL),
(1781, 125, 43, 0.00, '2025-07-09 06:48:07', '2025-07-09 07:01:42', NULL),
(1782, 125, 44, 0.00, '2025-07-09 06:48:08', '2025-07-09 07:01:42', NULL),
(1783, 125, 45, 0.00, '2025-07-09 06:48:08', '2025-07-09 07:01:42', NULL),
(1784, 125, 46, 0.00, '2025-07-09 06:48:08', '2025-07-09 07:01:42', NULL),
(1785, 125, 48, 0.00, '2025-07-09 06:48:08', '2025-07-09 07:01:42', NULL),
(1786, 125, 49, 0.00, '2025-07-09 06:48:08', '2025-07-09 07:01:42', NULL),
(1787, 125, 50, 0.00, '2025-07-09 06:48:08', '2025-07-09 07:01:42', NULL),
(1788, 125, 51, 0.00, '2025-07-09 06:48:08', '2025-07-09 07:01:42', NULL),
(1789, 125, 52, 0.00, '2025-07-09 06:48:08', '2025-07-09 07:01:42', NULL),
(1790, 125, 53, 0.00, '2025-07-09 06:48:08', '2025-07-09 07:01:42', NULL),
(1791, 125, 55, 0.00, '2025-07-09 06:48:08', '2025-07-09 07:01:42', NULL),
(1792, 125, 57, 0.00, '2025-07-09 06:48:08', '2025-07-09 07:01:42', NULL),
(1793, 125, 58, 0.00, '2025-07-09 06:48:08', '2025-07-09 07:01:42', NULL),
(1794, 125, 61, 0.00, '2025-07-09 06:48:08', '2025-07-09 07:01:42', NULL),
(1795, 125, 62, 0.00, '2025-07-09 06:48:08', '2025-07-09 07:01:42', NULL),
(1796, 125, 63, 0.00, '2025-07-09 06:48:08', '2025-07-09 07:01:42', NULL),
(1797, 126, 14, 0.00, '2025-07-09 06:48:08', '2025-07-09 07:01:42', NULL),
(1798, 126, 15, 0.00, '2025-07-09 06:48:08', '2025-07-09 07:01:42', NULL),
(1799, 126, 16, 0.00, '2025-07-09 06:48:08', '2025-07-09 07:01:42', NULL),
(1800, 126, 17, 0.00, '2025-07-09 06:48:08', '2025-07-09 07:01:42', NULL),
(1801, 126, 18, 0.00, '2025-07-09 06:48:08', '2025-07-09 07:01:42', NULL),
(1802, 126, 19, 0.00, '2025-07-09 06:48:08', '2025-07-09 07:01:42', NULL),
(1803, 126, 20, 0.00, '2025-07-09 06:48:08', '2025-07-09 07:01:42', NULL),
(1804, 126, 21, 0.00, '2025-07-09 06:48:08', '2025-07-09 07:01:42', NULL),
(1805, 126, 23, 0.00, '2025-07-09 06:48:08', '2025-07-09 07:01:42', NULL),
(1806, 126, 24, 0.00, '2025-07-09 06:48:08', '2025-07-09 07:01:43', NULL),
(1807, 126, 25, 0.00, '2025-07-09 06:48:08', '2025-07-09 07:01:43', NULL),
(1808, 126, 26, 0.00, '2025-07-09 06:48:08', '2025-07-09 07:01:43', NULL),
(1809, 126, 27, 0.00, '2025-07-09 06:48:08', '2025-07-09 07:01:43', NULL),
(1810, 126, 31, 0.00, '2025-07-09 06:48:08', '2025-07-09 07:01:43', NULL),
(1811, 126, 39, 0.00, '2025-07-09 06:48:08', '2025-07-09 07:01:43', NULL),
(1812, 126, 40, 0.00, '2025-07-09 06:48:08', '2025-07-09 07:01:43', NULL),
(1813, 126, 41, 0.00, '2025-07-09 06:48:08', '2025-07-09 07:01:43', NULL),
(1814, 126, 42, 0.00, '2025-07-09 06:48:08', '2025-07-09 07:01:43', NULL),
(1815, 126, 43, 0.00, '2025-07-09 06:48:08', '2025-07-09 07:01:43', NULL),
(1816, 126, 44, 0.00, '2025-07-09 06:48:08', '2025-07-09 07:01:43', NULL),
(1817, 126, 45, 0.00, '2025-07-09 06:48:08', '2025-07-09 07:01:43', NULL),
(1818, 126, 46, 0.00, '2025-07-09 06:48:08', '2025-07-09 07:01:43', NULL),
(1819, 126, 48, 0.00, '2025-07-09 06:48:08', '2025-07-09 07:01:43', NULL),
(1820, 126, 49, 0.00, '2025-07-09 06:48:08', '2025-07-09 07:01:43', NULL),
(1821, 126, 50, 0.00, '2025-07-09 06:48:08', '2025-07-09 07:01:43', NULL),
(1822, 126, 51, 0.00, '2025-07-09 06:48:08', '2025-07-09 07:01:43', NULL),
(1823, 126, 52, 0.00, '2025-07-09 06:48:08', '2025-07-09 07:01:43', NULL),
(1824, 126, 53, 0.00, '2025-07-09 06:48:08', '2025-07-09 07:01:43', NULL),
(1825, 126, 55, 0.00, '2025-07-09 06:48:08', '2025-07-09 07:01:43', NULL),
(1826, 126, 57, 0.00, '2025-07-09 06:48:08', '2025-07-09 07:01:43', NULL),
(1827, 126, 58, 0.00, '2025-07-09 06:48:08', '2025-07-09 07:01:43', NULL),
(1828, 126, 59, 0.00, '2025-07-09 06:48:08', '2025-07-09 07:01:43', NULL),
(1829, 126, 61, 0.00, '2025-07-09 06:48:08', '2025-07-09 07:01:43', NULL),
(1830, 126, 62, 0.00, '2025-07-09 06:48:08', '2025-07-09 07:01:43', NULL),
(1831, 126, 63, 0.00, '2025-07-09 06:48:08', '2025-07-09 07:01:43', NULL),
(1832, 138, 14, 0.00, '2025-07-09 06:48:08', '2025-07-09 07:01:43', NULL),
(1833, 138, 15, 0.00, '2025-07-09 06:48:08', '2025-07-09 07:01:43', NULL),
(1834, 138, 16, 0.00, '2025-07-09 06:48:08', '2025-07-09 07:01:43', NULL),
(1835, 138, 17, 0.00, '2025-07-09 06:48:08', '2025-07-09 07:01:43', NULL),
(1836, 138, 18, 0.00, '2025-07-09 06:48:08', '2025-07-09 07:01:43', NULL),
(1837, 138, 19, 0.00, '2025-07-09 06:48:08', '2025-07-09 07:01:43', NULL),
(1838, 138, 20, 0.00, '2025-07-09 06:48:08', '2025-07-09 07:01:43', NULL),
(1839, 138, 21, 0.00, '2025-07-09 06:48:08', '2025-07-09 07:01:43', NULL),
(1840, 138, 23, 0.00, '2025-07-09 06:48:08', '2025-07-09 07:01:43', NULL),
(1841, 138, 24, 0.00, '2025-07-09 06:48:08', '2025-07-09 07:01:43', NULL),
(1842, 138, 25, 0.00, '2025-07-09 06:48:08', '2025-07-09 07:01:43', NULL),
(1843, 138, 26, 0.00, '2025-07-09 06:48:08', '2025-07-09 07:01:43', NULL),
(1844, 138, 27, 0.00, '2025-07-09 06:48:08', '2025-07-09 07:01:43', NULL),
(1845, 138, 31, 0.00, '2025-07-09 06:48:08', '2025-07-09 07:01:43', NULL),
(1846, 138, 39, 0.00, '2025-07-09 06:48:08', '2025-07-09 07:01:43', NULL),
(1847, 138, 40, 0.00, '2025-07-09 06:48:08', '2025-07-09 07:01:43', NULL),
(1848, 138, 41, 0.00, '2025-07-09 06:48:08', '2025-07-09 07:01:43', NULL),
(1849, 138, 42, 0.00, '2025-07-09 06:48:08', '2025-07-09 07:01:43', NULL),
(1850, 138, 43, 0.00, '2025-07-09 06:48:08', '2025-07-18 10:07:00', NULL),
(1851, 138, 44, 0.00, '2025-07-09 06:48:08', '2025-07-09 07:01:43', NULL),
(1852, 138, 45, 0.00, '2025-07-09 06:48:08', '2025-07-09 07:01:43', NULL),
(1853, 138, 46, 0.00, '2025-07-09 06:48:08', '2025-07-09 07:01:43', NULL),
(1854, 138, 48, 0.00, '2025-07-09 06:48:08', '2025-07-09 07:01:43', NULL),
(1855, 138, 49, 0.00, '2025-07-09 06:48:08', '2025-07-09 07:01:43', NULL),
(1856, 138, 50, 0.00, '2025-07-09 06:48:08', '2025-07-09 07:01:43', NULL),
(1857, 138, 51, 0.00, '2025-07-09 06:48:08', '2025-07-09 07:01:43', NULL),
(1858, 138, 53, 0.00, '2025-07-09 06:48:08', '2025-07-09 07:01:43', NULL),
(1859, 138, 55, 0.00, '2025-07-09 06:48:08', '2025-07-09 07:01:43', NULL),
(1860, 138, 57, 0.00, '2025-07-09 06:48:08', '2025-07-09 07:01:43', NULL),
(1861, 138, 58, 0.00, '2025-07-09 06:48:08', '2025-07-09 07:01:43', NULL),
(1862, 138, 59, 0.00, '2025-07-09 06:48:08', '2025-07-09 07:01:43', NULL),
(1863, 138, 61, 0.00, '2025-07-09 06:48:08', '2025-07-09 07:01:43', NULL),
(1864, 138, 62, 0.00, '2025-07-09 06:48:08', '2025-07-09 07:01:43', NULL),
(1865, 138, 63, 0.00, '2025-07-09 06:48:08', '2025-07-09 07:01:43', NULL),
(1866, 140, 14, 1.00, '2025-07-09 06:48:08', '2025-07-17 04:29:38', NULL),
(1867, 140, 15, 0.00, '2025-07-09 06:48:08', '2025-07-09 07:01:43', NULL),
(1868, 140, 16, 0.00, '2025-07-09 06:48:08', '2025-07-09 07:01:43', NULL),
(1869, 140, 17, 1.00, '2025-07-09 06:48:08', '2025-08-15 08:11:35', NULL),
(1870, 140, 18, 0.00, '2025-07-09 06:48:08', '2025-07-09 07:01:43', NULL),
(1871, 140, 19, 0.00, '2025-07-09 06:48:08', '2025-07-09 07:01:43', NULL),
(1872, 140, 20, 0.00, '2025-07-09 06:48:08', '2025-07-09 07:01:43', NULL),
(1873, 140, 21, 0.00, '2025-07-09 06:48:08', '2025-07-09 07:01:43', NULL),
(1874, 140, 23, 0.00, '2025-07-09 06:48:08', '2025-07-09 07:01:43', NULL),
(1875, 140, 24, 0.00, '2025-07-09 06:48:08', '2025-07-09 07:01:43', NULL),
(1876, 140, 25, 0.00, '2025-07-09 06:48:08', '2025-07-09 07:01:43', NULL),
(1877, 140, 26, 0.00, '2025-07-09 06:48:08', '2025-07-09 07:01:43', NULL),
(1878, 140, 27, 0.00, '2025-07-09 06:48:08', '2025-07-09 07:01:43', NULL),
(1879, 140, 31, 0.00, '2025-07-09 06:48:08', '2025-07-09 07:01:43', NULL),
(1880, 140, 39, 0.00, '2025-07-09 06:48:08', '2025-07-09 07:01:43', NULL),
(1881, 140, 40, 0.00, '2025-07-09 06:48:08', '2025-07-09 07:01:43', NULL),
(1882, 140, 41, 0.00, '2025-07-09 06:48:08', '2025-07-09 07:01:43', NULL),
(1883, 140, 42, 0.00, '2025-07-09 06:48:08', '2025-07-09 07:01:43', NULL),
(1884, 140, 43, 0.00, '2025-07-09 06:48:08', '2025-07-09 07:01:43', NULL),
(1885, 140, 44, 0.00, '2025-07-09 06:48:08', '2025-07-09 07:01:43', NULL),
(1886, 140, 45, 0.00, '2025-07-09 06:48:08', '2025-07-09 07:01:43', NULL),
(1887, 140, 46, 0.00, '2025-07-09 06:48:08', '2025-07-09 07:01:43', NULL),
(1888, 140, 48, 0.00, '2025-07-09 06:48:08', '2025-07-09 07:01:43', NULL),
(1889, 140, 49, 0.00, '2025-07-09 06:48:08', '2025-07-09 07:01:43', NULL),
(1890, 140, 50, 0.00, '2025-07-09 06:48:08', '2025-07-09 07:01:43', NULL),
(1891, 140, 51, 0.00, '2025-07-09 06:48:08', '2025-07-09 07:01:43', NULL),
(1892, 140, 52, 0.00, '2025-07-09 06:48:08', '2025-07-09 07:01:43', NULL),
(1893, 140, 53, 0.00, '2025-07-09 06:48:08', '2025-07-09 07:01:43', NULL),
(1894, 140, 57, 0.00, '2025-07-09 06:48:08', '2025-07-09 07:01:43', NULL),
(1895, 140, 58, 0.00, '2025-07-09 06:48:08', '2025-07-09 07:01:43', NULL),
(1896, 140, 59, 0.00, '2025-07-09 06:48:08', '2025-07-09 07:01:43', NULL),
(1897, 140, 61, 0.00, '2025-07-09 06:48:08', '2025-07-09 07:01:43', NULL),
(1898, 140, 62, 0.00, '2025-07-09 06:48:08', '2025-07-09 07:01:43', NULL),
(1899, 140, 63, 0.00, '2025-07-09 06:48:08', '2025-07-09 07:01:43', NULL),
(1900, 141, 14, 0.00, '2025-07-09 06:48:08', '2025-07-09 07:01:43', NULL),
(1901, 141, 15, 0.00, '2025-07-09 06:48:08', '2025-07-09 07:01:43', NULL),
(1902, 141, 16, 0.00, '2025-07-09 06:48:08', '2025-07-09 07:01:43', NULL),
(1903, 141, 17, 0.00, '2025-07-09 06:48:08', '2025-07-09 07:01:43', NULL),
(1904, 141, 18, 0.00, '2025-07-09 06:48:08', '2025-07-09 07:01:43', NULL),
(1905, 141, 19, 0.00, '2025-07-09 06:48:08', '2025-07-09 07:01:43', NULL),
(1906, 141, 20, 0.00, '2025-07-09 06:48:08', '2025-07-09 07:01:43', NULL),
(1907, 141, 21, 0.00, '2025-07-09 06:48:08', '2025-07-09 07:01:43', NULL),
(1908, 141, 23, 0.00, '2025-07-09 06:48:08', '2025-07-09 07:01:43', NULL),
(1909, 141, 24, 0.00, '2025-07-09 06:48:08', '2025-07-09 07:01:43', NULL),
(1910, 141, 25, 0.00, '2025-07-09 06:48:08', '2025-07-09 07:01:43', NULL),
(1911, 141, 26, 0.00, '2025-07-09 06:48:08', '2025-07-09 07:01:43', NULL),
(1912, 141, 27, 0.00, '2025-07-09 06:48:08', '2025-07-09 07:01:43', NULL),
(1913, 141, 31, 0.00, '2025-07-09 06:48:08', '2025-07-09 07:01:43', NULL),
(1914, 141, 39, 0.00, '2025-07-09 06:48:08', '2025-07-09 07:01:43', NULL),
(1915, 141, 40, 0.00, '2025-07-09 06:48:08', '2025-07-09 07:01:43', NULL),
(1916, 141, 41, 0.00, '2025-07-09 06:48:08', '2025-07-09 07:01:43', NULL),
(1917, 141, 42, 0.00, '2025-07-09 06:48:08', '2025-07-09 07:01:43', NULL),
(1918, 141, 43, 0.00, '2025-07-09 06:48:08', '2025-07-09 07:01:43', NULL),
(1919, 141, 44, 0.00, '2025-07-09 06:48:08', '2025-07-09 07:01:43', NULL),
(1920, 141, 45, 0.00, '2025-07-09 06:48:08', '2025-07-09 07:01:43', NULL),
(1921, 141, 46, 0.00, '2025-07-09 06:48:08', '2025-07-09 07:01:43', NULL),
(1922, 141, 48, 0.00, '2025-07-09 06:48:08', '2025-07-09 07:01:43', NULL),
(1923, 141, 49, 0.00, '2025-07-09 06:48:08', '2025-07-09 07:01:43', NULL),
(1924, 141, 50, 0.00, '2025-07-09 06:48:08', '2025-07-09 07:01:43', NULL),
(1925, 141, 51, 0.00, '2025-07-09 06:48:08', '2025-07-09 07:01:43', NULL),
(1926, 141, 52, 0.00, '2025-07-09 06:48:08', '2025-07-09 07:01:43', NULL),
(1927, 141, 53, 0.00, '2025-07-09 06:48:08', '2025-07-09 07:01:43', NULL),
(1928, 141, 55, 0.00, '2025-07-09 06:48:08', '2025-07-09 07:01:43', NULL),
(1929, 141, 57, 0.00, '2025-07-09 06:48:08', '2025-07-09 07:01:43', NULL),
(1930, 141, 58, 0.00, '2025-07-09 06:48:08', '2025-07-09 07:01:43', NULL),
(1931, 141, 59, 0.00, '2025-07-09 06:48:08', '2025-07-09 07:01:43', NULL),
(1932, 141, 61, 0.00, '2025-07-09 06:48:08', '2025-07-09 07:01:43', NULL),
(1933, 141, 62, 0.00, '2025-07-09 06:48:08', '2025-07-09 07:01:43', NULL),
(1934, 141, 63, 0.00, '2025-07-09 06:48:08', '2025-07-09 07:01:43', NULL),
(1935, 142, 14, 0.00, '2025-07-09 06:48:08', '2025-07-09 07:01:43', NULL),
(1936, 142, 15, 0.00, '2025-07-09 06:48:08', '2025-07-09 07:01:43', NULL),
(1937, 142, 16, 0.00, '2025-07-09 06:48:08', '2025-07-09 07:01:43', NULL),
(1938, 142, 17, 0.00, '2025-07-09 06:48:08', '2025-07-09 07:01:43', NULL),
(1939, 142, 18, 0.00, '2025-07-09 06:48:08', '2025-07-09 07:01:43', NULL),
(1940, 142, 19, 0.00, '2025-07-09 06:48:08', '2025-07-09 07:01:43', NULL),
(1941, 142, 20, 0.00, '2025-07-09 06:48:08', '2025-07-09 07:01:43', NULL),
(1942, 142, 21, 0.00, '2025-07-09 06:48:08', '2025-07-09 07:01:43', NULL),
(1943, 142, 23, 0.00, '2025-07-09 06:48:08', '2025-07-09 07:01:43', NULL),
(1944, 142, 24, 0.00, '2025-07-09 06:48:08', '2025-07-09 07:01:43', NULL),
(1945, 142, 25, 0.00, '2025-07-09 06:48:08', '2025-07-09 07:01:43', NULL),
(1946, 142, 26, 0.00, '2025-07-09 06:48:08', '2025-07-09 07:01:43', NULL),
(1947, 142, 27, 0.00, '2025-07-09 06:48:08', '2025-07-09 07:01:43', NULL),
(1948, 142, 31, 0.00, '2025-07-09 06:48:08', '2025-07-09 07:01:43', NULL),
(1949, 142, 39, 0.00, '2025-07-09 06:48:08', '2025-07-09 07:01:43', NULL),
(1950, 142, 40, 0.00, '2025-07-09 06:48:08', '2025-07-09 07:01:43', NULL),
(1951, 142, 41, 0.00, '2025-07-09 06:48:08', '2025-07-09 07:01:43', NULL),
(1952, 142, 42, 0.00, '2025-07-09 06:48:08', '2025-07-09 07:01:43', NULL),
(1953, 142, 43, 0.00, '2025-07-09 06:48:08', '2025-07-09 07:01:43', NULL),
(1954, 142, 44, 0.00, '2025-07-09 06:48:08', '2025-07-09 07:01:43', NULL),
(1955, 142, 45, 0.00, '2025-07-09 06:48:08', '2025-07-09 07:01:43', NULL),
(1956, 142, 46, 0.00, '2025-07-09 06:48:08', '2025-07-09 07:01:43', NULL),
(1957, 142, 48, 0.00, '2025-07-09 06:48:08', '2025-07-09 07:01:43', NULL),
(1958, 142, 49, 0.00, '2025-07-09 06:48:08', '2025-07-09 07:01:43', NULL),
(1959, 142, 50, 0.00, '2025-07-09 06:48:08', '2025-07-09 07:01:43', NULL),
(1960, 142, 51, 0.00, '2025-07-09 06:48:08', '2025-07-09 07:01:43', NULL),
(1961, 142, 52, 0.00, '2025-07-09 06:48:08', '2025-07-09 07:01:43', NULL),
(1962, 142, 53, 0.00, '2025-07-09 06:48:08', '2025-07-09 07:01:43', NULL),
(1963, 142, 55, 0.00, '2025-07-09 06:48:08', '2025-07-09 07:01:43', NULL),
(1964, 142, 57, 0.00, '2025-07-09 06:48:08', '2025-07-09 07:01:43', NULL),
(1965, 142, 58, 0.00, '2025-07-09 06:48:08', '2025-07-09 07:01:43', NULL),
(1966, 142, 59, 0.00, '2025-07-09 06:48:08', '2025-07-09 07:01:43', NULL),
(1967, 142, 61, 0.00, '2025-07-09 06:48:08', '2025-07-09 07:01:43', NULL),
(1968, 142, 62, 0.00, '2025-07-09 06:48:08', '2025-07-09 07:01:43', NULL),
(1969, 142, 63, 0.00, '2025-07-09 06:48:08', '2025-07-09 07:01:43', NULL),
(1970, 143, 14, 0.00, '2025-07-09 06:48:08', '2025-07-09 07:01:43', NULL),
(1971, 143, 15, 0.00, '2025-07-09 06:48:08', '2025-07-09 07:01:43', NULL),
(1972, 143, 16, 0.00, '2025-07-09 06:48:08', '2025-07-09 07:01:43', NULL),
(1973, 143, 17, 0.00, '2025-07-09 06:48:08', '2025-07-09 07:01:43', NULL),
(1974, 143, 18, 0.00, '2025-07-09 06:48:08', '2025-07-09 07:01:43', NULL),
(1975, 143, 19, 0.00, '2025-07-09 06:48:08', '2025-07-09 07:01:43', NULL),
(1976, 143, 20, 0.00, '2025-07-09 06:48:08', '2025-07-09 07:01:43', NULL),
(1977, 143, 21, 0.00, '2025-07-09 06:48:08', '2025-07-09 07:01:43', NULL),
(1978, 143, 23, 0.00, '2025-07-09 06:48:08', '2025-07-09 07:01:43', NULL),
(1979, 143, 24, 0.00, '2025-07-09 06:48:08', '2025-07-09 07:01:43', NULL),
(1980, 143, 25, 0.00, '2025-07-09 06:48:08', '2025-07-09 07:01:43', NULL),
(1981, 143, 26, 0.00, '2025-07-09 06:48:08', '2025-07-09 07:01:43', NULL),
(1982, 143, 27, 0.00, '2025-07-09 06:48:08', '2025-07-09 07:01:43', NULL),
(1983, 143, 31, 0.00, '2025-07-09 06:48:08', '2025-07-09 07:01:43', NULL),
(1984, 143, 39, 0.00, '2025-07-09 06:48:08', '2025-07-09 07:01:43', NULL),
(1985, 143, 40, 0.00, '2025-07-09 06:48:08', '2025-07-09 07:01:43', NULL),
(1986, 143, 41, 0.00, '2025-07-09 06:48:08', '2025-07-09 07:01:43', NULL),
(1987, 143, 42, 0.00, '2025-07-09 06:48:08', '2025-07-09 07:01:43', NULL),
(1988, 143, 43, 0.00, '2025-07-09 06:48:08', '2025-07-09 07:01:43', NULL),
(1989, 143, 44, 0.00, '2025-07-09 06:48:08', '2025-07-09 07:01:43', NULL),
(1990, 143, 45, 0.00, '2025-07-09 06:48:08', '2025-07-09 07:01:43', NULL),
(1991, 143, 46, 0.00, '2025-07-09 06:48:08', '2025-07-09 07:01:43', NULL),
(1992, 143, 48, 0.00, '2025-07-09 06:48:08', '2025-07-09 07:01:43', NULL),
(1993, 143, 49, 0.00, '2025-07-09 06:48:08', '2025-07-09 07:01:43', NULL),
(1994, 143, 50, 0.00, '2025-07-09 06:48:08', '2025-07-09 07:01:43', NULL),
(1995, 143, 51, 0.00, '2025-07-09 06:48:08', '2025-07-09 07:01:43', NULL),
(1996, 143, 52, 0.00, '2025-07-09 06:48:08', '2025-07-09 07:01:43', NULL),
(1997, 143, 53, 0.00, '2025-07-09 06:48:08', '2025-07-09 07:01:43', NULL),
(1998, 143, 55, 0.00, '2025-07-09 06:48:08', '2025-07-09 07:01:43', NULL),
(1999, 143, 57, 0.00, '2025-07-09 06:48:08', '2025-07-09 07:01:43', NULL),
(2000, 143, 58, 0.00, '2025-07-09 06:48:08', '2025-07-09 07:01:43', NULL),
(2001, 143, 59, 0.00, '2025-07-09 06:48:08', '2025-07-09 07:01:43', NULL),
(2002, 143, 61, 0.00, '2025-07-09 06:48:08', '2025-07-09 07:01:43', NULL),
(2003, 143, 62, 0.00, '2025-07-09 06:48:08', '2025-07-09 07:01:43', NULL),
(2004, 143, 63, 0.00, '2025-07-09 06:48:08', '2025-07-09 07:01:43', NULL),
(2005, 144, 14, 0.00, '2025-07-09 06:48:08', '2025-07-09 07:01:43', NULL),
(2006, 144, 15, 0.00, '2025-07-09 06:48:08', '2025-07-09 07:01:43', NULL),
(2007, 144, 16, 0.00, '2025-07-09 06:48:08', '2025-07-09 07:01:43', NULL),
(2008, 144, 17, 0.00, '2025-07-09 06:48:08', '2025-07-09 07:01:43', NULL),
(2009, 144, 18, 0.00, '2025-07-09 06:48:08', '2025-07-09 07:01:43', NULL),
(2010, 144, 19, 0.00, '2025-07-09 06:48:08', '2025-07-09 07:01:43', NULL),
(2011, 144, 20, 0.00, '2025-07-09 06:48:08', '2025-07-09 07:01:43', NULL),
(2012, 144, 21, 0.00, '2025-07-09 06:48:08', '2025-07-09 07:01:43', NULL),
(2013, 144, 23, 0.00, '2025-07-09 06:48:08', '2025-07-09 07:01:43', NULL),
(2014, 144, 24, 0.00, '2025-07-09 06:48:08', '2025-07-09 07:01:43', NULL),
(2015, 144, 25, 0.00, '2025-07-09 06:48:08', '2025-07-09 07:01:43', NULL),
(2016, 144, 26, 0.00, '2025-07-09 06:48:08', '2025-07-09 07:01:43', NULL),
(2017, 144, 27, 0.00, '2025-07-09 06:48:08', '2025-07-09 07:01:43', NULL),
(2018, 144, 31, 0.00, '2025-07-09 06:48:08', '2025-07-09 07:01:43', NULL),
(2019, 144, 39, 0.00, '2025-07-09 06:48:08', '2025-07-09 07:01:43', NULL),
(2020, 144, 40, 0.00, '2025-07-09 06:48:08', '2025-07-09 07:01:43', NULL),
(2021, 144, 41, 0.00, '2025-07-09 06:48:08', '2025-07-09 07:01:43', NULL),
(2022, 144, 42, 0.00, '2025-07-09 06:48:08', '2025-07-09 07:01:43', NULL),
(2023, 144, 43, 0.00, '2025-07-09 06:48:08', '2025-07-09 07:01:43', NULL),
(2024, 144, 44, 0.00, '2025-07-09 06:48:08', '2025-07-09 07:01:43', NULL),
(2025, 144, 45, 0.00, '2025-07-09 06:48:08', '2025-07-09 07:01:43', NULL),
(2026, 144, 46, 0.00, '2025-07-09 06:48:08', '2025-07-09 07:01:43', NULL),
(2027, 144, 48, 0.00, '2025-07-09 06:48:08', '2025-07-09 07:01:43', NULL),
(2028, 144, 49, 0.00, '2025-07-09 06:48:08', '2025-07-09 07:01:43', NULL),
(2029, 144, 50, 0.00, '2025-07-09 06:48:08', '2025-07-09 07:01:43', NULL),
(2030, 144, 51, 0.00, '2025-07-09 06:48:08', '2025-07-09 07:01:43', NULL),
(2031, 144, 52, 0.00, '2025-07-09 06:48:08', '2025-07-09 07:01:43', NULL),
(2032, 144, 53, 0.00, '2025-07-09 06:48:08', '2025-07-09 07:01:43', NULL),
(2033, 144, 57, 0.00, '2025-07-09 06:48:08', '2025-07-09 07:01:43', NULL),
(2034, 144, 58, 0.00, '2025-07-09 06:48:08', '2025-07-09 07:01:43', NULL),
(2035, 144, 59, 0.00, '2025-07-09 06:48:08', '2025-07-09 07:01:43', NULL),
(2036, 144, 61, 0.00, '2025-07-09 06:48:08', '2025-07-09 07:01:43', NULL),
(2037, 144, 62, 0.00, '2025-07-09 06:48:08', '2025-07-09 07:01:43', NULL),
(2038, 144, 63, 0.00, '2025-07-09 06:48:08', '2025-07-09 07:01:43', NULL),
(2039, 145, 14, 0.00, '2025-07-09 06:48:08', '2025-07-09 07:01:43', NULL),
(2040, 145, 15, 0.00, '2025-07-09 06:48:08', '2025-07-09 07:01:43', NULL),
(2041, 145, 16, 0.00, '2025-07-09 06:48:08', '2025-07-09 07:01:43', NULL),
(2042, 145, 17, 0.00, '2025-07-09 06:48:08', '2025-07-09 07:01:43', NULL),
(2043, 145, 18, 0.00, '2025-07-09 06:48:08', '2025-07-09 07:01:43', NULL),
(2044, 145, 19, 0.00, '2025-07-09 06:48:08', '2025-07-09 07:01:43', NULL),
(2045, 145, 20, 0.00, '2025-07-09 06:48:08', '2025-07-09 07:01:43', NULL),
(2046, 145, 21, 0.00, '2025-07-09 06:48:08', '2025-07-09 07:01:43', NULL),
(2047, 145, 23, 0.00, '2025-07-09 06:48:08', '2025-07-09 07:01:43', NULL),
(2048, 145, 24, 0.00, '2025-07-09 06:48:08', '2025-07-09 07:01:43', NULL),
(2049, 145, 25, 0.00, '2025-07-09 06:48:08', '2025-07-09 07:01:43', NULL),
(2050, 145, 26, 0.00, '2025-07-09 06:48:08', '2025-07-09 07:01:43', NULL),
(2051, 145, 27, 0.00, '2025-07-09 06:48:08', '2025-07-09 07:01:43', NULL),
(2052, 145, 31, 0.00, '2025-07-09 06:48:08', '2025-07-09 07:01:43', NULL),
(2053, 145, 39, 0.00, '2025-07-09 06:48:08', '2025-07-09 07:01:43', NULL),
(2054, 145, 40, 0.00, '2025-07-09 06:48:08', '2025-07-09 07:01:43', NULL),
(2055, 145, 41, 0.00, '2025-07-09 06:48:08', '2025-07-09 07:01:43', NULL),
(2056, 145, 42, 0.00, '2025-07-09 06:48:08', '2025-07-09 07:01:43', NULL),
(2057, 145, 43, 0.00, '2025-07-09 06:48:08', '2025-07-09 07:01:43', NULL),
(2058, 145, 44, 0.00, '2025-07-09 06:48:08', '2025-07-09 07:01:43', NULL),
(2059, 145, 45, 0.00, '2025-07-09 06:48:08', '2025-07-09 07:01:43', NULL),
(2060, 145, 46, 0.00, '2025-07-09 06:48:08', '2025-07-09 07:01:43', NULL),
(2061, 145, 48, 0.00, '2025-07-09 06:48:08', '2025-07-09 07:01:43', NULL),
(2062, 145, 49, 0.00, '2025-07-09 06:48:08', '2025-07-09 07:01:43', NULL),
(2063, 145, 50, 0.00, '2025-07-09 06:48:08', '2025-07-09 07:01:43', NULL),
(2064, 145, 51, 0.00, '2025-07-09 06:48:08', '2025-07-09 07:01:43', NULL),
(2065, 145, 52, 0.00, '2025-07-09 06:48:08', '2025-07-09 07:01:44', NULL),
(2066, 145, 55, 0.00, '2025-07-09 06:48:08', '2025-07-09 07:01:44', NULL),
(2067, 145, 57, 0.00, '2025-07-09 06:48:08', '2025-07-09 07:01:44', NULL),
(2068, 145, 58, 0.00, '2025-07-09 06:48:08', '2025-07-09 07:01:44', NULL),
(2069, 145, 59, 0.00, '2025-07-09 06:48:08', '2025-07-09 07:01:44', NULL),
(2070, 145, 61, 0.00, '2025-07-09 06:48:08', '2025-07-09 07:01:44', NULL),
(2071, 145, 62, 0.00, '2025-07-09 06:48:08', '2025-07-09 07:01:44', NULL),
(2072, 145, 63, 0.00, '2025-07-09 06:48:08', '2025-07-09 07:01:44', NULL),
(2073, 146, 14, 2.00, '2025-07-09 06:48:08', '2025-07-17 04:29:06', NULL),
(2074, 146, 15, 1.00, '2025-07-09 06:48:08', '2025-07-17 08:35:42', NULL),
(2075, 146, 17, 0.00, '2025-07-09 06:48:08', '2025-07-09 07:01:44', NULL),
(2076, 146, 18, 0.00, '2025-07-09 06:48:08', '2025-07-09 07:01:44', NULL),
(2077, 146, 19, 0.00, '2025-07-09 06:48:08', '2025-07-09 07:01:44', NULL),
(2078, 146, 20, 0.00, '2025-07-09 06:48:08', '2025-07-09 07:01:44', NULL),
(2079, 146, 21, 0.00, '2025-07-09 06:48:09', '2025-07-09 07:01:44', NULL),
(2080, 146, 23, 0.00, '2025-07-09 06:48:09', '2025-07-09 07:01:44', NULL),
(2081, 146, 24, 0.00, '2025-07-09 06:48:09', '2025-07-09 07:01:44', NULL),
(2082, 146, 26, 0.00, '2025-07-09 06:48:09', '2025-07-09 07:01:44', NULL),
(2083, 146, 27, 0.00, '2025-07-09 06:48:09', '2025-07-09 07:01:44', NULL),
(2084, 146, 31, 0.00, '2025-07-09 06:48:09', '2025-07-09 07:01:44', NULL),
(2085, 146, 39, 0.00, '2025-07-09 06:48:09', '2025-07-09 07:01:44', NULL),
(2086, 146, 40, 0.00, '2025-07-09 06:48:09', '2025-07-09 07:01:44', NULL),
(2087, 146, 41, 0.00, '2025-07-09 06:48:09', '2025-07-09 07:01:44', NULL),
(2088, 146, 42, 0.00, '2025-07-09 06:48:09', '2025-07-09 07:01:44', NULL),
(2089, 146, 43, 14.00, '2025-07-09 06:48:09', '2025-10-13 09:33:10', NULL),
(2090, 146, 44, 0.00, '2025-07-09 06:48:09', '2025-07-09 07:01:44', NULL),
(2091, 146, 45, 0.00, '2025-07-09 06:48:09', '2025-07-09 07:01:44', NULL),
(2092, 146, 46, 0.00, '2025-07-09 06:48:09', '2025-07-09 07:01:44', NULL),
(2093, 146, 48, 0.00, '2025-07-09 06:48:09', '2025-07-09 07:01:44', NULL),
(2094, 146, 50, 0.00, '2025-07-09 06:48:09', '2025-07-09 07:01:44', NULL),
(2095, 146, 51, 0.00, '2025-07-09 06:48:09', '2025-07-09 07:01:44', NULL),
(2096, 146, 52, 0.00, '2025-07-09 06:48:09', '2025-07-09 07:01:44', NULL),
(2097, 146, 53, 3.00, '2025-07-09 06:48:09', '2025-08-15 08:11:35', NULL),
(2098, 146, 55, 0.00, '2025-07-09 06:48:09', '2025-07-09 07:01:44', NULL),
(2099, 146, 57, 0.00, '2025-07-09 06:48:09', '2025-07-09 07:01:44', NULL),
(2100, 146, 58, 0.00, '2025-07-09 06:48:09', '2025-07-09 07:01:44', NULL),
(2101, 146, 59, 0.00, '2025-07-09 06:48:09', '2025-07-09 07:01:44', NULL),
(2102, 146, 61, 0.00, '2025-07-09 06:48:09', '2025-07-09 07:01:44', NULL),
(2103, 146, 62, 0.00, '2025-07-09 06:48:09', '2025-07-09 07:01:44', NULL);
INSERT INTO `material_usages` (`id`, `inventory_id`, `project_id`, `used_quantity`, `created_at`, `updated_at`, `deleted_at`) VALUES
(2104, 146, 63, 0.00, '2025-07-09 06:48:09', '2025-07-09 07:01:44', NULL),
(2105, 147, 14, 0.00, '2025-07-09 06:48:09', '2025-07-09 07:01:44', NULL),
(2106, 147, 15, 0.00, '2025-07-09 06:48:09', '2025-07-09 07:01:44', NULL),
(2107, 147, 16, 0.00, '2025-07-09 06:48:09', '2025-07-09 07:01:44', NULL),
(2108, 147, 17, 0.00, '2025-07-09 06:48:09', '2025-07-09 07:01:44', NULL),
(2109, 147, 18, 0.00, '2025-07-09 06:48:09', '2025-07-09 07:01:44', NULL),
(2110, 147, 19, 0.00, '2025-07-09 06:48:09', '2025-07-09 07:01:44', NULL),
(2111, 147, 20, 0.00, '2025-07-09 06:48:09', '2025-07-09 07:01:44', NULL),
(2112, 147, 21, 0.00, '2025-07-09 06:48:09', '2025-07-09 07:01:44', NULL),
(2113, 147, 23, 0.00, '2025-07-09 06:48:09', '2025-07-09 07:01:44', NULL),
(2114, 147, 24, 0.00, '2025-07-09 06:48:09', '2025-07-09 07:01:44', NULL),
(2115, 147, 25, 0.00, '2025-07-09 06:48:09', '2025-07-09 07:01:44', NULL),
(2116, 147, 26, 0.00, '2025-07-09 06:48:09', '2025-07-09 07:01:44', NULL),
(2117, 147, 27, 0.00, '2025-07-09 06:48:09', '2025-07-09 07:01:44', NULL),
(2118, 147, 31, 0.00, '2025-07-09 06:48:09', '2025-07-09 07:01:44', NULL),
(2119, 147, 39, 0.00, '2025-07-09 06:48:09', '2025-07-09 07:01:44', NULL),
(2120, 147, 40, 0.00, '2025-07-09 06:48:09', '2025-07-09 07:01:44', NULL),
(2121, 147, 41, 0.00, '2025-07-09 06:48:09', '2025-07-09 07:01:44', NULL),
(2122, 147, 42, 0.00, '2025-07-09 06:48:09', '2025-07-09 07:01:44', NULL),
(2123, 147, 43, 0.00, '2025-07-09 06:48:09', '2025-07-09 07:01:44', NULL),
(2124, 147, 44, 0.00, '2025-07-09 06:48:09', '2025-07-09 07:01:44', NULL),
(2125, 147, 46, 0.00, '2025-07-09 06:48:09', '2025-07-09 07:01:44', NULL),
(2126, 147, 48, 0.00, '2025-07-09 06:48:09', '2025-07-09 07:01:44', NULL),
(2127, 147, 49, 0.00, '2025-07-09 06:48:09', '2025-07-09 07:01:44', NULL),
(2128, 147, 50, 0.00, '2025-07-09 06:48:09', '2025-07-09 07:01:44', NULL),
(2129, 147, 51, 0.00, '2025-07-09 06:48:09', '2025-07-09 07:01:44', NULL),
(2130, 147, 52, 0.00, '2025-07-09 06:48:09', '2025-07-09 07:01:44', NULL),
(2131, 147, 53, 0.00, '2025-07-09 06:48:09', '2025-07-09 07:01:44', NULL),
(2132, 147, 55, 0.00, '2025-07-09 06:48:09', '2025-07-09 07:01:44', NULL),
(2133, 147, 57, 0.00, '2025-07-09 06:48:09', '2025-07-09 07:01:44', NULL),
(2134, 147, 58, 0.00, '2025-07-09 06:48:09', '2025-07-09 07:01:44', NULL),
(2135, 147, 59, 0.00, '2025-07-09 06:48:09', '2025-07-09 07:01:44', NULL),
(2136, 147, 61, 0.00, '2025-07-09 06:48:09', '2025-07-09 07:01:44', NULL),
(2137, 147, 62, 0.00, '2025-07-09 06:48:09', '2025-07-09 07:01:44', NULL),
(2138, 147, 63, 0.00, '2025-07-09 06:48:09', '2025-07-09 07:01:44', NULL),
(2139, 148, 14, 0.00, '2025-07-09 06:48:09', '2025-07-09 07:01:44', NULL),
(2140, 148, 15, 0.00, '2025-07-09 06:48:09', '2025-07-09 07:01:44', NULL),
(2141, 148, 16, 0.00, '2025-07-09 06:48:09', '2025-07-09 07:01:44', NULL),
(2142, 148, 17, 0.00, '2025-07-09 06:48:09', '2025-07-09 07:01:44', NULL),
(2143, 148, 18, 0.00, '2025-07-09 06:48:09', '2025-07-09 07:01:44', NULL),
(2144, 148, 19, 0.00, '2025-07-09 06:48:09', '2025-07-09 07:01:44', NULL),
(2145, 148, 20, 0.00, '2025-07-09 06:48:09', '2025-07-09 07:01:44', NULL),
(2146, 148, 21, 0.00, '2025-07-09 06:48:09', '2025-07-09 07:01:44', NULL),
(2147, 148, 23, 0.00, '2025-07-09 06:48:09', '2025-07-09 07:01:44', NULL),
(2148, 148, 24, 0.00, '2025-07-09 06:48:09', '2025-07-09 07:01:44', NULL),
(2149, 148, 25, 0.00, '2025-07-09 06:48:09', '2025-07-09 07:01:44', NULL),
(2150, 148, 26, 0.00, '2025-07-09 06:48:09', '2025-07-09 07:01:44', NULL),
(2151, 148, 27, 0.00, '2025-07-09 06:48:09', '2025-07-09 07:01:44', NULL),
(2152, 148, 31, 0.00, '2025-07-09 06:48:09', '2025-07-09 07:01:44', NULL),
(2153, 148, 39, 0.00, '2025-07-09 06:48:09', '2025-07-09 07:01:44', NULL),
(2154, 148, 40, 0.00, '2025-07-09 06:48:09', '2025-07-09 07:01:44', NULL),
(2155, 148, 41, 0.00, '2025-07-09 06:48:09', '2025-07-09 07:01:44', NULL),
(2156, 148, 42, 0.00, '2025-07-09 06:48:09', '2025-07-09 07:01:44', NULL),
(2157, 148, 43, 0.00, '2025-07-09 06:48:09', '2025-07-09 07:01:44', NULL),
(2158, 148, 44, 0.00, '2025-07-09 06:48:09', '2025-07-09 07:01:44', NULL),
(2159, 148, 45, 0.00, '2025-07-09 06:48:09', '2025-07-09 07:01:44', NULL),
(2160, 148, 46, 0.00, '2025-07-09 06:48:09', '2025-07-09 07:01:44', NULL),
(2161, 148, 48, 0.00, '2025-07-09 06:48:09', '2025-07-09 07:01:44', NULL),
(2162, 148, 49, 0.00, '2025-07-09 06:48:09', '2025-07-09 07:01:44', NULL),
(2163, 148, 50, 0.00, '2025-07-09 06:48:09', '2025-07-09 07:01:44', NULL),
(2164, 148, 51, 0.00, '2025-07-09 06:48:09', '2025-07-09 07:01:44', NULL),
(2165, 148, 52, 0.00, '2025-07-09 06:48:09', '2025-07-09 07:01:44', NULL),
(2166, 148, 53, 0.00, '2025-07-09 06:48:09', '2025-07-09 07:01:44', NULL),
(2167, 148, 55, 0.00, '2025-07-09 06:48:09', '2025-07-09 07:01:44', NULL),
(2168, 148, 57, 0.00, '2025-07-09 06:48:09', '2025-07-09 07:01:44', NULL),
(2169, 148, 58, 0.00, '2025-07-09 06:48:09', '2025-07-09 07:01:44', NULL),
(2170, 148, 59, 0.00, '2025-07-09 06:48:09', '2025-07-09 07:01:44', NULL),
(2171, 148, 61, 0.00, '2025-07-09 06:48:09', '2025-07-09 07:01:44', NULL),
(2172, 148, 62, 0.00, '2025-07-09 06:48:09', '2025-07-09 07:01:44', NULL),
(2173, 148, 63, 0.00, '2025-07-09 06:48:09', '2025-07-09 07:01:44', NULL),
(2174, 149, 14, 0.00, '2025-07-09 06:48:09', '2025-07-09 07:01:44', NULL),
(2175, 149, 15, 0.00, '2025-07-09 06:48:09', '2025-07-09 07:01:44', NULL),
(2176, 149, 16, 0.00, '2025-07-09 06:48:09', '2025-07-09 07:01:44', NULL),
(2177, 149, 17, 0.00, '2025-07-09 06:48:09', '2025-07-09 07:01:44', NULL),
(2178, 149, 18, 0.00, '2025-07-09 06:48:09', '2025-07-09 07:01:44', NULL),
(2179, 149, 19, 0.00, '2025-07-09 06:48:09', '2025-07-09 07:01:44', NULL),
(2180, 149, 20, 0.00, '2025-07-09 06:48:09', '2025-07-09 07:01:44', NULL),
(2181, 149, 21, 0.00, '2025-07-09 06:48:09', '2025-07-09 07:01:44', NULL),
(2182, 149, 23, 0.00, '2025-07-09 06:48:09', '2025-07-09 07:01:44', NULL),
(2183, 149, 24, 0.00, '2025-07-09 06:48:09', '2025-07-09 07:01:44', NULL),
(2184, 149, 25, 0.00, '2025-07-09 06:48:09', '2025-07-09 07:01:44', NULL),
(2185, 149, 26, 0.00, '2025-07-09 06:48:09', '2025-07-09 07:01:44', NULL),
(2186, 149, 27, 0.00, '2025-07-09 06:48:09', '2025-07-09 07:01:44', NULL),
(2187, 149, 31, 0.00, '2025-07-09 06:48:09', '2025-07-09 07:01:44', NULL),
(2188, 149, 39, 0.00, '2025-07-09 06:48:09', '2025-07-09 07:01:44', NULL),
(2189, 149, 40, 0.00, '2025-07-09 06:48:09', '2025-07-09 07:01:44', NULL),
(2190, 149, 41, 0.00, '2025-07-09 06:48:09', '2025-07-09 07:01:44', NULL),
(2191, 149, 42, 0.00, '2025-07-09 06:48:09', '2025-07-09 07:01:44', NULL),
(2192, 149, 43, 0.00, '2025-07-09 06:48:09', '2025-07-09 07:01:44', NULL),
(2193, 149, 44, 0.00, '2025-07-09 06:48:09', '2025-07-09 07:01:44', NULL),
(2194, 149, 45, 0.00, '2025-07-09 06:48:09', '2025-07-09 07:01:44', NULL),
(2195, 149, 46, 0.00, '2025-07-09 06:48:09', '2025-07-09 07:01:44', NULL),
(2196, 149, 48, 0.00, '2025-07-09 06:48:09', '2025-07-09 07:01:44', NULL),
(2197, 149, 49, 0.00, '2025-07-09 06:48:09', '2025-07-09 07:01:44', NULL),
(2198, 149, 50, 0.00, '2025-07-09 06:48:09', '2025-07-09 07:01:44', NULL),
(2199, 149, 51, 0.00, '2025-07-09 06:48:09', '2025-07-09 07:01:44', NULL),
(2200, 149, 52, 0.00, '2025-07-09 06:48:09', '2025-07-09 07:01:44', NULL),
(2201, 149, 53, 0.00, '2025-07-09 06:48:09', '2025-07-09 07:01:44', NULL),
(2202, 149, 55, 0.00, '2025-07-09 06:48:09', '2025-07-09 07:01:44', NULL),
(2203, 149, 57, 0.00, '2025-07-09 06:48:09', '2025-07-09 07:01:44', NULL),
(2204, 149, 58, 0.00, '2025-07-09 06:48:09', '2025-07-09 07:01:44', NULL),
(2205, 149, 59, 0.00, '2025-07-09 06:48:09', '2025-07-09 07:01:44', NULL),
(2206, 149, 61, 0.00, '2025-07-09 06:48:09', '2025-07-09 07:01:44', NULL),
(2207, 149, 62, 0.00, '2025-07-09 06:48:09', '2025-07-09 07:01:44', NULL),
(2208, 149, 63, 0.00, '2025-07-09 06:48:09', '2025-07-09 07:01:44', NULL),
(2209, 150, 14, 0.00, '2025-07-09 06:48:09', '2025-07-09 07:01:44', NULL),
(2210, 150, 15, 0.00, '2025-07-09 06:48:09', '2025-07-09 07:01:44', NULL),
(2211, 150, 16, 0.00, '2025-07-09 06:48:09', '2025-07-09 07:01:44', NULL),
(2212, 150, 17, 0.00, '2025-07-09 06:48:09', '2025-07-09 07:01:44', NULL),
(2213, 150, 18, 0.00, '2025-07-09 06:48:09', '2025-07-09 07:01:44', NULL),
(2214, 150, 19, 0.00, '2025-07-09 06:48:09', '2025-07-09 07:01:44', NULL),
(2215, 150, 20, 0.00, '2025-07-09 06:48:09', '2025-07-09 07:01:44', NULL),
(2216, 150, 21, 0.00, '2025-07-09 06:48:09', '2025-07-09 07:01:44', NULL),
(2217, 150, 23, 0.00, '2025-07-09 06:48:09', '2025-07-09 07:01:44', NULL),
(2218, 150, 24, 0.00, '2025-07-09 06:48:09', '2025-07-09 07:01:44', NULL),
(2219, 150, 25, 0.00, '2025-07-09 06:48:09', '2025-07-09 07:01:44', NULL),
(2220, 150, 26, 0.00, '2025-07-09 06:48:09', '2025-07-09 07:01:44', NULL),
(2221, 150, 27, 0.00, '2025-07-09 06:48:09', '2025-07-09 07:01:44', NULL),
(2222, 150, 31, 0.00, '2025-07-09 06:48:09', '2025-07-09 07:01:44', NULL),
(2223, 150, 39, 0.00, '2025-07-09 06:48:09', '2025-07-09 07:01:44', NULL),
(2224, 150, 40, 0.00, '2025-07-09 06:48:09', '2025-07-09 07:01:44', NULL),
(2225, 150, 41, 0.00, '2025-07-09 06:48:09', '2025-07-09 07:01:44', NULL),
(2226, 150, 42, 0.00, '2025-07-09 06:48:09', '2025-07-09 07:01:44', NULL),
(2227, 150, 43, 0.00, '2025-07-09 06:48:09', '2025-07-09 07:01:44', NULL),
(2228, 150, 44, 0.00, '2025-07-09 06:48:09', '2025-07-09 07:01:44', NULL),
(2229, 150, 45, 0.00, '2025-07-09 06:48:09', '2025-07-09 07:01:44', NULL),
(2230, 150, 46, 0.00, '2025-07-09 06:48:09', '2025-07-09 07:01:44', NULL),
(2231, 150, 48, 0.00, '2025-07-09 06:48:09', '2025-07-09 07:01:44', NULL),
(2232, 150, 49, 0.00, '2025-07-09 06:48:09', '2025-07-09 07:01:44', NULL),
(2233, 150, 50, 0.00, '2025-07-09 06:48:09', '2025-07-09 07:01:44', NULL),
(2234, 150, 51, 0.00, '2025-07-09 06:48:09', '2025-07-09 07:01:44', NULL),
(2235, 150, 52, 0.00, '2025-07-09 06:48:09', '2025-07-09 07:01:44', NULL),
(2236, 150, 53, 0.00, '2025-07-09 06:48:09', '2025-07-09 07:01:44', NULL),
(2237, 150, 55, 0.00, '2025-07-09 06:48:09', '2025-07-09 07:01:44', NULL),
(2238, 150, 57, 0.00, '2025-07-09 06:48:09', '2025-07-09 07:01:44', NULL),
(2239, 150, 58, 0.00, '2025-07-09 06:48:09', '2025-07-09 07:01:44', NULL),
(2240, 150, 59, 0.00, '2025-07-09 06:48:09', '2025-07-09 07:01:44', NULL),
(2241, 150, 61, 0.00, '2025-07-09 06:48:09', '2025-07-09 07:01:44', NULL),
(2242, 150, 62, 0.00, '2025-07-09 06:48:09', '2025-07-09 07:01:44', NULL),
(2243, 150, 63, 0.00, '2025-07-09 06:48:09', '2025-07-09 07:01:44', NULL),
(2244, 151, 14, 0.00, '2025-07-09 06:48:09', '2025-07-09 07:01:44', NULL),
(2245, 151, 15, 0.00, '2025-07-09 06:48:09', '2025-07-09 07:01:44', NULL),
(2246, 151, 16, 0.00, '2025-07-09 06:48:09', '2025-07-09 07:01:44', NULL),
(2247, 151, 17, 0.00, '2025-07-09 06:48:09', '2025-07-09 07:01:44', NULL),
(2248, 151, 18, 0.00, '2025-07-09 06:48:09', '2025-07-09 07:01:44', NULL),
(2249, 151, 19, 0.00, '2025-07-09 06:48:09', '2025-07-09 07:01:44', NULL),
(2250, 151, 20, 0.00, '2025-07-09 06:48:09', '2025-07-09 07:01:44', NULL),
(2251, 151, 21, 0.00, '2025-07-09 06:48:09', '2025-07-09 07:01:44', NULL),
(2252, 151, 23, 0.00, '2025-07-09 06:48:09', '2025-07-09 07:01:44', NULL),
(2253, 151, 24, 0.00, '2025-07-09 06:48:09', '2025-07-09 07:01:44', NULL),
(2254, 151, 25, 0.00, '2025-07-09 06:48:09', '2025-07-09 07:01:44', NULL),
(2255, 151, 26, 0.00, '2025-07-09 06:48:09', '2025-07-09 07:01:44', NULL),
(2256, 151, 27, 0.00, '2025-07-09 06:48:09', '2025-07-09 07:01:44', NULL),
(2257, 151, 31, 0.00, '2025-07-09 06:48:09', '2025-07-09 07:01:44', NULL),
(2258, 151, 39, 0.00, '2025-07-09 06:48:09', '2025-07-09 07:01:44', NULL),
(2259, 151, 40, 0.00, '2025-07-09 06:48:09', '2025-07-09 07:01:44', NULL),
(2260, 151, 41, 0.00, '2025-07-09 06:48:09', '2025-07-09 07:01:44', NULL),
(2261, 151, 42, 0.00, '2025-07-09 06:48:09', '2025-07-09 07:01:44', NULL),
(2262, 151, 43, 0.00, '2025-07-09 06:48:09', '2025-07-09 07:01:44', NULL),
(2263, 151, 44, 0.00, '2025-07-09 06:48:09', '2025-07-09 07:01:44', NULL),
(2264, 151, 45, 0.00, '2025-07-09 06:48:09', '2025-07-09 07:01:44', NULL),
(2265, 151, 46, 0.00, '2025-07-09 06:48:09', '2025-07-09 07:01:44', NULL),
(2266, 151, 48, 0.00, '2025-07-09 06:48:09', '2025-07-09 07:01:44', NULL),
(2267, 151, 49, 0.00, '2025-07-09 06:48:09', '2025-07-09 07:01:44', NULL),
(2268, 151, 50, 0.00, '2025-07-09 06:48:09', '2025-07-09 07:01:44', NULL),
(2269, 151, 51, 0.00, '2025-07-09 06:48:09', '2025-07-09 07:01:44', NULL),
(2270, 151, 52, 0.00, '2025-07-09 06:48:09', '2025-07-09 07:01:44', NULL),
(2271, 151, 53, 0.00, '2025-07-09 06:48:09', '2025-07-09 07:01:44', NULL),
(2272, 151, 55, 0.00, '2025-07-09 06:48:09', '2025-07-09 07:01:44', NULL),
(2273, 151, 57, 0.00, '2025-07-09 06:48:09', '2025-07-09 07:01:44', NULL),
(2274, 151, 58, 0.00, '2025-07-09 06:48:09', '2025-07-09 07:01:44', NULL),
(2275, 151, 59, 0.00, '2025-07-09 06:48:09', '2025-07-09 07:01:44', NULL),
(2276, 151, 61, 0.00, '2025-07-09 06:48:09', '2025-07-09 07:01:44', NULL),
(2277, 151, 62, 0.00, '2025-07-09 06:48:09', '2025-07-09 07:01:44', NULL),
(2278, 151, 63, 0.00, '2025-07-09 06:48:09', '2025-07-09 07:01:44', NULL),
(2279, 152, 14, 0.00, '2025-07-09 06:48:09', '2025-07-09 07:01:44', NULL),
(2280, 152, 15, 0.00, '2025-07-09 06:48:09', '2025-07-09 07:01:44', NULL),
(2281, 152, 16, 0.00, '2025-07-09 06:48:09', '2025-07-09 07:01:44', NULL),
(2282, 152, 17, 0.00, '2025-07-09 06:48:09', '2025-07-09 07:01:44', NULL),
(2283, 152, 18, 0.00, '2025-07-09 06:48:09', '2025-07-09 07:01:44', NULL),
(2284, 152, 19, 0.00, '2025-07-09 06:48:09', '2025-07-09 07:01:44', NULL),
(2285, 152, 20, 0.00, '2025-07-09 06:48:09', '2025-07-09 07:01:44', NULL),
(2286, 152, 21, 0.00, '2025-07-09 06:48:09', '2025-07-09 07:01:44', NULL),
(2287, 152, 23, 0.00, '2025-07-09 06:48:09', '2025-07-09 07:01:44', NULL),
(2288, 152, 24, 0.00, '2025-07-09 06:48:09', '2025-07-09 07:01:44', NULL),
(2289, 152, 25, 0.00, '2025-07-09 06:48:09', '2025-07-09 07:01:44', NULL),
(2290, 152, 26, 0.00, '2025-07-09 06:48:09', '2025-07-09 07:01:44', NULL),
(2291, 152, 27, 0.00, '2025-07-09 06:48:09', '2025-07-09 07:01:44', NULL),
(2292, 152, 31, 0.00, '2025-07-09 06:48:09', '2025-07-09 07:01:44', NULL),
(2293, 152, 39, 0.00, '2025-07-09 06:48:09', '2025-07-09 07:01:44', NULL),
(2294, 152, 40, 0.00, '2025-07-09 06:48:09', '2025-07-09 07:01:44', NULL),
(2295, 152, 41, 0.00, '2025-07-09 06:48:09', '2025-07-09 07:01:44', NULL),
(2296, 152, 42, 0.00, '2025-07-09 06:48:09', '2025-07-09 07:01:44', NULL),
(2297, 152, 43, 0.00, '2025-07-09 06:48:09', '2025-07-09 07:01:44', NULL),
(2298, 152, 44, 0.00, '2025-07-09 06:48:09', '2025-07-09 07:01:44', NULL),
(2299, 152, 45, 0.00, '2025-07-09 06:48:09', '2025-07-09 07:01:44', NULL),
(2300, 152, 46, 0.00, '2025-07-09 06:48:09', '2025-07-09 07:01:44', NULL),
(2301, 152, 48, 0.00, '2025-07-09 06:48:09', '2025-07-09 07:01:44', NULL),
(2302, 152, 49, 0.00, '2025-07-09 06:48:09', '2025-07-09 07:01:44', NULL),
(2303, 152, 50, 0.00, '2025-07-09 06:48:09', '2025-07-09 07:01:44', NULL),
(2304, 152, 51, 0.00, '2025-07-09 06:48:09', '2025-07-09 07:01:44', NULL),
(2305, 152, 52, 0.00, '2025-07-09 06:48:09', '2025-07-09 07:01:44', NULL),
(2306, 152, 53, 0.00, '2025-07-09 06:48:09', '2025-07-09 07:01:44', NULL),
(2307, 152, 55, 0.00, '2025-07-09 06:48:09', '2025-07-09 07:01:44', NULL),
(2308, 152, 57, 0.00, '2025-07-09 06:48:09', '2025-07-09 07:01:44', NULL),
(2309, 152, 58, 0.00, '2025-07-09 06:48:09', '2025-07-09 07:01:44', NULL),
(2310, 152, 59, 0.00, '2025-07-09 06:48:09', '2025-07-09 07:01:44', NULL),
(2311, 152, 61, 0.00, '2025-07-09 06:48:09', '2025-07-09 07:01:44', NULL),
(2312, 152, 62, 0.00, '2025-07-09 06:48:09', '2025-07-09 07:01:44', NULL),
(2313, 152, 63, 0.00, '2025-07-09 06:48:09', '2025-07-09 07:01:44', NULL),
(2314, 153, 14, 0.00, '2025-07-09 06:48:09', '2025-07-09 07:01:44', NULL),
(2315, 153, 16, 0.00, '2025-07-09 06:48:09', '2025-07-09 07:01:44', NULL),
(2316, 153, 17, 0.00, '2025-07-09 06:48:09', '2025-07-09 07:01:44', NULL),
(2317, 153, 18, 0.00, '2025-07-09 06:48:09', '2025-07-09 07:01:44', NULL),
(2318, 153, 19, 0.00, '2025-07-09 06:48:09', '2025-07-09 07:01:44', NULL),
(2319, 153, 20, 0.00, '2025-07-09 06:48:09', '2025-07-09 07:01:44', NULL),
(2320, 153, 21, 0.00, '2025-07-09 06:48:09', '2025-07-09 07:01:44', NULL),
(2321, 153, 23, 0.00, '2025-07-09 06:48:09', '2025-07-09 07:01:44', NULL),
(2322, 153, 24, 0.00, '2025-07-09 06:48:09', '2025-07-09 07:01:44', NULL),
(2323, 153, 25, 0.00, '2025-07-09 06:48:09', '2025-07-09 07:01:44', NULL),
(2324, 153, 26, 0.00, '2025-07-09 06:48:09', '2025-07-09 07:01:44', NULL),
(2325, 153, 27, 0.00, '2025-07-09 06:48:09', '2025-07-09 07:01:44', NULL),
(2326, 153, 31, 0.00, '2025-07-09 06:48:09', '2025-07-09 07:01:44', NULL),
(2327, 153, 39, 0.00, '2025-07-09 06:48:09', '2025-07-09 07:01:44', NULL),
(2328, 153, 40, 0.00, '2025-07-09 06:48:09', '2025-07-09 07:01:44', NULL),
(2329, 153, 41, 0.00, '2025-07-09 06:48:09', '2025-07-09 07:01:44', NULL),
(2330, 153, 42, 0.00, '2025-07-09 06:48:09', '2025-07-09 07:01:44', NULL),
(2331, 153, 43, 0.00, '2025-07-09 06:48:09', '2025-07-09 07:01:45', NULL),
(2332, 153, 44, 0.00, '2025-07-09 06:48:09', '2025-07-09 07:01:45', NULL),
(2333, 153, 45, 0.00, '2025-07-09 06:48:09', '2025-07-09 07:01:45', NULL),
(2334, 153, 46, 0.00, '2025-07-09 06:48:09', '2025-07-09 07:01:45', NULL),
(2335, 153, 48, 0.00, '2025-07-09 06:48:09', '2025-07-09 07:01:45', NULL),
(2336, 153, 49, 0.00, '2025-07-09 06:48:09', '2025-07-09 07:01:45', NULL),
(2337, 153, 50, 0.00, '2025-07-09 06:48:09', '2025-07-09 07:01:45', NULL),
(2338, 153, 51, 0.00, '2025-07-09 06:48:09', '2025-07-09 07:01:45', NULL),
(2339, 153, 52, 0.00, '2025-07-09 06:48:09', '2025-07-09 07:01:45', NULL),
(2340, 153, 55, 0.00, '2025-07-09 06:48:09', '2025-07-09 07:01:45', NULL),
(2341, 153, 57, 0.00, '2025-07-09 06:48:09', '2025-07-09 07:01:45', NULL),
(2342, 153, 58, 0.00, '2025-07-09 06:48:09', '2025-07-09 07:01:45', NULL),
(2343, 153, 59, 0.00, '2025-07-09 06:48:09', '2025-07-09 07:01:45', NULL),
(2344, 153, 61, 0.00, '2025-07-09 06:48:09', '2025-07-09 07:01:45', NULL),
(2345, 153, 62, 0.00, '2025-07-09 06:48:09', '2025-07-09 07:01:45', NULL),
(2346, 153, 63, 0.00, '2025-07-09 06:48:09', '2025-07-09 07:01:45', NULL),
(2347, 154, 16, 0.00, '2025-07-09 06:48:09', '2025-07-09 07:01:45', NULL),
(2348, 154, 17, 1.00, '2025-07-09 06:48:09', '2025-07-19 01:49:40', NULL),
(2349, 154, 18, 0.00, '2025-07-09 06:48:09', '2025-07-09 07:01:45', NULL),
(2350, 154, 19, 0.00, '2025-07-09 06:48:09', '2025-07-09 07:01:45', NULL),
(2351, 154, 20, 0.00, '2025-07-09 06:48:09', '2025-07-09 07:01:45', NULL),
(2352, 154, 21, 0.00, '2025-07-09 06:48:09', '2025-07-09 07:01:45', NULL),
(2353, 154, 23, 0.00, '2025-07-09 06:48:09', '2025-07-09 07:01:45', NULL),
(2354, 154, 24, 0.00, '2025-07-09 06:48:09', '2025-07-09 07:01:45', NULL),
(2355, 154, 25, 0.00, '2025-07-09 06:48:09', '2025-07-09 07:01:45', NULL),
(2356, 154, 26, 0.00, '2025-07-09 06:48:09', '2025-07-09 07:01:45', NULL),
(2357, 154, 27, 0.00, '2025-07-09 06:48:09', '2025-07-09 07:01:45', NULL),
(2358, 154, 31, 0.00, '2025-07-09 06:48:09', '2025-07-09 07:01:45', NULL),
(2359, 154, 39, 0.00, '2025-07-09 06:48:09', '2025-07-09 07:01:45', NULL),
(2360, 154, 40, 0.00, '2025-07-09 06:48:09', '2025-07-09 07:01:45', NULL),
(2361, 154, 41, 0.00, '2025-07-09 06:48:09', '2025-07-09 07:01:45', NULL),
(2362, 154, 42, 0.00, '2025-07-09 06:48:09', '2025-07-09 07:01:45', NULL),
(2363, 154, 44, 0.00, '2025-07-09 06:48:09', '2025-07-09 07:01:45', NULL),
(2364, 154, 45, 0.00, '2025-07-09 06:48:09', '2025-07-09 07:01:45', NULL),
(2365, 154, 46, 0.00, '2025-07-09 06:48:09', '2025-07-09 07:01:45', NULL),
(2366, 154, 48, 0.00, '2025-07-09 06:48:09', '2025-07-09 07:01:45', NULL),
(2367, 154, 50, 0.00, '2025-07-09 06:48:09', '2025-07-09 07:01:45', NULL),
(2368, 154, 51, 0.00, '2025-07-09 06:48:09', '2025-07-09 07:01:45', NULL),
(2369, 154, 52, 0.00, '2025-07-09 06:48:09', '2025-07-09 07:01:45', NULL),
(2370, 154, 53, 0.00, '2025-07-09 06:48:09', '2025-07-09 07:01:45', NULL),
(2371, 154, 55, 0.00, '2025-07-09 06:48:09', '2025-07-09 07:01:45', NULL),
(2372, 154, 57, 0.00, '2025-07-09 06:48:09', '2025-07-09 07:01:45', NULL),
(2373, 154, 58, 0.00, '2025-07-09 06:48:09', '2025-07-09 07:01:45', NULL),
(2374, 154, 59, 0.00, '2025-07-09 06:48:09', '2025-07-09 07:01:45', NULL),
(2375, 154, 61, 0.00, '2025-07-09 06:48:09', '2025-07-09 07:01:45', NULL),
(2376, 154, 62, 0.00, '2025-07-09 06:48:09', '2025-07-09 07:01:45', NULL),
(2377, 154, 63, 0.00, '2025-07-09 06:48:09', '2025-07-09 07:01:45', NULL),
(2378, 155, 14, 0.00, '2025-07-09 06:48:09', '2025-07-09 07:01:45', NULL),
(2379, 155, 15, 0.00, '2025-07-09 06:48:09', '2025-07-09 07:01:45', NULL),
(2380, 155, 16, 0.00, '2025-07-09 06:48:09', '2025-07-09 07:01:45', NULL),
(2381, 155, 17, 0.00, '2025-07-09 06:48:09', '2025-07-09 07:01:45', NULL),
(2382, 155, 18, 0.00, '2025-07-09 06:48:09', '2025-07-09 07:01:45', NULL),
(2383, 155, 19, 0.00, '2025-07-09 06:48:09', '2025-07-09 07:01:45', NULL),
(2384, 155, 20, 0.00, '2025-07-09 06:48:09', '2025-07-09 07:01:45', NULL),
(2385, 155, 21, 0.00, '2025-07-09 06:48:09', '2025-07-09 07:01:45', NULL),
(2386, 155, 23, 0.00, '2025-07-09 06:48:09', '2025-07-09 07:01:45', NULL),
(2387, 155, 24, 0.00, '2025-07-09 06:48:09', '2025-07-09 07:01:45', NULL),
(2388, 155, 25, 0.00, '2025-07-09 06:48:09', '2025-07-09 07:01:45', NULL),
(2389, 155, 26, 0.00, '2025-07-09 06:48:09', '2025-07-09 07:01:45', NULL),
(2390, 155, 27, 0.00, '2025-07-09 06:48:09', '2025-07-09 07:01:45', NULL),
(2391, 155, 31, 0.00, '2025-07-09 06:48:09', '2025-07-09 07:01:45', NULL),
(2392, 155, 39, 0.00, '2025-07-09 06:48:09', '2025-07-09 07:01:45', NULL),
(2393, 155, 40, 0.00, '2025-07-09 06:48:09', '2025-07-09 07:01:45', NULL),
(2394, 155, 41, 0.00, '2025-07-09 06:48:09', '2025-07-09 07:01:45', NULL),
(2395, 155, 42, 0.00, '2025-07-09 06:48:09', '2025-07-09 07:01:45', NULL),
(2396, 155, 43, 0.00, '2025-07-09 06:48:09', '2025-07-09 07:01:45', NULL),
(2397, 155, 44, 0.00, '2025-07-09 06:48:09', '2025-07-09 07:01:45', NULL),
(2398, 155, 45, 0.00, '2025-07-09 06:48:09', '2025-07-09 07:01:45', NULL),
(2399, 155, 46, 0.00, '2025-07-09 06:48:09', '2025-07-09 07:01:45', NULL),
(2400, 155, 48, 0.00, '2025-07-09 06:48:09', '2025-07-09 07:01:45', NULL),
(2401, 155, 49, 0.00, '2025-07-09 06:48:09', '2025-07-09 07:01:45', NULL),
(2402, 155, 50, 0.00, '2025-07-09 06:48:09', '2025-07-09 07:01:45', NULL),
(2403, 155, 51, 0.00, '2025-07-09 06:48:09', '2025-07-09 07:01:45', NULL),
(2404, 155, 52, 0.00, '2025-07-09 06:48:09', '2025-07-09 07:01:45', NULL),
(2405, 155, 53, 0.00, '2025-07-09 06:48:09', '2025-07-09 07:01:45', NULL),
(2406, 155, 55, 0.00, '2025-07-09 06:48:09', '2025-07-09 07:01:45', NULL),
(2407, 155, 57, 0.00, '2025-07-09 06:48:09', '2025-07-09 07:01:45', NULL),
(2408, 155, 58, 0.00, '2025-07-09 06:48:09', '2025-07-09 07:01:45', NULL),
(2409, 155, 59, 0.00, '2025-07-09 06:48:09', '2025-07-09 07:01:45', NULL),
(2410, 155, 61, 0.00, '2025-07-09 06:48:09', '2025-07-09 07:01:45', NULL),
(2411, 155, 62, 0.00, '2025-07-09 06:48:09', '2025-07-09 07:01:45', NULL),
(2412, 155, 63, 0.00, '2025-07-09 06:48:09', '2025-07-09 07:01:45', NULL),
(2413, 156, 16, 0.00, '2025-07-09 06:48:09', '2025-07-09 07:01:45', NULL),
(2414, 156, 17, 0.00, '2025-07-09 06:48:09', '2025-07-09 07:01:45', NULL),
(2415, 156, 18, 0.00, '2025-07-09 06:48:09', '2025-07-09 07:01:45', NULL),
(2416, 156, 19, 0.00, '2025-07-09 06:48:09', '2025-07-09 07:01:45', NULL),
(2417, 156, 20, 0.00, '2025-07-09 06:48:09', '2025-07-09 07:01:45', NULL),
(2418, 156, 21, 0.00, '2025-07-09 06:48:09', '2025-07-09 07:01:45', NULL),
(2419, 156, 23, 0.00, '2025-07-09 06:48:09', '2025-07-09 07:01:45', NULL),
(2420, 156, 24, 0.00, '2025-07-09 06:48:09', '2025-07-09 07:01:45', NULL),
(2421, 156, 25, 0.00, '2025-07-09 06:48:09', '2025-07-09 07:01:45', NULL),
(2422, 156, 26, 0.00, '2025-07-09 06:48:09', '2025-07-09 07:01:45', NULL),
(2423, 156, 27, 0.00, '2025-07-09 06:48:09', '2025-07-09 07:01:45', NULL),
(2424, 156, 31, 0.00, '2025-07-09 06:48:09', '2025-07-09 07:01:45', NULL),
(2425, 156, 39, 0.00, '2025-07-09 06:48:10', '2025-07-09 07:01:45', NULL),
(2426, 156, 40, 0.00, '2025-07-09 06:48:10', '2025-07-09 07:01:45', NULL),
(2427, 156, 41, 0.00, '2025-07-09 06:48:10', '2025-07-09 07:01:45', NULL),
(2428, 156, 42, 0.00, '2025-07-09 06:48:10', '2025-07-09 07:01:45', NULL),
(2429, 156, 43, 0.00, '2025-07-09 06:48:10', '2025-07-09 07:01:45', NULL),
(2430, 156, 44, 0.00, '2025-07-09 06:48:10', '2025-07-09 07:01:45', NULL),
(2431, 156, 45, 0.00, '2025-07-09 06:48:10', '2025-07-09 07:01:45', NULL),
(2432, 156, 46, 0.00, '2025-07-09 06:48:10', '2025-07-09 07:01:45', NULL),
(2433, 156, 48, 0.00, '2025-07-09 06:48:10', '2025-07-09 07:01:45', NULL),
(2434, 156, 49, 0.00, '2025-07-09 06:48:10', '2025-07-09 07:01:45', NULL),
(2435, 156, 50, 0.00, '2025-07-09 06:48:10', '2025-07-09 07:01:45', NULL),
(2436, 156, 51, 0.00, '2025-07-09 06:48:10', '2025-07-09 07:01:45', NULL),
(2437, 156, 52, 0.00, '2025-07-09 06:48:10', '2025-07-09 07:01:45', NULL),
(2438, 156, 53, 0.00, '2025-07-09 06:48:10', '2025-07-09 07:01:45', NULL),
(2439, 156, 55, 0.00, '2025-07-09 06:48:10', '2025-07-09 07:01:45', NULL),
(2440, 156, 57, 0.00, '2025-07-09 06:48:10', '2025-07-09 07:01:45', NULL),
(2441, 156, 58, 0.00, '2025-07-09 06:48:10', '2025-07-09 07:01:45', NULL),
(2442, 156, 59, 0.00, '2025-07-09 06:48:10', '2025-07-09 07:01:45', NULL),
(2443, 156, 61, 2.00, '2025-07-09 06:48:10', '2025-07-17 09:37:42', NULL),
(2444, 156, 62, 0.00, '2025-07-09 06:48:10', '2025-07-09 07:01:45', NULL),
(2445, 156, 63, 0.00, '2025-07-09 06:48:10', '2025-07-09 07:01:45', NULL),
(2446, 157, 14, 0.00, '2025-07-09 06:48:10', '2025-07-09 07:01:45', NULL),
(2447, 157, 15, 0.00, '2025-07-09 06:48:10', '2025-07-09 07:01:45', NULL),
(2448, 157, 16, 0.00, '2025-07-09 06:48:10', '2025-07-09 07:01:45', NULL),
(2449, 157, 17, 0.00, '2025-07-09 06:48:10', '2025-07-09 07:01:45', NULL),
(2450, 157, 18, 0.00, '2025-07-09 06:48:10', '2025-07-09 07:01:45', NULL),
(2451, 157, 19, 0.00, '2025-07-09 06:48:10', '2025-07-09 07:01:45', NULL),
(2452, 157, 20, 0.00, '2025-07-09 06:48:10', '2025-07-09 07:01:45', NULL),
(2453, 157, 21, 0.00, '2025-07-09 06:48:10', '2025-07-09 07:01:45', NULL),
(2454, 157, 23, 0.00, '2025-07-09 06:48:10', '2025-07-09 07:01:45', NULL),
(2455, 157, 24, 0.00, '2025-07-09 06:48:10', '2025-07-09 07:01:45', NULL),
(2456, 157, 25, 0.00, '2025-07-09 06:48:10', '2025-07-09 07:01:45', NULL),
(2457, 157, 26, 0.00, '2025-07-09 06:48:10', '2025-07-09 07:01:45', NULL),
(2458, 157, 27, 0.00, '2025-07-09 06:48:10', '2025-07-09 07:01:45', NULL),
(2459, 157, 31, 0.00, '2025-07-09 06:48:10', '2025-07-09 07:01:45', NULL),
(2460, 157, 39, 0.00, '2025-07-09 06:48:10', '2025-07-09 07:01:45', NULL),
(2461, 157, 40, 0.00, '2025-07-09 06:48:10', '2025-07-09 07:01:45', NULL),
(2462, 157, 41, 0.00, '2025-07-09 06:48:10', '2025-07-09 07:01:45', NULL),
(2463, 157, 42, 0.00, '2025-07-09 06:48:10', '2025-07-09 07:01:45', NULL),
(2464, 157, 43, 0.00, '2025-07-09 06:48:10', '2025-07-09 07:01:45', NULL),
(2465, 157, 44, 0.00, '2025-07-09 06:48:10', '2025-07-09 07:01:45', NULL),
(2466, 157, 45, 0.00, '2025-07-09 06:48:10', '2025-07-09 07:01:45', NULL),
(2467, 157, 46, 0.00, '2025-07-09 06:48:10', '2025-07-09 07:01:45', NULL),
(2468, 157, 48, 0.00, '2025-07-09 06:48:10', '2025-07-09 07:01:45', NULL),
(2469, 157, 49, 0.00, '2025-07-09 06:48:10', '2025-07-09 07:01:45', NULL),
(2470, 157, 50, 0.00, '2025-07-09 06:48:10', '2025-07-09 07:01:45', NULL),
(2471, 157, 51, 0.00, '2025-07-09 06:48:10', '2025-07-09 07:01:45', NULL),
(2472, 157, 52, 0.00, '2025-07-09 06:48:10', '2025-07-09 07:01:45', NULL),
(2473, 157, 53, 0.00, '2025-07-09 06:48:10', '2025-07-09 07:01:45', NULL),
(2474, 157, 55, 0.00, '2025-07-09 06:48:10', '2025-07-09 07:01:45', NULL),
(2475, 157, 57, 0.00, '2025-07-09 06:48:10', '2025-07-09 07:01:45', NULL),
(2476, 157, 58, 0.00, '2025-07-09 06:48:10', '2025-07-09 07:01:45', NULL),
(2477, 157, 59, 0.00, '2025-07-09 06:48:10', '2025-07-09 07:01:45', NULL),
(2478, 157, 61, 0.00, '2025-07-09 06:48:10', '2025-07-09 07:01:45', NULL),
(2479, 157, 62, 0.00, '2025-07-09 06:48:10', '2025-07-09 07:01:45', NULL),
(2480, 157, 63, 0.00, '2025-07-09 06:48:10', '2025-07-09 07:01:45', NULL),
(2481, 158, 14, 0.00, '2025-07-09 06:48:10', '2025-07-09 07:01:45', NULL),
(2482, 158, 15, 0.00, '2025-07-09 06:48:10', '2025-07-09 07:01:45', NULL),
(2483, 158, 16, 0.00, '2025-07-09 06:48:10', '2025-07-09 07:01:45', NULL),
(2484, 158, 17, 0.00, '2025-07-09 06:48:10', '2025-07-09 07:01:45', NULL),
(2485, 158, 18, 0.00, '2025-07-09 06:48:10', '2025-07-09 07:01:45', NULL),
(2486, 158, 19, 0.00, '2025-07-09 06:48:10', '2025-07-09 07:01:45', NULL),
(2487, 158, 20, 0.00, '2025-07-09 06:48:10', '2025-07-09 07:01:45', NULL),
(2488, 158, 21, 0.00, '2025-07-09 06:48:10', '2025-07-09 07:01:45', NULL),
(2489, 158, 23, 0.00, '2025-07-09 06:48:10', '2025-07-09 07:01:45', NULL),
(2490, 158, 24, 0.00, '2025-07-09 06:48:10', '2025-07-09 07:01:45', NULL),
(2491, 158, 25, 0.00, '2025-07-09 06:48:10', '2025-07-09 07:01:45', NULL),
(2492, 158, 26, 0.00, '2025-07-09 06:48:10', '2025-07-09 07:01:45', NULL),
(2493, 158, 27, 0.00, '2025-07-09 06:48:10', '2025-07-09 07:01:45', NULL),
(2494, 158, 31, 0.00, '2025-07-09 06:48:10', '2025-07-09 07:01:45', NULL),
(2495, 158, 39, 0.00, '2025-07-09 06:48:10', '2025-07-09 07:01:45', NULL),
(2496, 158, 40, 0.00, '2025-07-09 06:48:10', '2025-07-09 07:01:45', NULL),
(2497, 158, 41, 0.00, '2025-07-09 06:48:10', '2025-07-09 07:01:45', NULL),
(2498, 158, 42, 0.00, '2025-07-09 06:48:10', '2025-07-09 07:01:45', NULL),
(2499, 158, 43, 0.00, '2025-07-09 06:48:10', '2025-07-09 07:01:45', NULL),
(2500, 158, 44, 0.00, '2025-07-09 06:48:10', '2025-07-09 07:01:45', NULL),
(2501, 158, 45, 0.00, '2025-07-09 06:48:10', '2025-07-09 07:01:45', NULL),
(2502, 158, 46, 0.00, '2025-07-09 06:48:10', '2025-07-09 07:01:45', NULL),
(2503, 158, 48, 0.00, '2025-07-09 06:48:10', '2025-07-09 07:01:45', NULL),
(2504, 158, 49, 0.00, '2025-07-09 06:48:10', '2025-07-09 07:01:45', NULL),
(2505, 158, 50, 0.00, '2025-07-09 06:48:10', '2025-07-09 07:01:45', NULL),
(2506, 158, 51, 0.00, '2025-07-09 06:48:10', '2025-07-09 07:01:45', NULL),
(2507, 158, 52, 0.00, '2025-07-09 06:48:10', '2025-07-09 07:01:45', NULL),
(2508, 158, 53, 0.00, '2025-07-09 06:48:10', '2025-07-09 07:01:45', NULL),
(2509, 158, 55, 0.00, '2025-07-09 06:48:10', '2025-07-09 07:01:45', NULL),
(2510, 158, 57, 0.00, '2025-07-09 06:48:10', '2025-07-09 07:01:45', NULL),
(2511, 158, 58, 0.00, '2025-07-09 06:48:10', '2025-07-09 07:01:45', NULL),
(2512, 158, 59, 0.00, '2025-07-09 06:48:10', '2025-07-09 07:01:45', NULL),
(2513, 158, 61, 0.00, '2025-07-09 06:48:10', '2025-07-09 07:01:45', NULL),
(2514, 158, 62, 0.00, '2025-07-09 06:48:10', '2025-07-09 07:01:45', NULL),
(2515, 158, 63, 0.00, '2025-07-09 06:48:10', '2025-07-09 07:01:45', NULL),
(2516, 159, 14, 0.00, '2025-07-09 06:48:10', '2025-07-09 07:01:45', NULL),
(2517, 159, 15, 0.00, '2025-07-09 06:48:10', '2025-07-09 07:01:45', NULL),
(2518, 159, 16, 0.00, '2025-07-09 06:48:10', '2025-07-09 07:01:45', NULL),
(2519, 159, 17, 0.00, '2025-07-09 06:48:10', '2025-07-09 07:01:45', NULL),
(2520, 159, 18, 0.00, '2025-07-09 06:48:10', '2025-07-09 07:01:45', NULL),
(2521, 159, 19, 0.00, '2025-07-09 06:48:10', '2025-07-09 07:01:45', NULL),
(2522, 159, 20, 0.00, '2025-07-09 06:48:10', '2025-07-09 07:01:45', NULL),
(2523, 159, 21, 0.00, '2025-07-09 06:48:10', '2025-07-09 07:01:45', NULL),
(2524, 159, 23, 0.00, '2025-07-09 06:48:10', '2025-07-09 07:01:45', NULL),
(2525, 159, 24, 0.00, '2025-07-09 06:48:10', '2025-07-09 07:01:45', NULL),
(2526, 159, 25, 0.00, '2025-07-09 06:48:10', '2025-07-09 07:01:45', NULL),
(2527, 159, 26, 0.00, '2025-07-09 06:48:10', '2025-07-09 07:01:45', NULL),
(2528, 159, 27, 0.00, '2025-07-09 06:48:10', '2025-07-09 07:01:45', NULL),
(2529, 159, 31, 0.00, '2025-07-09 06:48:10', '2025-07-09 07:01:45', NULL),
(2530, 159, 39, 0.00, '2025-07-09 06:48:10', '2025-07-09 07:01:45', NULL),
(2531, 159, 40, 0.00, '2025-07-09 06:48:10', '2025-07-09 07:01:45', NULL),
(2532, 159, 41, 0.00, '2025-07-09 06:48:10', '2025-07-09 07:01:45', NULL),
(2533, 159, 42, 0.00, '2025-07-09 06:48:10', '2025-07-09 07:01:45', NULL),
(2534, 159, 43, 0.00, '2025-07-09 06:48:10', '2025-07-09 07:01:45', NULL),
(2535, 159, 44, 0.00, '2025-07-09 06:48:10', '2025-07-09 07:01:45', NULL),
(2536, 159, 45, 0.00, '2025-07-09 06:48:10', '2025-07-09 07:01:45', NULL),
(2537, 159, 46, 0.00, '2025-07-09 06:48:10', '2025-07-09 07:01:45', NULL),
(2538, 159, 48, 0.00, '2025-07-09 06:48:10', '2025-07-09 07:01:45', NULL),
(2539, 159, 49, 0.00, '2025-07-09 06:48:10', '2025-07-09 07:01:45', NULL),
(2540, 159, 50, 0.00, '2025-07-09 06:48:10', '2025-07-09 07:01:45', NULL),
(2541, 159, 51, 0.00, '2025-07-09 06:48:10', '2025-07-09 07:01:45', NULL),
(2542, 159, 52, 0.00, '2025-07-09 06:48:10', '2025-07-09 07:01:45', NULL),
(2543, 159, 53, 0.00, '2025-07-09 06:48:10', '2025-07-09 07:01:45', NULL),
(2544, 159, 55, 0.00, '2025-07-09 06:48:10', '2025-07-09 07:01:45', NULL),
(2545, 159, 57, 0.00, '2025-07-09 06:48:10', '2025-07-09 07:01:45', NULL),
(2546, 159, 58, 0.00, '2025-07-09 06:48:10', '2025-07-09 07:01:45', NULL),
(2547, 159, 59, 0.00, '2025-07-09 06:48:10', '2025-07-09 07:01:45', NULL),
(2548, 159, 61, 0.00, '2025-07-09 06:48:10', '2025-07-09 07:01:45', NULL),
(2549, 159, 62, 0.00, '2025-07-09 06:48:10', '2025-07-09 07:01:45', NULL),
(2550, 159, 63, 0.00, '2025-07-09 06:48:10', '2025-07-09 07:01:45', NULL),
(2551, 160, 14, 0.00, '2025-07-09 06:48:10', '2025-07-09 07:01:45', NULL),
(2552, 160, 15, 0.00, '2025-07-09 06:48:10', '2025-07-09 07:01:45', NULL),
(2553, 160, 16, 0.00, '2025-07-09 06:48:10', '2025-07-09 07:01:45', NULL),
(2554, 160, 17, 0.00, '2025-07-09 06:48:10', '2025-07-09 07:01:45', NULL),
(2555, 160, 18, 0.00, '2025-07-09 06:48:10', '2025-07-09 07:01:45', NULL),
(2556, 160, 19, 0.00, '2025-07-09 06:48:10', '2025-07-09 07:01:45', NULL),
(2557, 160, 20, 0.00, '2025-07-09 06:48:10', '2025-07-09 07:01:45', NULL),
(2558, 160, 21, 0.00, '2025-07-09 06:48:10', '2025-07-09 07:01:45', NULL),
(2559, 160, 23, 0.00, '2025-07-09 06:48:10', '2025-07-09 07:01:45', NULL),
(2560, 160, 24, 0.00, '2025-07-09 06:48:10', '2025-07-09 07:01:45', NULL),
(2561, 160, 25, 0.00, '2025-07-09 06:48:10', '2025-07-09 07:01:45', NULL),
(2562, 160, 26, 0.00, '2025-07-09 06:48:10', '2025-07-09 07:01:45', NULL),
(2563, 160, 27, 0.00, '2025-07-09 06:48:10', '2025-07-09 07:01:45', NULL),
(2564, 160, 31, 0.00, '2025-07-09 06:48:10', '2025-07-09 07:01:45', NULL),
(2565, 160, 39, 0.00, '2025-07-09 06:48:10', '2025-07-09 07:01:45', NULL),
(2566, 160, 40, 0.00, '2025-07-09 06:48:10', '2025-07-09 07:01:45', NULL),
(2567, 160, 41, 0.00, '2025-07-09 06:48:10', '2025-07-09 07:01:45', NULL),
(2568, 160, 42, 0.00, '2025-07-09 06:48:10', '2025-07-09 07:01:45', NULL),
(2569, 160, 43, 0.00, '2025-07-09 06:48:10', '2025-07-09 07:01:45', NULL),
(2570, 160, 44, 0.00, '2025-07-09 06:48:10', '2025-07-09 07:01:45', NULL),
(2571, 160, 45, 0.00, '2025-07-09 06:48:10', '2025-07-09 07:01:45', NULL),
(2572, 160, 46, 0.00, '2025-07-09 06:48:10', '2025-07-09 07:01:45', NULL),
(2573, 160, 48, 0.00, '2025-07-09 06:48:10', '2025-07-09 07:01:45', NULL),
(2574, 160, 49, 0.00, '2025-07-09 06:48:10', '2025-07-09 07:01:45', NULL),
(2575, 160, 50, 0.00, '2025-07-09 06:48:10', '2025-07-09 07:01:45', NULL),
(2576, 160, 51, 0.00, '2025-07-09 06:48:10', '2025-07-09 07:01:45', NULL),
(2577, 160, 52, 0.00, '2025-07-09 06:48:10', '2025-07-09 07:01:45', NULL),
(2578, 160, 53, 0.00, '2025-07-09 06:48:10', '2025-07-09 07:01:45', NULL),
(2579, 160, 55, 0.00, '2025-07-09 06:48:10', '2025-07-09 07:01:45', NULL),
(2580, 160, 57, 0.00, '2025-07-09 06:48:10', '2025-07-09 07:01:45', NULL),
(2581, 160, 58, 0.00, '2025-07-09 06:48:10', '2025-07-09 07:01:45', NULL),
(2582, 160, 59, 0.00, '2025-07-09 06:48:10', '2025-07-09 07:01:45', NULL),
(2583, 160, 61, 0.00, '2025-07-09 06:48:10', '2025-07-09 07:01:45', NULL),
(2584, 160, 62, 0.00, '2025-07-09 06:48:10', '2025-07-09 07:01:45', NULL),
(2585, 160, 63, 0.00, '2025-07-09 06:48:10', '2025-07-09 07:01:45', NULL),
(2586, 162, 14, 0.00, '2025-07-09 06:48:10', '2025-07-09 07:01:45', NULL),
(2587, 162, 15, 0.00, '2025-07-09 06:48:10', '2025-07-09 07:01:45', NULL),
(2588, 162, 16, 0.00, '2025-07-09 06:48:10', '2025-07-09 07:01:45', NULL),
(2589, 162, 17, 0.00, '2025-07-09 06:48:10', '2025-07-09 07:01:45', NULL),
(2590, 162, 18, 0.00, '2025-07-09 06:48:10', '2025-07-09 07:01:45', NULL),
(2591, 162, 19, 0.00, '2025-07-09 06:48:10', '2025-07-09 07:01:45', NULL),
(2592, 162, 20, 0.00, '2025-07-09 06:48:10', '2025-07-09 07:01:45', NULL),
(2593, 162, 21, 0.00, '2025-07-09 06:48:10', '2025-07-09 07:01:45', NULL),
(2594, 162, 23, 0.00, '2025-07-09 06:48:10', '2025-07-09 07:01:45', NULL),
(2595, 162, 24, 0.00, '2025-07-09 06:48:10', '2025-07-09 07:01:45', NULL),
(2596, 162, 25, 0.00, '2025-07-09 06:48:10', '2025-07-09 07:01:45', NULL),
(2597, 162, 26, 0.00, '2025-07-09 06:48:10', '2025-07-09 07:01:45', NULL),
(2598, 162, 27, 0.00, '2025-07-09 06:48:10', '2025-07-09 07:01:45', NULL),
(2599, 162, 31, 0.00, '2025-07-09 06:48:10', '2025-07-09 07:01:45', NULL),
(2600, 162, 39, 0.00, '2025-07-09 06:48:10', '2025-07-09 07:01:45', NULL),
(2601, 162, 40, 0.00, '2025-07-09 06:48:10', '2025-07-09 07:01:45', NULL),
(2602, 162, 41, 0.00, '2025-07-09 06:48:10', '2025-07-09 07:01:45', NULL),
(2603, 162, 42, 0.00, '2025-07-09 06:48:10', '2025-07-09 07:01:45', NULL),
(2604, 162, 43, 0.00, '2025-07-09 06:48:10', '2025-07-09 07:01:45', NULL),
(2605, 162, 44, 0.00, '2025-07-09 06:48:10', '2025-07-09 07:01:45', NULL),
(2606, 162, 45, 0.00, '2025-07-09 06:48:10', '2025-07-09 07:01:45', NULL),
(2607, 162, 46, 0.00, '2025-07-09 06:48:10', '2025-07-09 07:01:45', NULL),
(2608, 162, 48, 0.00, '2025-07-09 06:48:10', '2025-07-09 07:01:46', NULL),
(2609, 162, 49, 0.00, '2025-07-09 06:48:10', '2025-07-09 07:01:46', NULL),
(2610, 162, 50, 0.00, '2025-07-09 06:48:10', '2025-07-09 07:01:46', NULL),
(2611, 162, 51, 0.00, '2025-07-09 06:48:10', '2025-07-09 07:01:46', NULL),
(2612, 162, 52, 0.00, '2025-07-09 06:48:10', '2025-07-09 07:01:46', NULL),
(2613, 162, 53, 0.00, '2025-07-09 06:48:10', '2025-07-09 07:01:46', NULL),
(2614, 162, 55, 0.00, '2025-07-09 06:48:10', '2025-07-09 07:01:46', NULL),
(2615, 162, 57, 0.00, '2025-07-09 06:48:10', '2025-07-09 07:01:46', NULL),
(2616, 162, 58, 0.00, '2025-07-09 06:48:10', '2025-07-09 07:01:46', NULL),
(2617, 162, 59, 0.00, '2025-07-09 06:48:10', '2025-07-09 07:01:46', NULL),
(2618, 162, 61, 0.00, '2025-07-09 06:48:10', '2025-07-09 07:01:46', NULL),
(2619, 162, 62, 0.00, '2025-07-09 06:48:10', '2025-07-09 07:01:46', NULL),
(2620, 162, 63, 0.00, '2025-07-09 06:48:10', '2025-07-09 07:01:46', NULL),
(2621, 163, 14, 0.00, '2025-07-09 06:48:10', '2025-07-09 07:01:46', NULL),
(2622, 163, 15, 0.00, '2025-07-09 06:48:10', '2025-07-09 07:01:46', NULL),
(2623, 163, 16, 0.00, '2025-07-09 06:48:10', '2025-07-09 07:01:46', NULL),
(2624, 163, 17, 0.00, '2025-07-09 06:48:10', '2025-07-09 07:01:46', NULL),
(2625, 163, 18, 0.00, '2025-07-09 06:48:10', '2025-07-09 07:01:46', NULL),
(2626, 163, 19, 0.00, '2025-07-09 06:48:10', '2025-07-09 07:01:46', NULL),
(2627, 163, 20, 0.00, '2025-07-09 06:48:10', '2025-07-09 07:01:46', NULL),
(2628, 163, 21, 0.00, '2025-07-09 06:48:10', '2025-07-09 07:01:46', NULL),
(2629, 163, 23, 0.00, '2025-07-09 06:48:10', '2025-07-09 07:01:46', NULL),
(2630, 163, 24, 0.00, '2025-07-09 06:48:10', '2025-07-09 07:01:46', NULL),
(2631, 163, 25, 0.00, '2025-07-09 06:48:10', '2025-07-09 07:01:46', NULL),
(2632, 163, 26, 0.00, '2025-07-09 06:48:10', '2025-07-09 07:01:46', NULL),
(2633, 163, 27, 0.00, '2025-07-09 06:48:10', '2025-07-09 07:01:46', NULL),
(2634, 163, 31, 0.00, '2025-07-09 06:48:10', '2025-07-09 07:01:46', NULL),
(2635, 163, 39, 0.00, '2025-07-09 06:48:10', '2025-07-09 07:01:46', NULL),
(2636, 163, 40, 0.00, '2025-07-09 06:48:10', '2025-07-09 07:01:46', NULL),
(2637, 163, 41, 0.00, '2025-07-09 06:48:10', '2025-07-09 07:01:46', NULL),
(2638, 163, 42, 0.00, '2025-07-09 06:48:10', '2025-07-09 07:01:46', NULL),
(2639, 163, 43, 0.00, '2025-07-09 06:48:10', '2025-07-09 07:01:46', NULL),
(2640, 163, 44, 0.00, '2025-07-09 06:48:10', '2025-07-09 07:01:46', NULL),
(2641, 163, 45, 0.00, '2025-07-09 06:48:10', '2025-07-09 07:01:46', NULL),
(2642, 163, 46, 0.00, '2025-07-09 06:48:10', '2025-07-09 07:01:46', NULL),
(2643, 163, 48, 0.00, '2025-07-09 06:48:10', '2025-07-09 07:01:46', NULL),
(2644, 163, 49, 0.00, '2025-07-09 06:48:10', '2025-07-09 07:01:46', NULL),
(2645, 163, 50, 0.00, '2025-07-09 06:48:10', '2025-07-09 07:01:46', NULL),
(2646, 163, 51, 0.00, '2025-07-09 06:48:10', '2025-07-09 07:01:46', NULL),
(2647, 163, 52, 0.00, '2025-07-09 06:48:10', '2025-07-09 07:01:46', NULL),
(2648, 163, 53, 0.00, '2025-07-09 06:48:10', '2025-07-09 07:01:46', NULL),
(2649, 163, 55, 0.00, '2025-07-09 06:48:10', '2025-07-09 07:01:46', NULL),
(2650, 163, 57, 0.00, '2025-07-09 06:48:10', '2025-07-09 07:01:46', NULL),
(2651, 163, 58, 0.00, '2025-07-09 06:48:10', '2025-07-09 07:01:46', NULL),
(2652, 163, 59, 0.00, '2025-07-09 06:48:10', '2025-07-09 07:01:46', NULL),
(2653, 163, 61, 0.00, '2025-07-09 06:48:10', '2025-07-09 07:01:46', NULL),
(2654, 163, 62, 0.00, '2025-07-09 06:48:10', '2025-07-09 07:01:46', NULL),
(2655, 163, 63, 0.00, '2025-07-09 06:48:10', '2025-07-09 07:01:46', NULL),
(2656, 164, 14, 0.00, '2025-07-09 06:48:10', '2025-07-09 07:01:46', NULL),
(2657, 164, 15, 0.00, '2025-07-09 06:48:10', '2025-07-09 07:01:46', NULL),
(2658, 164, 16, 0.00, '2025-07-09 06:48:10', '2025-07-09 07:01:46', NULL),
(2659, 164, 17, 0.00, '2025-07-09 06:48:10', '2025-07-09 07:01:46', NULL),
(2660, 164, 18, 0.00, '2025-07-09 06:48:10', '2025-07-09 07:01:46', NULL),
(2661, 164, 19, 0.00, '2025-07-09 06:48:10', '2025-07-09 07:01:46', NULL),
(2662, 164, 20, 0.00, '2025-07-09 06:48:10', '2025-07-09 07:01:46', NULL),
(2663, 164, 21, 0.00, '2025-07-09 06:48:10', '2025-07-09 07:01:46', NULL),
(2664, 164, 23, 0.00, '2025-07-09 06:48:10', '2025-07-09 07:01:46', NULL),
(2665, 164, 24, 0.00, '2025-07-09 06:48:10', '2025-07-09 07:01:46', NULL),
(2666, 164, 25, 0.00, '2025-07-09 06:48:10', '2025-07-09 07:01:46', NULL),
(2667, 164, 26, 0.00, '2025-07-09 06:48:10', '2025-07-09 07:01:46', NULL),
(2668, 164, 27, 0.00, '2025-07-09 06:48:10', '2025-07-09 07:01:46', NULL),
(2669, 164, 31, 0.00, '2025-07-09 06:48:10', '2025-07-09 07:01:46', NULL),
(2670, 164, 39, 0.00, '2025-07-09 06:48:10', '2025-07-09 07:01:46', NULL),
(2671, 164, 40, 0.00, '2025-07-09 06:48:10', '2025-07-09 07:01:46', NULL),
(2672, 164, 41, 0.00, '2025-07-09 06:48:10', '2025-07-09 07:01:46', NULL),
(2673, 164, 42, 0.00, '2025-07-09 06:48:10', '2025-07-09 07:01:46', NULL),
(2674, 164, 43, 0.00, '2025-07-09 06:48:10', '2025-07-09 07:01:46', NULL),
(2675, 164, 44, 0.00, '2025-07-09 06:48:10', '2025-07-09 07:01:46', NULL),
(2676, 164, 45, 0.00, '2025-07-09 06:48:10', '2025-07-09 07:01:46', NULL),
(2677, 164, 46, 0.00, '2025-07-09 06:48:10', '2025-07-09 07:01:46', NULL),
(2678, 164, 48, 0.00, '2025-07-09 06:48:10', '2025-07-09 07:01:46', NULL),
(2679, 164, 49, 0.00, '2025-07-09 06:48:10', '2025-07-09 07:01:46', NULL),
(2680, 164, 50, 0.00, '2025-07-09 06:48:10', '2025-07-09 07:01:46', NULL),
(2681, 164, 51, 0.00, '2025-07-09 06:48:10', '2025-07-09 07:01:46', NULL),
(2682, 164, 52, 0.00, '2025-07-09 06:48:10', '2025-07-09 07:01:46', NULL),
(2683, 164, 53, 0.00, '2025-07-09 06:48:10', '2025-07-09 07:01:46', NULL),
(2684, 164, 55, 0.00, '2025-07-09 06:48:10', '2025-07-09 07:01:46', NULL),
(2685, 164, 57, 0.00, '2025-07-09 06:48:10', '2025-07-09 07:01:46', NULL),
(2686, 164, 58, 0.00, '2025-07-09 06:48:10', '2025-07-09 07:01:46', NULL),
(2687, 164, 59, 0.00, '2025-07-09 06:48:10', '2025-07-09 07:01:46', NULL),
(2688, 164, 61, 0.00, '2025-07-09 06:48:10', '2025-07-09 07:01:46', NULL),
(2689, 164, 62, 0.00, '2025-07-09 06:48:10', '2025-07-09 07:01:46', NULL),
(2690, 164, 63, 0.00, '2025-07-09 06:48:10', '2025-07-09 07:01:46', NULL),
(2691, 166, 14, 0.00, '2025-07-09 06:48:10', '2025-07-09 07:01:46', NULL),
(2692, 166, 15, 0.00, '2025-07-09 06:48:10', '2025-07-09 07:01:46', NULL),
(2693, 166, 16, 0.00, '2025-07-09 06:48:10', '2025-07-09 07:01:46', NULL),
(2694, 166, 17, 0.00, '2025-07-09 06:48:10', '2025-07-09 07:01:46', NULL),
(2695, 166, 18, 0.00, '2025-07-09 06:48:10', '2025-07-09 07:01:46', NULL),
(2696, 166, 19, 0.00, '2025-07-09 06:48:10', '2025-07-09 07:01:46', NULL),
(2697, 166, 20, 0.00, '2025-07-09 06:48:10', '2025-07-09 07:01:46', NULL),
(2698, 166, 21, 0.00, '2025-07-09 06:48:10', '2025-07-09 07:01:46', NULL),
(2699, 166, 23, 0.00, '2025-07-09 06:48:10', '2025-07-09 07:01:46', NULL),
(2700, 166, 24, 0.00, '2025-07-09 06:48:10', '2025-07-09 07:01:46', NULL),
(2701, 166, 25, 0.00, '2025-07-09 06:48:10', '2025-07-09 07:01:46', NULL),
(2702, 166, 26, 0.00, '2025-07-09 06:48:10', '2025-07-09 07:01:46', NULL),
(2703, 166, 27, 0.00, '2025-07-09 06:48:10', '2025-07-09 07:01:46', NULL),
(2704, 166, 31, 0.00, '2025-07-09 06:48:10', '2025-07-09 07:01:46', NULL),
(2705, 166, 39, 0.00, '2025-07-09 06:48:10', '2025-07-09 07:01:46', NULL),
(2706, 166, 40, 0.00, '2025-07-09 06:48:10', '2025-07-09 07:01:46', NULL),
(2707, 166, 41, 0.00, '2025-07-09 06:48:10', '2025-07-09 07:01:46', NULL),
(2708, 166, 42, 0.00, '2025-07-09 06:48:10', '2025-07-09 07:01:46', NULL),
(2709, 166, 43, 0.00, '2025-07-09 06:48:10', '2025-07-09 07:01:46', NULL),
(2710, 166, 44, 0.00, '2025-07-09 06:48:10', '2025-07-09 07:01:46', NULL),
(2711, 166, 45, 0.00, '2025-07-09 06:48:10', '2025-07-09 07:01:46', NULL),
(2712, 166, 46, 0.00, '2025-07-09 06:48:10', '2025-07-09 07:01:46', NULL),
(2713, 166, 48, 0.00, '2025-07-09 06:48:10', '2025-07-09 07:01:46', NULL),
(2714, 166, 49, 0.00, '2025-07-09 06:48:10', '2025-07-09 07:01:46', NULL),
(2715, 166, 50, 0.00, '2025-07-09 06:48:10', '2025-07-09 07:01:46', NULL),
(2716, 166, 51, 0.00, '2025-07-09 06:48:10', '2025-07-09 07:01:46', NULL),
(2717, 166, 52, 0.00, '2025-07-09 06:48:10', '2025-07-09 07:01:46', NULL),
(2718, 166, 53, 0.00, '2025-07-09 06:48:10', '2025-07-09 07:01:46', NULL),
(2719, 166, 55, 0.00, '2025-07-09 06:48:10', '2025-07-09 07:01:46', NULL),
(2720, 166, 57, 0.00, '2025-07-09 06:48:10', '2025-07-09 07:01:46', NULL),
(2721, 166, 58, 0.00, '2025-07-09 06:48:10', '2025-07-09 07:01:46', NULL),
(2722, 166, 59, 0.00, '2025-07-09 06:48:10', '2025-07-09 07:01:46', NULL),
(2723, 166, 61, 0.00, '2025-07-09 06:48:10', '2025-07-09 07:01:46', NULL),
(2724, 166, 62, 0.00, '2025-07-09 06:48:10', '2025-07-09 07:01:46', NULL),
(2725, 166, 63, 0.00, '2025-07-09 06:48:10', '2025-07-09 07:01:46', NULL),
(2726, 167, 14, 0.00, '2025-07-09 06:48:10', '2025-07-09 07:01:46', NULL),
(2727, 167, 15, 0.00, '2025-07-09 06:48:10', '2025-07-09 07:01:46', NULL),
(2728, 167, 16, 0.00, '2025-07-09 06:48:10', '2025-07-09 07:01:46', NULL),
(2729, 167, 17, 0.00, '2025-07-09 06:48:10', '2025-07-09 07:01:46', NULL),
(2730, 167, 18, 0.00, '2025-07-09 06:48:10', '2025-07-09 07:01:46', NULL),
(2731, 167, 19, 0.00, '2025-07-09 06:48:10', '2025-07-09 07:01:46', NULL),
(2732, 167, 20, 0.00, '2025-07-09 06:48:10', '2025-07-09 07:01:46', NULL),
(2733, 167, 21, 0.00, '2025-07-09 06:48:10', '2025-07-09 07:01:46', NULL),
(2734, 167, 23, 0.00, '2025-07-09 06:48:10', '2025-07-09 07:01:46', NULL),
(2735, 167, 24, 0.00, '2025-07-09 06:48:10', '2025-07-09 07:01:46', NULL),
(2736, 167, 25, 0.00, '2025-07-09 06:48:10', '2025-07-09 07:01:46', NULL),
(2737, 167, 26, 0.00, '2025-07-09 06:48:10', '2025-07-09 07:01:46', NULL),
(2738, 167, 27, 0.00, '2025-07-09 06:48:10', '2025-07-09 07:01:46', NULL),
(2739, 167, 31, 0.00, '2025-07-09 06:48:10', '2025-07-09 07:01:46', NULL),
(2740, 167, 39, 0.00, '2025-07-09 06:48:10', '2025-07-09 07:01:46', NULL),
(2741, 167, 40, 0.00, '2025-07-09 06:48:10', '2025-07-09 07:01:46', NULL),
(2742, 167, 41, 0.00, '2025-07-09 06:48:10', '2025-07-09 07:01:46', NULL),
(2743, 167, 42, 0.00, '2025-07-09 06:48:10', '2025-07-09 07:01:46', NULL),
(2744, 167, 43, 0.00, '2025-07-09 06:48:10', '2025-07-09 07:01:46', NULL),
(2745, 167, 44, 0.00, '2025-07-09 06:48:10', '2025-07-09 07:01:46', NULL),
(2746, 167, 45, 0.00, '2025-07-09 06:48:10', '2025-07-09 07:01:46', NULL),
(2747, 167, 46, 0.00, '2025-07-09 06:48:10', '2025-07-09 07:01:46', NULL),
(2748, 167, 48, 0.00, '2025-07-09 06:48:10', '2025-07-09 07:01:46', NULL),
(2749, 167, 49, 0.00, '2025-07-09 06:48:10', '2025-07-09 07:01:46', NULL),
(2750, 167, 50, 0.00, '2025-07-09 06:48:10', '2025-07-09 07:01:46', NULL),
(2751, 167, 51, 0.00, '2025-07-09 06:48:10', '2025-07-09 07:01:46', NULL),
(2752, 167, 52, 0.00, '2025-07-09 06:48:10', '2025-07-09 07:01:46', NULL),
(2753, 167, 53, 0.00, '2025-07-09 06:48:10', '2025-07-09 07:01:46', NULL),
(2754, 167, 55, 0.00, '2025-07-09 06:48:10', '2025-07-09 07:01:46', NULL),
(2755, 167, 57, 0.00, '2025-07-09 06:48:10', '2025-07-09 07:01:46', NULL),
(2756, 167, 58, 0.00, '2025-07-09 06:48:10', '2025-07-09 07:01:46', NULL),
(2757, 167, 59, 0.00, '2025-07-09 06:48:10', '2025-07-09 07:01:46', NULL),
(2758, 167, 61, 0.00, '2025-07-09 06:48:10', '2025-07-09 07:01:46', NULL),
(2759, 167, 62, 0.00, '2025-07-09 06:48:10', '2025-07-09 07:01:46', NULL),
(2760, 167, 63, 0.00, '2025-07-09 06:48:10', '2025-07-09 07:01:46', NULL),
(2761, 168, 14, 0.00, '2025-07-09 06:48:10', '2025-07-09 07:01:46', NULL),
(2762, 168, 15, 0.00, '2025-07-09 06:48:10', '2025-07-09 07:01:46', NULL),
(2763, 168, 16, 0.00, '2025-07-09 06:48:10', '2025-07-09 07:01:46', NULL),
(2764, 168, 17, 0.00, '2025-07-09 06:48:10', '2025-07-09 07:01:46', NULL),
(2765, 168, 18, 0.00, '2025-07-09 06:48:10', '2025-07-09 07:01:46', NULL),
(2766, 168, 19, 0.00, '2025-07-09 06:48:10', '2025-07-09 07:01:46', NULL),
(2767, 168, 20, 0.00, '2025-07-09 06:48:10', '2025-07-09 07:01:46', NULL),
(2768, 168, 21, 0.00, '2025-07-09 06:48:10', '2025-07-09 07:01:46', NULL),
(2769, 168, 23, 0.00, '2025-07-09 06:48:10', '2025-07-09 07:01:46', NULL),
(2770, 168, 24, 0.00, '2025-07-09 06:48:10', '2025-07-09 07:01:46', NULL),
(2771, 168, 25, 0.00, '2025-07-09 06:48:10', '2025-07-09 07:01:46', NULL),
(2772, 168, 26, 0.00, '2025-07-09 06:48:10', '2025-07-09 07:01:46', NULL),
(2773, 168, 27, 0.00, '2025-07-09 06:48:10', '2025-07-09 07:01:46', NULL),
(2774, 168, 31, 0.00, '2025-07-09 06:48:10', '2025-07-09 07:01:46', NULL),
(2775, 168, 39, 0.00, '2025-07-09 06:48:10', '2025-07-09 07:01:46', NULL),
(2776, 168, 40, 0.00, '2025-07-09 06:48:10', '2025-07-09 07:01:46', NULL),
(2777, 168, 41, 0.00, '2025-07-09 06:48:10', '2025-07-09 07:01:46', NULL),
(2778, 168, 42, 0.00, '2025-07-09 06:48:10', '2025-07-09 07:01:46', NULL),
(2779, 168, 43, 0.00, '2025-07-09 06:48:10', '2025-07-09 07:01:46', NULL),
(2780, 168, 44, 0.00, '2025-07-09 06:48:10', '2025-07-09 07:01:46', NULL),
(2781, 168, 45, 0.00, '2025-07-09 06:48:10', '2025-07-09 07:01:46', NULL),
(2782, 168, 46, 0.00, '2025-07-09 06:48:10', '2025-07-09 07:01:46', NULL),
(2783, 168, 48, 0.00, '2025-07-09 06:48:10', '2025-07-09 07:01:46', NULL),
(2784, 168, 49, 0.00, '2025-07-09 06:48:10', '2025-07-09 07:01:46', NULL),
(2785, 168, 50, 1.00, '2025-07-09 06:48:11', '2025-10-01 02:21:58', NULL),
(2786, 168, 51, 0.00, '2025-07-09 06:48:11', '2025-07-09 07:01:46', NULL);
INSERT INTO `material_usages` (`id`, `inventory_id`, `project_id`, `used_quantity`, `created_at`, `updated_at`, `deleted_at`) VALUES
(2787, 168, 52, 0.00, '2025-07-09 06:48:11', '2025-07-09 07:01:46', NULL),
(2788, 168, 53, 0.00, '2025-07-09 06:48:11', '2025-07-09 07:01:46', NULL),
(2789, 168, 55, 0.00, '2025-07-09 06:48:11', '2025-07-09 07:01:46', NULL),
(2790, 168, 57, 0.00, '2025-07-09 06:48:11', '2025-07-09 07:01:46', NULL),
(2791, 168, 58, 0.00, '2025-07-09 06:48:11', '2025-07-09 07:01:46', NULL),
(2792, 168, 59, 0.00, '2025-07-09 06:48:11', '2025-07-09 07:01:46', NULL),
(2793, 168, 61, 0.00, '2025-07-09 06:48:11', '2025-07-09 07:01:46', NULL),
(2794, 168, 62, 0.00, '2025-07-09 06:48:11', '2025-07-09 07:01:46', NULL),
(2795, 168, 63, 0.00, '2025-07-09 06:48:11', '2025-07-09 07:01:46', NULL),
(2796, 169, 14, 0.00, '2025-07-09 06:48:11', '2025-07-09 07:01:46', NULL),
(2797, 169, 15, 0.00, '2025-07-09 06:48:11', '2025-07-09 07:01:46', NULL),
(2798, 169, 16, 0.00, '2025-07-09 06:48:11', '2025-07-09 07:01:46', NULL),
(2799, 169, 17, 0.00, '2025-07-09 06:48:11', '2025-07-09 07:01:46', NULL),
(2800, 169, 18, 0.00, '2025-07-09 06:48:11', '2025-07-09 07:01:46', NULL),
(2801, 169, 19, 0.00, '2025-07-09 06:48:11', '2025-07-09 07:01:46', NULL),
(2802, 169, 20, 0.00, '2025-07-09 06:48:11', '2025-07-09 07:01:46', NULL),
(2803, 169, 21, 0.00, '2025-07-09 06:48:11', '2025-07-09 07:01:46', NULL),
(2804, 169, 23, 0.00, '2025-07-09 06:48:11', '2025-07-09 07:01:46', NULL),
(2805, 169, 24, 0.00, '2025-07-09 06:48:11', '2025-07-09 07:01:46', NULL),
(2806, 169, 25, 0.00, '2025-07-09 06:48:11', '2025-07-09 07:01:46', NULL),
(2807, 169, 26, 0.00, '2025-07-09 06:48:11', '2025-07-09 07:01:46', NULL),
(2808, 169, 27, 0.00, '2025-07-09 06:48:11', '2025-07-09 07:01:46', NULL),
(2809, 169, 31, 0.00, '2025-07-09 06:48:11', '2025-07-09 07:01:46', NULL),
(2810, 169, 39, 0.00, '2025-07-09 06:48:11', '2025-07-09 07:01:46', NULL),
(2811, 169, 40, 0.00, '2025-07-09 06:48:11', '2025-07-09 07:01:46', NULL),
(2812, 169, 41, 0.00, '2025-07-09 06:48:11', '2025-07-09 07:01:46', NULL),
(2813, 169, 42, 0.00, '2025-07-09 06:48:11', '2025-07-09 07:01:46', NULL),
(2814, 169, 43, 0.00, '2025-07-09 06:48:11', '2025-07-09 07:01:46', NULL),
(2815, 169, 44, 0.00, '2025-07-09 06:48:11', '2025-07-09 07:01:46', NULL),
(2816, 169, 45, 0.00, '2025-07-09 06:48:11', '2025-07-09 07:01:46', NULL),
(2817, 169, 46, 0.00, '2025-07-09 06:48:11', '2025-07-09 07:01:46', NULL),
(2818, 169, 48, 0.00, '2025-07-09 06:48:11', '2025-07-09 07:01:46', NULL),
(2819, 169, 49, 0.00, '2025-07-09 06:48:11', '2025-07-09 07:01:46', NULL),
(2820, 169, 50, 0.00, '2025-07-09 06:48:11', '2025-07-09 07:01:46', NULL),
(2821, 169, 51, 0.00, '2025-07-09 06:48:11', '2025-07-09 07:01:46', NULL),
(2822, 169, 52, 0.00, '2025-07-09 06:48:11', '2025-07-09 07:01:46', NULL),
(2823, 169, 53, 0.00, '2025-07-09 06:48:11', '2025-07-09 07:01:46', NULL),
(2824, 169, 55, 0.00, '2025-07-09 06:48:11', '2025-07-09 07:01:46', NULL),
(2825, 169, 57, 0.00, '2025-07-09 06:48:11', '2025-07-09 07:01:46', NULL),
(2826, 169, 58, 0.00, '2025-07-09 06:48:11', '2025-07-09 07:01:46', NULL),
(2827, 169, 59, 0.00, '2025-07-09 06:48:11', '2025-07-09 07:01:46', NULL),
(2828, 169, 61, 0.00, '2025-07-09 06:48:11', '2025-07-09 07:01:46', NULL),
(2829, 169, 62, 0.00, '2025-07-09 06:48:11', '2025-07-09 07:01:46', NULL),
(2830, 169, 63, 0.00, '2025-07-09 06:48:11', '2025-07-09 07:01:46', NULL),
(2831, 170, 14, 0.00, '2025-07-09 06:48:11', '2025-07-09 07:01:46', NULL),
(2832, 170, 15, 0.00, '2025-07-09 06:48:11', '2025-07-09 07:01:46', NULL),
(2833, 170, 16, 0.00, '2025-07-09 06:48:11', '2025-07-09 07:01:46', NULL),
(2834, 170, 17, 0.00, '2025-07-09 06:48:11', '2025-07-09 07:01:46', NULL),
(2835, 170, 18, 0.00, '2025-07-09 06:48:11', '2025-07-09 07:01:46', NULL),
(2836, 170, 19, 0.00, '2025-07-09 06:48:11', '2025-07-09 07:01:46', NULL),
(2837, 170, 20, 0.00, '2025-07-09 06:48:11', '2025-07-09 07:01:46', NULL),
(2838, 170, 21, 0.00, '2025-07-09 06:48:11', '2025-07-09 07:01:46', NULL),
(2839, 170, 23, 0.00, '2025-07-09 06:48:11', '2025-07-09 07:01:46', NULL),
(2840, 170, 24, 0.00, '2025-07-09 06:48:11', '2025-07-09 07:01:46', NULL),
(2841, 170, 25, 0.00, '2025-07-09 06:48:11', '2025-07-09 07:01:46', NULL),
(2842, 170, 26, 0.00, '2025-07-09 06:48:11', '2025-07-09 07:01:46', NULL),
(2843, 170, 27, 0.00, '2025-07-09 06:48:11', '2025-07-09 07:01:46', NULL),
(2844, 170, 31, 0.00, '2025-07-09 06:48:11', '2025-07-09 07:01:46', NULL),
(2845, 170, 39, 0.00, '2025-07-09 06:48:11', '2025-07-09 07:01:46', NULL),
(2846, 170, 40, 0.00, '2025-07-09 06:48:11', '2025-07-09 07:01:46', NULL),
(2847, 170, 41, 0.00, '2025-07-09 06:48:11', '2025-07-09 07:01:46', NULL),
(2848, 170, 42, 0.00, '2025-07-09 06:48:11', '2025-07-09 07:01:46', NULL),
(2849, 170, 43, 0.00, '2025-07-09 06:48:11', '2025-07-09 07:01:46', NULL),
(2850, 170, 44, 0.00, '2025-07-09 06:48:11', '2025-07-09 07:01:46', NULL),
(2851, 170, 45, 0.00, '2025-07-09 06:48:11', '2025-07-09 07:01:46', NULL),
(2852, 170, 46, 0.00, '2025-07-09 06:48:11', '2025-07-09 07:01:46', NULL),
(2853, 170, 48, 0.00, '2025-07-09 06:48:11', '2025-07-09 07:01:46', NULL),
(2854, 170, 49, 0.00, '2025-07-09 06:48:11', '2025-07-09 07:01:46', NULL),
(2855, 170, 50, 0.00, '2025-07-09 06:48:11', '2025-07-09 07:01:46', NULL),
(2856, 170, 51, 0.00, '2025-07-09 06:48:11', '2025-07-09 07:01:46', NULL),
(2857, 170, 52, 0.00, '2025-07-09 06:48:11', '2025-07-09 07:01:46', NULL),
(2858, 170, 53, 0.00, '2025-07-09 06:48:11', '2025-07-09 07:01:46', NULL),
(2859, 170, 55, 0.00, '2025-07-09 06:48:11', '2025-07-09 07:01:46', NULL),
(2860, 170, 57, 0.00, '2025-07-09 06:48:11', '2025-07-09 07:01:46', NULL),
(2861, 170, 58, 0.00, '2025-07-09 06:48:11', '2025-07-09 07:01:46', NULL),
(2862, 170, 59, 0.00, '2025-07-09 06:48:11', '2025-07-09 07:01:46', NULL),
(2863, 170, 61, 0.00, '2025-07-09 06:48:11', '2025-07-09 07:01:46', NULL),
(2864, 170, 62, 0.00, '2025-07-09 06:48:11', '2025-07-09 07:01:46', NULL),
(2865, 170, 63, 0.00, '2025-07-09 06:48:11', '2025-07-09 07:01:46', NULL),
(2866, 171, 14, 0.00, '2025-07-09 06:48:11', '2025-07-09 07:01:46', NULL),
(2867, 171, 15, 0.00, '2025-07-09 06:48:11', '2025-07-09 07:01:46', NULL),
(2868, 171, 16, 0.00, '2025-07-09 06:48:11', '2025-07-09 07:01:46', NULL),
(2869, 171, 17, 0.00, '2025-07-09 06:48:11', '2025-07-09 07:01:46', NULL),
(2870, 171, 18, 0.00, '2025-07-09 06:48:11', '2025-07-09 07:01:46', NULL),
(2871, 171, 19, 0.00, '2025-07-09 06:48:11', '2025-07-09 07:01:46', NULL),
(2872, 171, 20, 0.00, '2025-07-09 06:48:11', '2025-07-09 07:01:46', NULL),
(2873, 171, 21, 0.00, '2025-07-09 06:48:11', '2025-07-09 07:01:46', NULL),
(2874, 171, 23, 0.00, '2025-07-09 06:48:11', '2025-07-09 07:01:46', NULL),
(2875, 171, 24, 0.00, '2025-07-09 06:48:11', '2025-07-09 07:01:46', NULL),
(2876, 171, 25, 0.00, '2025-07-09 06:48:11', '2025-07-09 07:01:46', NULL),
(2877, 171, 26, 0.00, '2025-07-09 06:48:11', '2025-07-09 07:01:46', NULL),
(2878, 171, 27, 0.00, '2025-07-09 06:48:11', '2025-07-09 07:01:46', NULL),
(2879, 171, 31, 0.00, '2025-07-09 06:48:11', '2025-07-09 07:01:46', NULL),
(2880, 171, 39, 0.00, '2025-07-09 06:48:11', '2025-07-09 07:01:46', NULL),
(2881, 171, 40, 0.00, '2025-07-09 06:48:11', '2025-07-09 07:01:46', NULL),
(2882, 171, 41, 0.00, '2025-07-09 06:48:11', '2025-07-09 07:01:46', NULL),
(2883, 171, 42, 0.00, '2025-07-09 06:48:11', '2025-07-09 07:01:46', NULL),
(2884, 171, 43, 0.00, '2025-07-09 06:48:11', '2025-07-09 07:01:46', NULL),
(2885, 171, 44, 0.00, '2025-07-09 06:48:11', '2025-07-09 07:01:46', NULL),
(2886, 171, 45, 0.00, '2025-07-09 06:48:11', '2025-07-09 07:01:46', NULL),
(2887, 171, 46, 0.00, '2025-07-09 06:48:11', '2025-07-09 07:01:46', NULL),
(2888, 171, 48, 0.00, '2025-07-09 06:48:11', '2025-07-09 07:01:46', NULL),
(2889, 171, 49, 0.00, '2025-07-09 06:48:11', '2025-07-09 07:01:46', NULL),
(2890, 171, 50, 0.00, '2025-07-09 06:48:11', '2025-07-09 07:01:46', NULL),
(2891, 171, 51, 0.00, '2025-07-09 06:48:11', '2025-07-09 07:01:46', NULL),
(2892, 171, 52, 0.00, '2025-07-09 06:48:11', '2025-07-09 07:01:46', NULL),
(2893, 171, 53, 0.00, '2025-07-09 06:48:11', '2025-07-09 07:01:46', NULL),
(2894, 171, 55, 0.00, '2025-07-09 06:48:11', '2025-07-09 07:01:46', NULL),
(2895, 171, 57, 0.00, '2025-07-09 06:48:11', '2025-07-09 07:01:46', NULL),
(2896, 171, 58, 0.00, '2025-07-09 06:48:11', '2025-07-09 07:01:46', NULL),
(2897, 171, 59, 0.00, '2025-07-09 06:48:11', '2025-07-09 07:01:46', NULL),
(2898, 171, 61, 0.00, '2025-07-09 06:48:11', '2025-07-09 07:01:46', NULL),
(2899, 171, 62, 0.00, '2025-07-09 06:48:11', '2025-07-09 07:01:46', NULL),
(2900, 171, 63, 0.00, '2025-07-09 06:48:11', '2025-07-09 07:01:46', NULL),
(2901, 172, 14, 0.00, '2025-07-09 06:48:11', '2025-07-09 07:01:46', NULL),
(2902, 172, 15, 0.00, '2025-07-09 06:48:11', '2025-07-09 07:01:46', NULL),
(2903, 172, 16, 0.00, '2025-07-09 06:48:11', '2025-07-09 07:01:46', NULL),
(2904, 172, 17, 0.00, '2025-07-09 06:48:11', '2025-07-09 07:01:46', NULL),
(2905, 172, 18, 0.00, '2025-07-09 06:48:11', '2025-07-09 07:01:46', NULL),
(2906, 172, 19, 0.00, '2025-07-09 06:48:11', '2025-07-09 07:01:46', NULL),
(2907, 172, 20, 0.00, '2025-07-09 06:48:11', '2025-07-09 07:01:46', NULL),
(2908, 172, 21, 0.00, '2025-07-09 06:48:11', '2025-07-09 07:01:46', NULL),
(2909, 172, 23, 0.00, '2025-07-09 06:48:11', '2025-07-09 07:01:46', NULL),
(2910, 172, 24, 0.00, '2025-07-09 06:48:11', '2025-07-09 07:01:46', NULL),
(2911, 172, 26, 0.00, '2025-07-09 06:48:11', '2025-07-09 07:01:46', NULL),
(2912, 172, 27, 0.00, '2025-07-09 06:48:11', '2025-07-09 07:01:46', NULL),
(2913, 172, 31, 0.00, '2025-07-09 06:48:11', '2025-07-09 07:01:46', NULL),
(2914, 172, 39, 0.00, '2025-07-09 06:48:11', '2025-07-09 07:01:46', NULL),
(2915, 172, 40, 0.00, '2025-07-09 06:48:11', '2025-07-09 07:01:46', NULL),
(2916, 172, 41, 0.00, '2025-07-09 06:48:11', '2025-07-09 07:01:46', NULL),
(2917, 172, 42, 0.00, '2025-07-09 06:48:11', '2025-07-09 07:01:46', NULL),
(2918, 172, 43, 0.00, '2025-07-09 06:48:11', '2025-07-09 07:01:46', NULL),
(2919, 172, 44, 0.00, '2025-07-09 06:48:11', '2025-07-09 07:01:46', NULL),
(2920, 172, 45, 0.00, '2025-07-09 06:48:11', '2025-07-09 07:01:46', NULL),
(2921, 172, 46, 0.00, '2025-07-09 06:48:11', '2025-07-09 07:01:46', NULL),
(2922, 172, 48, 0.00, '2025-07-09 06:48:11', '2025-07-09 07:01:46', NULL),
(2923, 172, 49, 0.00, '2025-07-09 06:48:11', '2025-07-09 07:01:46', NULL),
(2924, 172, 50, 0.00, '2025-07-09 06:48:11', '2025-07-09 07:01:46', NULL),
(2925, 172, 51, 0.00, '2025-07-09 06:48:11', '2025-07-09 07:01:46', NULL),
(2926, 172, 52, 0.00, '2025-07-09 06:48:11', '2025-07-09 07:01:46', NULL),
(2927, 172, 53, 0.00, '2025-07-09 06:48:11', '2025-07-09 07:01:46', NULL),
(2928, 172, 55, 0.00, '2025-07-09 06:48:11', '2025-07-09 07:01:46', NULL),
(2929, 172, 57, 0.00, '2025-07-09 06:48:11', '2025-07-09 07:01:46', NULL),
(2930, 172, 58, 0.00, '2025-07-09 06:48:11', '2025-07-09 07:01:46', NULL),
(2931, 172, 59, 0.00, '2025-07-09 06:48:11', '2025-07-09 07:01:46', NULL),
(2932, 172, 61, 0.00, '2025-07-09 06:48:11', '2025-07-09 07:01:46', NULL),
(2933, 172, 62, 0.00, '2025-07-09 06:48:11', '2025-07-09 07:01:46', NULL),
(2934, 172, 63, 0.00, '2025-07-09 06:48:11', '2025-07-09 07:01:46', NULL),
(2935, 173, 14, 0.00, '2025-07-09 06:48:11', '2025-07-09 07:01:46', NULL),
(2936, 173, 15, 0.00, '2025-07-09 06:48:11', '2025-07-09 07:01:46', NULL),
(2937, 173, 16, 0.00, '2025-07-09 06:48:11', '2025-07-09 07:01:46', NULL),
(2938, 173, 17, 0.00, '2025-07-09 06:48:11', '2025-07-09 07:01:46', NULL),
(2939, 173, 18, 0.00, '2025-07-09 06:48:11', '2025-07-09 07:01:46', NULL),
(2940, 173, 19, 0.00, '2025-07-09 06:48:11', '2025-07-09 07:01:46', NULL),
(2941, 173, 20, 0.00, '2025-07-09 06:48:11', '2025-07-09 07:01:46', NULL),
(2942, 173, 21, 0.00, '2025-07-09 06:48:11', '2025-07-09 07:01:46', NULL),
(2943, 173, 23, 0.00, '2025-07-09 06:48:11', '2025-07-09 07:01:47', NULL),
(2944, 173, 24, 0.00, '2025-07-09 06:48:11', '2025-07-09 07:01:47', NULL),
(2945, 173, 25, 0.00, '2025-07-09 06:48:11', '2025-07-09 07:01:47', NULL),
(2946, 173, 26, 0.00, '2025-07-09 06:48:11', '2025-07-09 07:01:47', NULL),
(2947, 173, 27, 0.00, '2025-07-09 06:48:11', '2025-07-09 07:01:47', NULL),
(2948, 173, 31, 0.00, '2025-07-09 06:48:11', '2025-07-09 07:01:47', NULL),
(2949, 173, 39, 0.00, '2025-07-09 06:48:11', '2025-07-09 07:01:47', NULL),
(2950, 173, 40, 0.00, '2025-07-09 06:48:11', '2025-07-09 07:01:47', NULL),
(2951, 173, 41, 0.00, '2025-07-09 06:48:11', '2025-07-09 07:01:47', NULL),
(2952, 173, 42, 0.00, '2025-07-09 06:48:11', '2025-07-09 07:01:47', NULL),
(2953, 173, 43, 0.00, '2025-07-09 06:48:11', '2025-07-09 07:01:47', NULL),
(2954, 173, 44, 0.00, '2025-07-09 06:48:11', '2025-07-09 07:01:47', NULL),
(2955, 173, 45, 0.00, '2025-07-09 06:48:11', '2025-07-09 07:01:47', NULL),
(2956, 173, 46, 0.00, '2025-07-09 06:48:11', '2025-07-09 07:01:47', NULL),
(2957, 173, 48, 0.00, '2025-07-09 06:48:11', '2025-07-09 07:01:47', NULL),
(2958, 173, 49, 0.00, '2025-07-09 06:48:11', '2025-07-09 07:01:47', NULL),
(2959, 173, 50, 0.00, '2025-07-09 06:48:11', '2025-07-09 07:01:47', NULL),
(2960, 173, 51, 0.00, '2025-07-09 06:48:11', '2025-07-09 07:01:47', NULL),
(2961, 173, 52, 0.00, '2025-07-09 06:48:11', '2025-07-09 07:01:47', NULL),
(2962, 173, 53, 0.00, '2025-07-09 06:48:11', '2025-07-09 07:01:47', NULL),
(2963, 173, 55, 0.00, '2025-07-09 06:48:11', '2025-07-09 07:01:47', NULL),
(2964, 173, 57, 0.00, '2025-07-09 06:48:11', '2025-07-09 07:01:47', NULL),
(2965, 173, 58, 0.00, '2025-07-09 06:48:11', '2025-07-09 07:01:47', NULL),
(2966, 173, 59, 0.00, '2025-07-09 06:48:11', '2025-07-09 07:01:47', NULL),
(2967, 173, 61, 0.00, '2025-07-09 06:48:11', '2025-07-09 07:01:47', NULL),
(2968, 173, 62, 0.00, '2025-07-09 06:48:11', '2025-07-09 07:01:47', NULL),
(2969, 173, 63, 0.00, '2025-07-09 06:48:11', '2025-07-09 07:01:47', NULL),
(2970, 174, 14, 0.00, '2025-07-09 06:48:11', '2025-07-09 07:01:47', NULL),
(2971, 174, 15, 0.00, '2025-07-09 06:48:11', '2025-07-09 07:01:47', NULL),
(2972, 174, 16, 0.00, '2025-07-09 06:48:11', '2025-07-09 07:01:47', NULL),
(2973, 174, 17, 0.00, '2025-07-09 06:48:11', '2025-07-09 07:01:47', NULL),
(2974, 174, 18, 0.00, '2025-07-09 06:48:11', '2025-07-09 07:01:47', NULL),
(2975, 174, 19, 0.00, '2025-07-09 06:48:11', '2025-07-09 07:01:47', NULL),
(2976, 174, 20, 0.00, '2025-07-09 06:48:11', '2025-07-09 07:01:47', NULL),
(2977, 174, 21, 0.00, '2025-07-09 06:48:11', '2025-07-09 07:01:47', NULL),
(2978, 174, 23, 0.00, '2025-07-09 06:48:11', '2025-07-09 07:01:47', NULL),
(2979, 174, 24, 0.00, '2025-07-09 06:48:11', '2025-07-09 07:01:47', NULL),
(2980, 174, 25, 0.00, '2025-07-09 06:48:11', '2025-07-09 07:01:47', NULL),
(2981, 174, 26, 0.00, '2025-07-09 06:48:11', '2025-07-09 07:01:47', NULL),
(2982, 174, 27, 0.00, '2025-07-09 06:48:11', '2025-07-09 07:01:47', NULL),
(2983, 174, 31, 0.00, '2025-07-09 06:48:11', '2025-07-09 07:01:47', NULL),
(2984, 174, 39, 0.00, '2025-07-09 06:48:11', '2025-07-09 07:01:47', NULL),
(2985, 174, 40, 0.00, '2025-07-09 06:48:11', '2025-07-09 07:01:47', NULL),
(2986, 174, 41, 0.00, '2025-07-09 06:48:11', '2025-07-09 07:01:47', NULL),
(2987, 174, 42, 0.00, '2025-07-09 06:48:11', '2025-07-09 07:01:47', NULL),
(2988, 174, 43, 0.00, '2025-07-09 06:48:11', '2025-07-09 07:01:47', NULL),
(2989, 174, 44, 0.00, '2025-07-09 06:48:11', '2025-07-09 07:01:47', NULL),
(2990, 174, 45, 0.00, '2025-07-09 06:48:11', '2025-07-09 07:01:47', NULL),
(2991, 174, 46, 0.00, '2025-07-09 06:48:11', '2025-07-09 07:01:47', NULL),
(2992, 174, 48, 0.00, '2025-07-09 06:48:11', '2025-07-09 07:01:47', NULL),
(2993, 174, 49, 0.00, '2025-07-09 06:48:11', '2025-07-09 07:01:47', NULL),
(2994, 174, 50, 0.00, '2025-07-09 06:48:11', '2025-07-09 07:01:47', NULL),
(2995, 174, 51, 0.00, '2025-07-09 06:48:11', '2025-07-09 07:01:47', NULL),
(2996, 174, 52, 0.00, '2025-07-09 06:48:11', '2025-07-09 07:01:47', NULL),
(2997, 174, 53, 0.00, '2025-07-09 06:48:11', '2025-07-09 07:01:47', NULL),
(2998, 174, 55, 0.00, '2025-07-09 06:48:11', '2025-07-09 07:01:47', NULL),
(2999, 174, 57, 0.00, '2025-07-09 06:48:11', '2025-07-09 07:01:47', NULL),
(3000, 174, 58, 0.00, '2025-07-09 06:48:11', '2025-07-09 07:01:47', NULL),
(3001, 174, 59, 0.00, '2025-07-09 06:48:11', '2025-07-09 07:01:47', NULL),
(3002, 174, 61, 0.00, '2025-07-09 06:48:11', '2025-07-09 07:01:47', NULL),
(3003, 174, 62, 0.00, '2025-07-09 06:48:11', '2025-07-09 07:01:47', NULL),
(3004, 174, 63, 0.00, '2025-07-09 06:48:11', '2025-07-09 07:01:47', NULL),
(3005, 175, 14, 0.00, '2025-07-09 06:48:11', '2025-07-09 07:01:47', NULL),
(3006, 175, 15, 0.00, '2025-07-09 06:48:11', '2025-07-09 07:01:47', NULL),
(3007, 175, 16, 0.00, '2025-07-09 06:48:11', '2025-07-09 07:01:47', NULL),
(3008, 175, 17, 0.00, '2025-07-09 06:48:11', '2025-07-09 07:01:47', NULL),
(3009, 175, 18, 0.00, '2025-07-09 06:48:11', '2025-07-09 07:01:47', NULL),
(3010, 175, 19, 0.00, '2025-07-09 06:48:11', '2025-07-09 07:01:47', NULL),
(3011, 175, 20, 0.00, '2025-07-09 06:48:11', '2025-07-09 07:01:47', NULL),
(3012, 175, 21, 0.00, '2025-07-09 06:48:11', '2025-07-09 07:01:47', NULL),
(3013, 175, 23, 0.00, '2025-07-09 06:48:11', '2025-07-09 07:01:47', NULL),
(3014, 175, 24, 0.00, '2025-07-09 06:48:11', '2025-07-09 07:01:47', NULL),
(3015, 175, 25, 0.00, '2025-07-09 06:48:11', '2025-07-09 07:01:47', NULL),
(3016, 175, 26, 0.00, '2025-07-09 06:48:11', '2025-07-09 07:01:47', NULL),
(3017, 175, 27, 0.00, '2025-07-09 06:48:11', '2025-07-09 07:01:47', NULL),
(3018, 175, 31, 0.00, '2025-07-09 06:48:11', '2025-07-09 07:01:47', NULL),
(3019, 175, 39, 0.00, '2025-07-09 06:48:11', '2025-07-09 07:01:47', NULL),
(3020, 175, 40, 0.00, '2025-07-09 06:48:11', '2025-07-09 07:01:47', NULL),
(3021, 175, 41, 0.00, '2025-07-09 06:48:11', '2025-07-09 07:01:47', NULL),
(3022, 175, 42, 0.00, '2025-07-09 06:48:11', '2025-07-09 07:01:47', NULL),
(3023, 175, 43, 0.00, '2025-07-09 06:48:11', '2025-07-09 07:01:47', NULL),
(3024, 175, 44, 0.00, '2025-07-09 06:48:11', '2025-07-09 07:01:47', NULL),
(3025, 175, 45, 0.00, '2025-07-09 06:48:11', '2025-07-09 07:01:47', NULL),
(3026, 175, 46, 0.00, '2025-07-09 06:48:11', '2025-07-09 07:01:47', NULL),
(3027, 175, 48, 0.00, '2025-07-09 06:48:11', '2025-07-09 07:01:47', NULL),
(3028, 175, 49, 0.00, '2025-07-09 06:48:11', '2025-07-09 07:01:47', NULL),
(3029, 175, 50, 0.00, '2025-07-09 06:48:11', '2025-07-09 07:01:47', NULL),
(3030, 175, 51, 0.00, '2025-07-09 06:48:11', '2025-07-09 07:01:47', NULL),
(3031, 175, 52, 0.00, '2025-07-09 06:48:11', '2025-07-09 07:01:47', NULL),
(3032, 175, 53, 0.00, '2025-07-09 06:48:11', '2025-07-09 07:01:47', NULL),
(3033, 175, 55, 0.00, '2025-07-09 06:48:11', '2025-07-09 07:01:47', NULL),
(3034, 175, 57, 0.00, '2025-07-09 06:48:11', '2025-07-09 07:01:47', NULL),
(3035, 175, 58, 0.00, '2025-07-09 06:48:11', '2025-07-09 07:01:47', NULL),
(3036, 175, 59, 0.00, '2025-07-09 06:48:11', '2025-07-09 07:01:47', NULL),
(3037, 175, 61, 0.00, '2025-07-09 06:48:11', '2025-07-09 07:01:47', NULL),
(3038, 175, 62, 0.00, '2025-07-09 06:48:11', '2025-07-09 07:01:47', NULL),
(3039, 175, 63, 0.00, '2025-07-09 06:48:11', '2025-07-09 07:01:47', NULL),
(3040, 176, 14, 0.00, '2025-07-09 06:48:11', '2025-07-09 07:01:47', NULL),
(3041, 176, 15, 0.00, '2025-07-09 06:48:11', '2025-07-09 07:01:47', NULL),
(3042, 176, 16, 0.00, '2025-07-09 06:48:11', '2025-07-09 07:01:47', NULL),
(3043, 176, 17, 0.00, '2025-07-09 06:48:11', '2025-07-09 07:01:47', NULL),
(3044, 176, 18, 0.00, '2025-07-09 06:48:11', '2025-07-09 07:01:47', NULL),
(3045, 176, 19, 0.00, '2025-07-09 06:48:11', '2025-07-09 07:01:47', NULL),
(3046, 176, 20, 0.00, '2025-07-09 06:48:11', '2025-07-09 07:01:47', NULL),
(3047, 176, 21, 0.00, '2025-07-09 06:48:11', '2025-07-09 07:01:47', NULL),
(3048, 176, 23, 0.00, '2025-07-09 06:48:11', '2025-07-09 07:01:47', NULL),
(3049, 176, 24, 0.00, '2025-07-09 06:48:11', '2025-07-09 07:01:47', NULL),
(3050, 176, 25, 0.00, '2025-07-09 06:48:11', '2025-07-09 07:01:47', NULL),
(3051, 176, 26, 0.00, '2025-07-09 06:48:11', '2025-07-09 07:01:47', NULL),
(3052, 176, 27, 0.00, '2025-07-09 06:48:11', '2025-07-09 07:01:47', NULL),
(3053, 176, 31, 0.00, '2025-07-09 06:48:11', '2025-07-09 07:01:47', NULL),
(3054, 176, 39, 0.00, '2025-07-09 06:48:11', '2025-07-09 07:01:47', NULL),
(3055, 176, 40, 0.00, '2025-07-09 06:48:11', '2025-07-09 07:01:47', NULL),
(3056, 176, 41, 0.00, '2025-07-09 06:48:11', '2025-07-09 07:01:47', NULL),
(3057, 176, 42, 0.00, '2025-07-09 06:48:11', '2025-07-09 07:01:47', NULL),
(3058, 176, 43, 0.00, '2025-07-09 06:48:11', '2025-07-09 07:01:47', NULL),
(3059, 176, 44, 0.00, '2025-07-09 06:48:11', '2025-07-09 07:01:47', NULL),
(3060, 176, 45, 0.00, '2025-07-09 06:48:11', '2025-07-09 07:01:47', NULL),
(3061, 176, 46, 0.00, '2025-07-09 06:48:11', '2025-07-09 07:01:47', NULL),
(3062, 176, 48, 0.00, '2025-07-09 06:48:11', '2025-07-09 07:01:47', NULL),
(3063, 176, 49, 0.00, '2025-07-09 06:48:11', '2025-07-09 07:01:47', NULL),
(3064, 176, 50, 0.00, '2025-07-09 06:48:11', '2025-07-09 07:01:47', NULL),
(3065, 176, 51, 0.00, '2025-07-09 06:48:11', '2025-07-09 07:01:47', NULL),
(3066, 176, 52, 0.00, '2025-07-09 06:48:11', '2025-07-09 07:01:47', NULL),
(3067, 176, 53, 0.00, '2025-07-09 06:48:11', '2025-07-09 07:01:47', NULL),
(3068, 176, 55, 0.00, '2025-07-09 06:48:11', '2025-07-09 07:01:47', NULL),
(3069, 176, 57, 0.00, '2025-07-09 06:48:11', '2025-07-09 07:01:47', NULL),
(3070, 176, 58, 0.00, '2025-07-09 06:48:11', '2025-07-09 07:01:47', NULL),
(3071, 176, 59, 0.00, '2025-07-09 06:48:11', '2025-07-09 07:01:47', NULL),
(3072, 176, 61, 0.00, '2025-07-09 06:48:11', '2025-07-09 07:01:47', NULL),
(3073, 176, 62, 0.00, '2025-07-09 06:48:11', '2025-07-09 07:01:47', NULL),
(3074, 176, 63, 0.00, '2025-07-09 06:48:11', '2025-07-09 07:01:47', NULL),
(3075, 177, 14, 0.00, '2025-07-09 06:48:11', '2025-07-09 07:01:47', NULL),
(3076, 177, 15, 1.00, '2025-07-09 06:48:11', '2025-08-15 08:11:35', NULL),
(3077, 177, 16, 0.00, '2025-07-09 06:48:11', '2025-07-09 07:01:47', NULL),
(3078, 177, 17, 0.00, '2025-07-09 06:48:11', '2025-07-09 07:01:47', NULL),
(3079, 177, 18, 0.00, '2025-07-09 06:48:11', '2025-07-09 07:01:47', NULL),
(3080, 177, 19, 0.00, '2025-07-09 06:48:11', '2025-07-09 07:01:47', NULL),
(3081, 177, 20, 0.00, '2025-07-09 06:48:11', '2025-07-09 07:01:47', NULL),
(3082, 177, 21, 0.00, '2025-07-09 06:48:11', '2025-07-09 07:01:47', NULL),
(3083, 177, 23, 0.00, '2025-07-09 06:48:11', '2025-07-09 07:01:47', NULL),
(3084, 177, 24, 0.00, '2025-07-09 06:48:11', '2025-07-09 07:01:47', NULL),
(3085, 177, 25, 0.00, '2025-07-09 06:48:11', '2025-07-09 07:01:47', NULL),
(3086, 177, 26, 0.00, '2025-07-09 06:48:11', '2025-07-09 07:01:47', NULL),
(3087, 177, 27, 0.00, '2025-07-09 06:48:11', '2025-07-09 07:01:47', NULL),
(3088, 177, 31, 0.00, '2025-07-09 06:48:11', '2025-07-09 07:01:47', NULL),
(3089, 177, 39, 0.00, '2025-07-09 06:48:11', '2025-07-09 07:01:47', NULL),
(3090, 177, 40, 0.00, '2025-07-09 06:48:11', '2025-07-09 07:01:47', NULL),
(3091, 177, 41, 0.00, '2025-07-09 06:48:11', '2025-07-09 07:01:47', NULL),
(3092, 177, 42, 0.00, '2025-07-09 06:48:11', '2025-07-09 07:01:47', NULL),
(3093, 177, 43, 0.00, '2025-07-09 06:48:11', '2025-07-09 07:01:47', NULL),
(3094, 177, 44, 0.00, '2025-07-09 06:48:11', '2025-07-09 07:01:47', NULL),
(3095, 177, 45, 0.00, '2025-07-09 06:48:11', '2025-07-09 07:01:47', NULL),
(3096, 177, 46, 0.00, '2025-07-09 06:48:11', '2025-07-09 07:01:47', NULL),
(3097, 177, 48, 0.00, '2025-07-09 06:48:11', '2025-07-09 07:01:47', NULL),
(3098, 177, 49, 0.00, '2025-07-09 06:48:11', '2025-07-09 07:01:47', NULL),
(3099, 177, 50, 0.00, '2025-07-09 06:48:11', '2025-07-09 07:01:47', NULL),
(3100, 177, 51, 0.00, '2025-07-09 06:48:11', '2025-07-09 07:01:47', NULL),
(3101, 177, 52, 0.00, '2025-07-09 06:48:11', '2025-07-09 07:01:47', NULL),
(3102, 177, 53, 0.00, '2025-07-09 06:48:11', '2025-07-09 07:01:47', NULL),
(3103, 177, 55, 0.00, '2025-07-09 06:48:11', '2025-07-09 07:01:47', NULL),
(3104, 177, 57, 0.00, '2025-07-09 06:48:11', '2025-07-09 07:01:47', NULL),
(3105, 177, 58, 0.00, '2025-07-09 06:48:11', '2025-07-09 07:01:47', NULL),
(3106, 177, 59, 0.00, '2025-07-09 06:48:11', '2025-07-09 07:01:47', NULL),
(3107, 177, 61, 0.00, '2025-07-09 06:48:11', '2025-07-09 07:01:47', NULL),
(3108, 177, 62, 0.00, '2025-07-09 06:48:11', '2025-07-09 07:01:47', NULL),
(3109, 177, 63, 0.00, '2025-07-09 06:48:11', '2025-07-09 07:01:47', NULL),
(3110, 178, 14, 0.00, '2025-07-09 06:48:11', '2025-07-09 07:01:47', NULL),
(3111, 178, 15, 0.00, '2025-07-09 06:48:11', '2025-07-09 07:01:47', NULL),
(3112, 178, 16, 0.00, '2025-07-09 06:48:11', '2025-07-09 07:01:47', NULL),
(3113, 178, 17, 0.00, '2025-07-09 06:48:11', '2025-07-09 07:01:47', NULL),
(3114, 178, 18, 0.00, '2025-07-09 06:48:11', '2025-07-09 07:01:47', NULL),
(3115, 178, 19, 0.00, '2025-07-09 06:48:11', '2025-07-09 07:01:47', NULL),
(3116, 178, 20, 0.00, '2025-07-09 06:48:11', '2025-07-09 07:01:47', NULL),
(3117, 178, 21, 0.00, '2025-07-09 06:48:11', '2025-07-09 07:01:47', NULL),
(3118, 178, 23, 0.00, '2025-07-09 06:48:12', '2025-07-09 07:01:47', NULL),
(3119, 178, 24, 0.00, '2025-07-09 06:48:12', '2025-07-09 07:01:47', NULL),
(3120, 178, 25, 0.00, '2025-07-09 06:48:12', '2025-07-09 07:01:47', NULL),
(3121, 178, 26, 0.00, '2025-07-09 06:48:12', '2025-07-09 07:01:47', NULL),
(3122, 178, 27, 0.00, '2025-07-09 06:48:12', '2025-07-09 07:01:47', NULL),
(3123, 178, 31, 0.00, '2025-07-09 06:48:12', '2025-07-09 07:01:47', NULL),
(3124, 178, 39, 0.00, '2025-07-09 06:48:12', '2025-07-09 07:01:47', NULL),
(3125, 178, 40, 0.00, '2025-07-09 06:48:12', '2025-07-09 07:01:47', NULL),
(3126, 178, 41, 0.00, '2025-07-09 06:48:12', '2025-07-09 07:01:47', NULL),
(3127, 178, 42, 0.00, '2025-07-09 06:48:12', '2025-07-09 07:01:47', NULL),
(3128, 178, 43, 0.00, '2025-07-09 06:48:12', '2025-07-09 07:01:47', NULL),
(3129, 178, 44, 0.00, '2025-07-09 06:48:12', '2025-07-09 07:01:47', NULL),
(3130, 178, 45, 0.00, '2025-07-09 06:48:12', '2025-07-09 07:01:47', NULL),
(3131, 178, 46, 0.00, '2025-07-09 06:48:12', '2025-07-09 07:01:47', NULL),
(3132, 178, 48, 0.00, '2025-07-09 06:48:12', '2025-07-09 07:01:47', NULL),
(3133, 178, 49, 0.00, '2025-07-09 06:48:12', '2025-07-09 07:01:47', NULL),
(3134, 178, 50, 0.00, '2025-07-09 06:48:12', '2025-07-09 07:01:47', NULL),
(3135, 178, 51, 0.00, '2025-07-09 06:48:12', '2025-07-09 07:01:47', NULL),
(3136, 178, 52, 0.00, '2025-07-09 06:48:12', '2025-07-09 07:01:47', NULL),
(3137, 178, 53, 0.00, '2025-07-09 06:48:12', '2025-07-09 07:01:47', NULL),
(3138, 178, 55, 0.00, '2025-07-09 06:48:12', '2025-07-09 07:01:47', NULL),
(3139, 178, 57, 0.00, '2025-07-09 06:48:12', '2025-07-09 07:01:47', NULL),
(3140, 178, 58, 0.00, '2025-07-09 06:48:12', '2025-07-09 07:01:47', NULL),
(3141, 178, 59, 0.00, '2025-07-09 06:48:12', '2025-07-09 07:01:47', NULL),
(3142, 178, 61, 0.00, '2025-07-09 06:48:12', '2025-07-09 07:01:47', NULL),
(3143, 178, 62, 0.00, '2025-07-09 06:48:12', '2025-07-09 07:01:47', NULL),
(3144, 178, 63, 0.00, '2025-07-09 06:48:12', '2025-07-09 07:01:47', NULL),
(3145, 179, 14, 0.00, '2025-07-09 06:48:12', '2025-07-09 07:01:47', NULL),
(3146, 179, 15, 0.00, '2025-07-09 06:48:12', '2025-07-09 07:01:47', NULL),
(3147, 179, 16, 0.00, '2025-07-09 06:48:12', '2025-07-09 07:01:47', NULL),
(3148, 179, 17, 0.00, '2025-07-09 06:48:12', '2025-07-09 07:01:47', NULL),
(3149, 179, 18, 0.00, '2025-07-09 06:48:12', '2025-07-09 07:01:47', NULL),
(3150, 179, 19, 0.00, '2025-07-09 06:48:12', '2025-07-09 07:01:47', NULL),
(3151, 179, 20, 0.00, '2025-07-09 06:48:12', '2025-07-09 07:01:47', NULL),
(3152, 179, 21, 0.00, '2025-07-09 06:48:12', '2025-07-09 07:01:47', NULL),
(3153, 179, 23, 0.00, '2025-07-09 06:48:12', '2025-07-09 07:01:47', NULL),
(3154, 179, 24, 0.00, '2025-07-09 06:48:12', '2025-07-09 07:01:47', NULL),
(3155, 179, 25, 0.00, '2025-07-09 06:48:12', '2025-07-09 07:01:47', NULL),
(3156, 179, 26, 0.00, '2025-07-09 06:48:12', '2025-07-09 07:01:47', NULL),
(3157, 179, 27, 0.00, '2025-07-09 06:48:12', '2025-07-09 07:01:47', NULL),
(3158, 179, 31, 0.00, '2025-07-09 06:48:12', '2025-07-09 07:01:47', NULL),
(3159, 179, 39, 0.00, '2025-07-09 06:48:12', '2025-07-09 07:01:47', NULL),
(3160, 179, 40, 0.00, '2025-07-09 06:48:12', '2025-07-09 07:01:47', NULL),
(3161, 179, 41, 0.00, '2025-07-09 06:48:12', '2025-07-09 07:01:47', NULL),
(3162, 179, 42, 0.00, '2025-07-09 06:48:12', '2025-07-09 07:01:47', NULL),
(3163, 179, 43, 0.00, '2025-07-09 06:48:12', '2025-07-09 07:01:47', NULL),
(3164, 179, 44, 0.00, '2025-07-09 06:48:12', '2025-07-09 07:01:47', NULL),
(3165, 179, 45, 0.00, '2025-07-09 06:48:12', '2025-07-09 07:01:47', NULL),
(3166, 179, 46, 0.00, '2025-07-09 06:48:12', '2025-07-09 07:01:47', NULL),
(3167, 179, 48, 0.00, '2025-07-09 06:48:12', '2025-07-09 07:01:47', NULL),
(3168, 179, 49, 0.00, '2025-07-09 06:48:12', '2025-07-09 07:01:47', NULL),
(3169, 179, 50, 0.00, '2025-07-09 06:48:12', '2025-07-09 07:01:47', NULL),
(3170, 179, 51, 0.00, '2025-07-09 06:48:12', '2025-07-09 07:01:47', NULL),
(3171, 179, 52, 0.00, '2025-07-09 06:48:12', '2025-07-09 07:01:47', NULL),
(3172, 179, 53, 0.00, '2025-07-09 06:48:12', '2025-07-09 07:01:47', NULL),
(3173, 179, 55, 0.00, '2025-07-09 06:48:12', '2025-07-09 07:01:47', NULL),
(3174, 179, 57, 0.00, '2025-07-09 06:48:12', '2025-07-09 07:01:47', NULL),
(3175, 179, 58, 0.00, '2025-07-09 06:48:12', '2025-07-09 07:01:47', NULL),
(3176, 179, 59, 0.00, '2025-07-09 06:48:12', '2025-07-09 07:01:47', NULL),
(3177, 179, 61, 0.00, '2025-07-09 06:48:12', '2025-07-09 07:01:47', NULL),
(3178, 179, 62, 0.00, '2025-07-09 06:48:12', '2025-07-09 07:01:47', NULL),
(3179, 179, 63, 0.00, '2025-07-09 06:48:12', '2025-07-09 07:01:47', NULL),
(3180, 180, 14, 0.00, '2025-07-09 06:48:12', '2025-07-09 07:01:47', NULL),
(3181, 180, 15, 0.00, '2025-07-09 06:48:12', '2025-07-09 07:01:47', NULL),
(3182, 180, 16, 0.00, '2025-07-09 06:48:12', '2025-07-09 07:01:47', NULL),
(3183, 180, 17, 0.00, '2025-07-09 06:48:12', '2025-07-09 07:01:47', NULL),
(3184, 180, 18, 0.00, '2025-07-09 06:48:12', '2025-07-09 07:01:47', NULL),
(3185, 180, 19, 0.00, '2025-07-09 06:48:12', '2025-07-09 07:01:47', NULL),
(3186, 180, 20, 0.00, '2025-07-09 06:48:12', '2025-07-09 07:01:47', NULL),
(3187, 180, 21, 0.00, '2025-07-09 06:48:12', '2025-07-09 07:01:47', NULL),
(3188, 180, 23, 0.00, '2025-07-09 06:48:12', '2025-07-09 07:01:47', NULL),
(3189, 180, 24, 0.00, '2025-07-09 06:48:12', '2025-07-09 07:01:47', NULL),
(3190, 180, 25, 0.00, '2025-07-09 06:48:12', '2025-07-09 07:01:47', NULL),
(3191, 180, 26, 0.00, '2025-07-09 06:48:12', '2025-07-09 07:01:47', NULL),
(3192, 180, 27, 0.00, '2025-07-09 06:48:12', '2025-07-09 07:01:47', NULL),
(3193, 180, 31, 0.00, '2025-07-09 06:48:12', '2025-07-09 07:01:47', NULL),
(3194, 180, 39, 0.00, '2025-07-09 06:48:12', '2025-07-09 07:01:47', NULL),
(3195, 180, 40, 0.00, '2025-07-09 06:48:12', '2025-07-09 07:01:47', NULL),
(3196, 180, 41, 0.00, '2025-07-09 06:48:12', '2025-07-09 07:01:47', NULL),
(3197, 180, 42, 0.00, '2025-07-09 06:48:12', '2025-07-09 07:01:47', NULL),
(3198, 180, 43, 0.00, '2025-07-09 06:48:12', '2025-07-09 07:01:47', NULL),
(3199, 180, 44, 0.00, '2025-07-09 06:48:12', '2025-07-09 07:01:47', NULL),
(3200, 180, 45, 0.00, '2025-07-09 06:48:12', '2025-07-09 07:01:47', NULL),
(3201, 180, 46, 0.00, '2025-07-09 06:48:12', '2025-07-09 07:01:47', NULL),
(3202, 180, 48, 0.00, '2025-07-09 06:48:12', '2025-07-09 07:01:47', NULL),
(3203, 180, 49, 0.00, '2025-07-09 06:48:12', '2025-07-09 07:01:47', NULL),
(3204, 180, 50, 0.00, '2025-07-09 06:48:12', '2025-07-09 07:01:47', NULL),
(3205, 180, 51, 0.00, '2025-07-09 06:48:12', '2025-07-09 07:01:47', NULL),
(3206, 180, 52, 0.00, '2025-07-09 06:48:12', '2025-07-09 07:01:47', NULL),
(3207, 180, 53, 0.00, '2025-07-09 06:48:12', '2025-07-09 07:01:47', NULL),
(3208, 180, 55, 0.00, '2025-07-09 06:48:12', '2025-07-09 07:01:47', NULL),
(3209, 180, 57, 0.00, '2025-07-09 06:48:12', '2025-07-09 07:01:47', NULL),
(3210, 180, 58, 0.00, '2025-07-09 06:48:12', '2025-07-09 07:01:47', NULL),
(3211, 180, 59, 0.00, '2025-07-09 06:48:12', '2025-07-09 07:01:47', NULL),
(3212, 180, 61, 0.00, '2025-07-09 06:48:12', '2025-07-09 07:01:47', NULL),
(3213, 180, 62, 0.00, '2025-07-09 06:48:12', '2025-07-09 07:01:47', NULL),
(3214, 180, 63, 0.00, '2025-07-09 06:48:12', '2025-07-09 07:01:47', NULL),
(3215, 181, 14, 0.00, '2025-07-09 06:48:12', '2025-07-09 07:01:47', NULL),
(3216, 181, 15, 0.00, '2025-07-09 06:48:12', '2025-07-09 07:01:47', NULL),
(3217, 181, 16, 0.00, '2025-07-09 06:48:12', '2025-07-09 07:01:47', NULL),
(3218, 181, 17, 0.00, '2025-07-09 06:48:12', '2025-07-09 07:01:47', NULL),
(3219, 181, 18, 0.00, '2025-07-09 06:48:12', '2025-07-09 07:01:47', NULL),
(3220, 181, 19, 0.00, '2025-07-09 06:48:12', '2025-07-09 07:01:47', NULL),
(3221, 181, 20, 0.00, '2025-07-09 06:48:12', '2025-07-09 07:01:47', NULL),
(3222, 181, 21, 0.00, '2025-07-09 06:48:12', '2025-07-09 07:01:47', NULL),
(3223, 181, 23, 0.00, '2025-07-09 06:48:12', '2025-07-09 07:01:47', NULL),
(3224, 181, 24, 0.00, '2025-07-09 06:48:12', '2025-07-09 07:01:47', NULL),
(3225, 181, 25, 0.00, '2025-07-09 06:48:12', '2025-07-09 07:01:47', NULL),
(3226, 181, 26, 0.00, '2025-07-09 06:48:12', '2025-07-09 07:01:47', NULL),
(3227, 181, 27, 0.00, '2025-07-09 06:48:12', '2025-07-09 07:01:47', NULL),
(3228, 181, 31, 0.00, '2025-07-09 06:48:12', '2025-07-09 07:01:47', NULL),
(3229, 181, 39, 0.00, '2025-07-09 06:48:12', '2025-07-09 07:01:47', NULL),
(3230, 181, 40, 0.00, '2025-07-09 06:48:12', '2025-07-09 07:01:47', NULL),
(3231, 181, 41, 0.00, '2025-07-09 06:48:12', '2025-07-09 07:01:47', NULL),
(3232, 181, 42, 0.00, '2025-07-09 06:48:12', '2025-07-09 07:01:47', NULL),
(3233, 181, 43, 0.00, '2025-07-09 06:48:12', '2025-07-09 07:01:47', NULL),
(3234, 181, 44, 0.00, '2025-07-09 06:48:12', '2025-07-09 07:01:47', NULL),
(3235, 181, 45, 0.00, '2025-07-09 06:48:12', '2025-07-09 07:01:47', NULL),
(3236, 181, 46, 0.00, '2025-07-09 06:48:12', '2025-07-09 07:01:47', NULL),
(3237, 181, 48, 0.00, '2025-07-09 06:48:12', '2025-07-09 07:01:47', NULL),
(3238, 181, 49, 0.00, '2025-07-09 06:48:12', '2025-07-09 07:01:47', NULL),
(3239, 181, 50, 0.00, '2025-07-09 06:48:12', '2025-07-09 07:01:47', NULL),
(3240, 181, 51, 0.00, '2025-07-09 06:48:12', '2025-07-09 07:01:47', NULL),
(3241, 181, 52, 0.00, '2025-07-09 06:48:12', '2025-07-09 07:01:47', NULL),
(3242, 181, 53, 0.00, '2025-07-09 06:48:12', '2025-07-09 07:01:47', NULL),
(3243, 181, 55, 0.00, '2025-07-09 06:48:12', '2025-07-09 07:01:47', NULL),
(3244, 181, 57, 0.00, '2025-07-09 06:48:12', '2025-07-09 07:01:47', NULL),
(3245, 181, 58, 0.00, '2025-07-09 06:48:12', '2025-07-09 07:01:47', NULL),
(3246, 181, 59, 0.00, '2025-07-09 06:48:12', '2025-07-09 07:01:47', NULL),
(3247, 181, 61, 0.00, '2025-07-09 06:48:12', '2025-07-09 07:01:47', NULL),
(3248, 181, 62, 0.00, '2025-07-09 06:48:12', '2025-07-09 07:01:47', NULL),
(3249, 181, 63, 0.00, '2025-07-09 06:48:12', '2025-07-09 07:01:47', NULL),
(3250, 183, 14, 0.00, '2025-07-09 06:48:12', '2025-07-09 07:01:47', NULL),
(3251, 183, 15, 0.00, '2025-07-09 06:48:12', '2025-07-09 07:01:47', NULL),
(3252, 183, 16, 0.00, '2025-07-09 06:48:12', '2025-07-09 07:01:47', NULL),
(3253, 183, 17, 0.00, '2025-07-09 06:48:12', '2025-07-09 07:01:47', NULL),
(3254, 183, 18, 0.00, '2025-07-09 06:48:12', '2025-07-09 07:01:47', NULL),
(3255, 183, 19, 0.00, '2025-07-09 06:48:12', '2025-07-09 07:01:47', NULL),
(3256, 183, 20, 0.00, '2025-07-09 06:48:12', '2025-07-09 07:01:47', NULL),
(3257, 183, 21, 0.00, '2025-07-09 06:48:12', '2025-07-09 07:01:47', NULL),
(3258, 183, 23, 0.00, '2025-07-09 06:48:12', '2025-07-09 07:01:47', NULL),
(3259, 183, 24, 0.00, '2025-07-09 06:48:12', '2025-07-09 07:01:47', NULL),
(3260, 183, 25, 0.00, '2025-07-09 06:48:12', '2025-07-09 07:01:47', NULL),
(3261, 183, 26, 0.00, '2025-07-09 06:48:12', '2025-07-09 07:01:47', NULL),
(3262, 183, 27, 0.00, '2025-07-09 06:48:12', '2025-07-09 07:01:47', NULL),
(3263, 183, 31, 0.00, '2025-07-09 06:48:12', '2025-07-09 07:01:47', NULL),
(3264, 183, 39, 0.00, '2025-07-09 06:48:12', '2025-07-09 07:01:47', NULL),
(3265, 183, 40, 0.00, '2025-07-09 06:48:12', '2025-07-09 07:01:47', NULL),
(3266, 183, 41, 0.00, '2025-07-09 06:48:12', '2025-07-09 07:01:47', NULL),
(3267, 183, 42, 0.00, '2025-07-09 06:48:12', '2025-07-09 07:01:47', NULL),
(3268, 183, 43, 0.00, '2025-07-09 06:48:12', '2025-07-09 07:01:47', NULL),
(3269, 183, 44, 0.00, '2025-07-09 06:48:12', '2025-07-09 07:01:47', NULL),
(3270, 183, 45, 0.00, '2025-07-09 06:48:12', '2025-07-09 07:01:47', NULL),
(3271, 183, 46, 0.00, '2025-07-09 06:48:12', '2025-07-09 07:01:47', NULL),
(3272, 183, 48, 0.00, '2025-07-09 06:48:12', '2025-07-09 07:01:47', NULL),
(3273, 183, 49, 0.00, '2025-07-09 06:48:12', '2025-07-09 07:01:47', NULL),
(3274, 183, 50, 0.00, '2025-07-09 06:48:12', '2025-07-09 07:01:47', NULL),
(3275, 183, 51, 0.00, '2025-07-09 06:48:12', '2025-07-09 07:01:47', NULL),
(3276, 183, 52, 0.00, '2025-07-09 06:48:12', '2025-07-09 07:01:47', NULL),
(3277, 183, 53, 0.00, '2025-07-09 06:48:12', '2025-07-09 07:01:47', NULL),
(3278, 183, 55, 0.00, '2025-07-09 06:48:12', '2025-07-09 07:01:47', NULL),
(3279, 183, 57, 0.00, '2025-07-09 06:48:12', '2025-07-09 07:01:47', NULL),
(3280, 183, 58, 0.00, '2025-07-09 06:48:12', '2025-07-09 07:01:47', NULL),
(3281, 183, 59, 0.00, '2025-07-09 06:48:12', '2025-07-09 07:01:47', NULL),
(3282, 183, 61, 0.00, '2025-07-09 06:48:12', '2025-07-09 07:01:47', NULL),
(3283, 183, 62, 0.00, '2025-07-09 06:48:12', '2025-07-09 07:01:47', NULL),
(3284, 183, 63, 0.00, '2025-07-09 06:48:12', '2025-07-09 07:01:47', NULL),
(3285, 184, 14, 1.00, '2025-07-09 06:48:12', '2025-10-13 09:45:24', NULL),
(3286, 184, 15, 0.00, '2025-07-09 06:48:12', '2025-07-09 07:01:48', NULL),
(3287, 184, 16, 0.00, '2025-07-09 06:48:12', '2025-07-09 07:01:48', NULL),
(3288, 184, 17, 0.00, '2025-07-09 06:48:12', '2025-07-09 07:01:48', NULL),
(3289, 184, 18, 0.00, '2025-07-09 06:48:12', '2025-07-09 07:01:48', NULL),
(3290, 184, 19, 0.00, '2025-07-09 06:48:12', '2025-07-09 07:01:48', NULL),
(3291, 184, 20, 0.00, '2025-07-09 06:48:12', '2025-07-09 07:01:48', NULL),
(3292, 184, 21, 0.00, '2025-07-09 06:48:12', '2025-07-09 07:01:48', NULL),
(3293, 184, 23, 0.00, '2025-07-09 06:48:12', '2025-07-09 07:01:48', NULL),
(3294, 184, 24, 0.00, '2025-07-09 06:48:12', '2025-07-09 07:01:48', NULL),
(3295, 184, 25, 0.00, '2025-07-09 06:48:12', '2025-10-09 07:04:03', NULL),
(3296, 184, 26, 0.00, '2025-07-09 06:48:12', '2025-07-09 07:01:48', NULL),
(3297, 184, 27, 0.00, '2025-07-09 06:48:12', '2025-07-09 07:01:48', NULL),
(3298, 184, 31, 0.00, '2025-07-09 06:48:12', '2025-07-09 07:01:48', NULL),
(3299, 184, 39, 0.00, '2025-07-09 06:48:12', '2025-07-09 07:01:48', NULL),
(3300, 184, 40, 0.00, '2025-07-09 06:48:12', '2025-07-09 07:01:48', NULL),
(3301, 184, 41, 0.00, '2025-07-09 06:48:12', '2025-07-09 07:01:48', NULL),
(3302, 184, 42, 0.00, '2025-07-09 06:48:12', '2025-07-09 07:01:48', NULL),
(3303, 184, 43, 2.00, '2025-07-09 06:48:12', '2025-10-09 07:04:09', NULL),
(3304, 184, 44, 0.00, '2025-07-09 06:48:12', '2025-07-09 07:01:48', NULL),
(3305, 184, 45, 0.00, '2025-07-09 06:48:12', '2025-07-09 07:01:48', NULL),
(3306, 184, 46, 0.00, '2025-07-09 06:48:12', '2025-07-09 07:01:48', NULL),
(3307, 184, 48, 0.00, '2025-07-09 06:48:12', '2025-07-09 07:01:48', NULL),
(3308, 184, 49, 0.00, '2025-07-09 06:48:12', '2025-07-09 07:01:48', NULL),
(3309, 184, 50, 0.00, '2025-07-09 06:48:12', '2025-07-09 07:01:48', NULL),
(3310, 184, 51, 0.00, '2025-07-09 06:48:12', '2025-07-09 07:01:48', NULL),
(3311, 184, 52, 0.00, '2025-07-09 06:48:12', '2025-07-09 07:01:48', NULL),
(3312, 184, 53, 0.00, '2025-07-09 06:48:12', '2025-07-09 07:01:48', NULL),
(3313, 184, 55, 0.00, '2025-07-09 06:48:12', '2025-07-09 07:01:48', NULL),
(3314, 184, 57, 0.00, '2025-07-09 06:48:12', '2025-07-09 07:01:48', NULL),
(3315, 184, 58, 0.00, '2025-07-09 06:48:12', '2025-07-09 07:01:48', NULL),
(3316, 184, 59, 0.00, '2025-07-09 06:48:12', '2025-07-09 07:01:48', NULL),
(3317, 184, 61, 0.00, '2025-07-09 06:48:12', '2025-07-09 07:01:48', NULL),
(3318, 184, 62, 0.00, '2025-07-09 06:48:12', '2025-07-09 07:01:48', NULL),
(3319, 184, 63, 0.00, '2025-07-09 06:48:12', '2025-07-09 07:01:48', NULL),
(3320, 185, 14, 0.00, '2025-07-09 06:48:12', '2025-07-09 07:01:48', NULL),
(3321, 185, 15, 0.00, '2025-07-09 06:48:12', '2025-07-09 07:01:48', NULL),
(3322, 185, 16, 0.00, '2025-07-09 06:48:12', '2025-07-09 07:01:48', NULL),
(3323, 185, 17, 0.00, '2025-07-09 06:48:12', '2025-07-09 07:01:48', NULL),
(3324, 185, 18, 0.00, '2025-07-09 06:48:12', '2025-07-09 07:01:48', NULL),
(3325, 185, 19, 0.00, '2025-07-09 06:48:12', '2025-07-09 07:01:48', NULL),
(3326, 185, 20, 0.00, '2025-07-09 06:48:12', '2025-07-09 07:01:48', NULL),
(3327, 185, 21, 0.00, '2025-07-09 06:48:12', '2025-07-09 07:01:48', NULL),
(3328, 185, 23, 0.00, '2025-07-09 06:48:12', '2025-07-09 07:01:48', NULL),
(3329, 185, 24, 0.00, '2025-07-09 06:48:12', '2025-07-09 07:01:48', NULL),
(3330, 185, 25, 0.00, '2025-07-09 06:48:12', '2025-07-09 07:01:48', NULL),
(3331, 185, 26, 0.00, '2025-07-09 06:48:12', '2025-07-09 07:01:48', NULL),
(3332, 185, 27, 0.00, '2025-07-09 06:48:12', '2025-07-09 07:01:48', NULL),
(3333, 185, 31, 0.00, '2025-07-09 06:48:12', '2025-07-09 07:01:48', NULL),
(3334, 185, 39, 0.00, '2025-07-09 06:48:12', '2025-07-09 07:01:48', NULL),
(3335, 185, 40, 0.00, '2025-07-09 06:48:12', '2025-07-09 07:01:48', NULL),
(3336, 185, 41, 0.00, '2025-07-09 06:48:12', '2025-07-09 07:01:48', NULL),
(3337, 185, 42, 0.00, '2025-07-09 06:48:12', '2025-07-09 07:01:48', NULL),
(3338, 185, 43, 0.00, '2025-07-09 06:48:12', '2025-07-09 07:01:48', NULL),
(3339, 185, 44, 0.00, '2025-07-09 06:48:12', '2025-07-09 07:01:48', NULL),
(3340, 185, 45, 0.00, '2025-07-09 06:48:12', '2025-07-09 07:01:48', NULL),
(3341, 185, 46, 0.00, '2025-07-09 06:48:12', '2025-07-09 07:01:48', NULL),
(3342, 185, 48, 0.00, '2025-07-09 06:48:12', '2025-07-09 07:01:48', NULL),
(3343, 185, 49, 0.00, '2025-07-09 06:48:12', '2025-07-09 07:01:48', NULL),
(3344, 185, 50, 0.00, '2025-07-09 06:48:12', '2025-07-09 07:01:48', NULL),
(3345, 185, 51, 0.00, '2025-07-09 06:48:12', '2025-07-09 07:01:48', NULL),
(3346, 185, 52, 0.00, '2025-07-09 06:48:12', '2025-07-09 07:01:48', NULL),
(3347, 185, 53, 0.00, '2025-07-09 06:48:12', '2025-07-09 07:01:48', NULL),
(3348, 185, 55, 0.00, '2025-07-09 06:48:12', '2025-07-09 07:01:48', NULL),
(3349, 185, 57, 0.00, '2025-07-09 06:48:12', '2025-07-09 07:01:48', NULL),
(3350, 185, 58, 0.00, '2025-07-09 06:48:12', '2025-07-09 07:01:48', NULL),
(3351, 185, 59, 0.00, '2025-07-09 06:48:12', '2025-07-09 07:01:48', NULL),
(3352, 185, 61, 0.00, '2025-07-09 06:48:12', '2025-07-09 07:01:48', NULL),
(3353, 185, 62, 0.00, '2025-07-09 06:48:12', '2025-07-09 07:01:48', NULL),
(3354, 185, 63, 0.00, '2025-07-09 06:48:12', '2025-07-09 07:01:48', NULL),
(3355, 186, 14, 0.00, '2025-07-09 06:48:12', '2025-07-09 07:01:48', NULL),
(3356, 186, 15, 0.00, '2025-07-09 06:48:12', '2025-07-09 07:01:48', NULL),
(3357, 186, 16, 0.00, '2025-07-09 06:48:12', '2025-07-09 07:01:48', NULL),
(3358, 186, 17, 0.00, '2025-07-09 06:48:12', '2025-07-09 07:01:48', NULL),
(3359, 186, 18, 0.00, '2025-07-09 06:48:12', '2025-07-09 07:01:48', NULL),
(3360, 186, 19, 0.00, '2025-07-09 06:48:12', '2025-07-09 07:01:48', NULL),
(3361, 186, 20, 0.00, '2025-07-09 06:48:12', '2025-07-09 07:01:48', NULL),
(3362, 186, 21, 0.00, '2025-07-09 06:48:12', '2025-07-09 07:01:48', NULL),
(3363, 186, 23, 0.00, '2025-07-09 06:48:12', '2025-07-09 07:01:48', NULL),
(3364, 186, 24, 0.00, '2025-07-09 06:48:12', '2025-07-09 07:01:48', NULL),
(3365, 186, 25, 0.00, '2025-07-09 06:48:12', '2025-07-09 07:01:48', NULL),
(3366, 186, 26, 0.00, '2025-07-09 06:48:12', '2025-07-09 07:01:48', NULL),
(3367, 186, 27, 0.00, '2025-07-09 06:48:12', '2025-07-09 07:01:48', NULL),
(3368, 186, 31, 0.00, '2025-07-09 06:48:12', '2025-07-09 07:01:48', NULL),
(3369, 186, 39, 0.00, '2025-07-09 06:48:12', '2025-07-09 07:01:48', NULL),
(3370, 186, 40, 0.00, '2025-07-09 06:48:12', '2025-07-09 07:01:48', NULL),
(3371, 186, 41, 0.00, '2025-07-09 06:48:12', '2025-07-09 07:01:48', NULL),
(3372, 186, 42, 0.00, '2025-07-09 06:48:12', '2025-07-09 07:01:48', NULL),
(3373, 186, 43, 0.00, '2025-07-09 06:48:12', '2025-07-09 07:01:48', NULL),
(3374, 186, 44, 0.00, '2025-07-09 06:48:12', '2025-07-09 07:01:48', NULL),
(3375, 186, 45, 0.00, '2025-07-09 06:48:12', '2025-07-09 07:01:48', NULL),
(3376, 186, 46, 0.00, '2025-07-09 06:48:12', '2025-07-09 07:01:48', NULL),
(3377, 186, 48, 0.00, '2025-07-09 06:48:12', '2025-07-09 07:01:48', NULL),
(3378, 186, 49, 0.00, '2025-07-09 06:48:12', '2025-07-09 07:01:48', NULL),
(3379, 186, 50, 0.00, '2025-07-09 06:48:12', '2025-07-09 07:01:48', NULL),
(3380, 186, 51, 0.00, '2025-07-09 06:48:12', '2025-07-09 07:01:48', NULL),
(3381, 186, 52, 0.00, '2025-07-09 06:48:12', '2025-07-09 07:01:48', NULL),
(3382, 186, 53, 0.00, '2025-07-09 06:48:12', '2025-07-09 07:01:48', NULL),
(3383, 186, 55, 0.00, '2025-07-09 06:48:12', '2025-07-09 07:01:48', NULL),
(3384, 186, 57, 0.00, '2025-07-09 06:48:12', '2025-07-09 07:01:48', NULL),
(3385, 186, 58, 0.00, '2025-07-09 06:48:12', '2025-07-09 07:01:48', NULL),
(3386, 186, 59, 0.00, '2025-07-09 06:48:12', '2025-07-09 07:01:48', NULL),
(3387, 186, 61, 0.00, '2025-07-09 06:48:12', '2025-07-09 07:01:48', NULL),
(3388, 186, 62, 0.00, '2025-07-09 06:48:12', '2025-07-09 07:01:48', NULL),
(3389, 186, 63, 0.00, '2025-07-09 06:48:12', '2025-07-09 07:01:48', NULL),
(3390, 187, 64, 1.00, '2025-07-09 07:09:25', '2025-10-13 09:21:13', NULL),
(3391, 184, 64, 1.00, '2025-07-17 07:38:27', '2025-07-17 07:38:27', NULL),
(3392, 194, 41, 1.00, '2025-07-17 08:51:45', '2025-07-17 08:51:45', NULL),
(3393, 192, 25, 0.00, '2025-07-18 09:54:25', '2025-07-18 10:07:16', NULL),
(3394, 198, 43, 2.00, '2025-07-19 01:14:52', '2025-07-26 04:24:16', NULL),
(3395, 200, 43, 0.00, '2025-07-19 02:32:28', '2025-10-09 08:10:20', NULL),
(3396, 200, 25, 123.00, '2025-07-19 02:32:54', '2025-07-19 02:32:54', NULL),
(3397, 200, 14, 0.00, '2025-07-19 02:33:34', '2025-10-09 08:10:35', NULL),
(3398, 188, 14, 0.10, '2025-07-22 03:14:03', '2025-07-22 03:14:03', NULL),
(3399, 90, 73, 1.00, '2025-07-22 09:32:59', '2025-07-23 08:25:10', NULL),
(3400, 154, 73, 5.00, '2025-07-22 09:32:59', '2025-10-01 02:21:58', NULL),
(3401, 180, 64, 1.48, '2025-07-23 09:48:27', '2025-10-09 07:04:21', NULL),
(3404, 192, 43, 1.00, '2025-07-26 04:08:37', '2025-07-26 04:08:37', NULL),
(3405, 215, 25, 6.90, '2025-07-26 04:19:59', '2025-10-13 09:21:40', NULL),
(3410, 198, 14, 1.00, '2025-08-15 08:11:35', '2025-08-15 08:11:35', NULL),
(3411, 216, 39, 1.00, '2025-09-30 09:24:06', '2025-09-30 09:24:06', NULL),
(3412, 146, 72, 1.00, '2025-09-30 09:24:06', '2025-09-30 09:24:06', NULL),
(3413, 192, 70, 1.00, '2025-10-01 02:21:58', '2025-10-01 02:21:58', NULL),
(3414, 181, 66, 1.00, '2025-10-01 02:21:58', '2025-10-01 02:21:58', NULL),
(3415, 192, 64, 1.00, '2025-10-01 02:21:58', '2025-10-01 02:21:58', NULL),
(3416, 187, 14, 1.00, '2025-10-01 02:21:58', '2025-10-01 02:21:58', NULL),
(3417, 221, NULL, 1.00, '2025-10-14 04:16:28', '2025-10-14 04:16:28', NULL);

-- --------------------------------------------------------

--
-- Table structure for table `migrations`
--

CREATE TABLE `migrations` (
  `id` int UNSIGNED NOT NULL,
  `migration` varchar(255) CHARACTER SET utf8mb4 COLLATE utf8mb4_unicode_ci NOT NULL,
  `batch` int NOT NULL
) ENGINE=InnoDB DEFAULT CHARSET=utf8mb4 COLLATE=utf8mb4_unicode_ci;

--
-- Dumping data for table `migrations`
--

INSERT INTO `migrations` (`id`, `migration`, `batch`) VALUES
(1, '2014_10_12_000000_create_users_table', 1),
(2, '2014_10_12_100000_create_password_resets_table', 1),
(3, '2019_08_19_000000_create_failed_jobs_table', 1),
(4, '2019_12_14_000001_create_personal_access_tokens_table', 1),
(5, '2025_05_06_061656_create_materials_table', 2),
(6, '2025_05_06_061716_create_projects_table', 2),
(7, '2025_05_06_061729_create_inventory_transactions_table', 2),
(8, '2025_05_06_061741_create_material_requests_table', 2),
(9, '2025_05_06_062109_add_role_to_users_table', 2),
(10, '2025_05_06_062420_create_users_table', 3),
(11, '2025_05_06_074612_create_inventories_table', 4),
(12, '2025_05_06_085036_add_qrcode_to_inventories_table', 5),
(13, '2025_05_06_085916_add_qrcode_path_to_inventories_table', 6),
(14, '2025_05_07_034921_create_projects_table', 7),
(15, '2025_05_07_041628_create_material_requests', 8),
(16, '2025_05_07_042921_create_material_requests_table', 9),
(17, '2025_05_07_045301_create_material_requests', 10),
(18, '2025_05_07_095349_add_remark_to_material_requests_table', 11),
(19, '2025_05_08_023751_create_currencies_table', 12),
(20, '2025_05_08_023823_add_currency_id_to_inventories_table', 12),
(21, '2025_05_09_042038_create_units_table', 13),
(22, '2025_05_14_063224_create_goods_out_table', 14),
(23, '2025_05_15_060717_add_department_to_users_table', 15),
(24, '2025_05_15_070514_create_goods_in_table', 16),
(25, '2025_05_15_085008_add_inventory_and_project_to_goods_in_table', 17),
(26, '2025_05_15_085058_create_material_usages_table', 18),
(27, '2025_05_16_040419_alter_goods_in_goods_out_id_nullable', 19),
(28, '2025_05_16_114925_create_categories_table', 20),
(29, '2025_05_16_115000_add_category_id_to_inventories_table', 20),
(30, '2025_05_19_081152_add_remark_to_goods_in_and_goods_out_tables', 21),
(31, '2025_05_19_091706_add_soft_deletes_to_all_tables', 22),
(32, '2025_05_24_110751_create_notifications_table', 23),
(33, '2025_05_28_090444_create_notifications_table', 24),
(34, '2025_05_28_114754_create_notifications_table', 25),
(35, '2025_06_04_095402_create_notifications_table', 26),
(36, '2025_06_05_093344_add_supplier_to_inventories_table', 27),
(37, '2025_06_05_164030_add_start_date_to_projects_table', 28),
(38, '2025_06_09_153310_add_remark_to_inventories_table', 29),
(39, '2025_06_14_124912_add_created_by_to_projects_table', 30),
(40, '2025_06_17_144806_add_processed_qty_to_material_requests_table', 31),
(41, '2025_07_09_114509_create_employees_table', 32),
(42, '2025_07_09_142656_create_timings_table', 32),
(43, '2025_07_09_154713_create_project_costings_table', 32),
(44, '2025_07_09_175705_add_finish_date_to_projects_table', 32),
(45, '2025_07_09_214844_create_project_parts_table', 32),
(46, '2025_07_11_100751_add_timestamps_to_project_parts_table', 33),
(47, '2025_07_11_151124_alter_parts_nullable_on_timings_table', 34),
(48, '2025_07_12_105252_add_fields_to_employees_table', 35),
(49, '2025_07_15_100141_add_soft_deletes_to_employees_table', 36),
(50, '2025_07_16_085504_create_departments_table', 37),
(51, '2025_07_16_095331_remove_department_column_from_projects_table', 38),
(52, '2025_07_17_092044_add_department_id_to_users_table', 39),
(54, '2025_07_18_102520_add_approved_at_to_material_requests_table', 40),
(55, '2025_07_24_092044_add_new_fields_to_employees_table', 41),
(56, '2025_07_24_092053_create_employee_documents_table', 41),
(57, '2025_07_25_083128_create_suppliers_table', 42),
(58, '2025_07_25_083135_create_locations_table', 42),
(59, '2025_07_25_083217_migrate_supplier_and_location_data_to_new_tables', 42),
(60, '2025_09_03_141437_create_external_requests_table', 43),
(61, '2025_09_12_083555_add_procurement_columns_to_external_requests_table', 44),
(62, '2025_09_12_100322_create_pre_shippings_table', 44),
(63, '2025_09_12_114705_create_shippings_table', 44),
(64, '2025_09_12_114729_create_shipping_details_table', 44),
(65, '2025_09_13_091316_add_status_and_remarks_to_shippings_table', 45),
(66, '2025_09_15_091252_create_goods_receives_table', 45),
(67, '2025_09_15_091400_create_goods_receive_details_table', 45),
(68, '2025_09_17_153927_create_project_statuses_table', 46),
(69, '2025_09_17_163412_create_project_statuses_table', 47),
(70, '2025_09_23_114952_add_image_to_external_requests_table', 48),
(71, '2025_09_24_101228_add_img_to_external_requests_table', 49),
(72, '2025_09_24_114516_alter_project_id_nullable_on_external_requests_table', 50),
(73, '2025_10_02_084956_rename_external_requests_to_purchase_requests', 51),
(74, '2025_10_02_090044_rename_external_request_id_to_purchase_request_id_in_pre_shippings', 52),
(75, '2025_10_02_143209_add_delivery_date_to_purchase_requests_table', 53),
(76, '2025_10_03_143411_update_pre_shippings_table_for_grouping', 54),
(77, '2025_10_04_105626_add_freight_costs_to_inventories_table', 55),
(78, '2025_10_06_110847_fix_cost_allocation_method_defaults', 56),
(79, '2025_10_08_163037_create_audits_table', 57),
(80, '2025_10_07_135751_create_leave_requests_table', 58),
(81, '2025_10_08_083029_alter_type_enum_on_leave_requests_table', 59),
(82, '2025_10_08_102857_add_duration_to_leave_requests_table', 59),
(83, '2025_10_14_111228_alter_project_id_nullable_on_material_usages_table', 60),
(84, '2025_10_07_142356_create_material_plannings_table', 61),
(85, '2025_10_14_094016_add_remark_to_purchase_requests_table', 62),
(86, '2025_10_17_094455_add_admin_role_to_users_table', 63),
(87, '2025_10_17_102054_add_admin_hr_role_to_users_table', 64),
(88, '2025_10_17_132326_add_personal_info_to_employees_table', 65),
(89, '2025_10_18_092700_add_employment_type_to_employees_table', 66),
(90, '2025_10_20_093625_update_leave_request_type_to_enum', 67),
(91, '2025_10_20_102806_change_saldo_cuti_to_decimal_in_employees_table', 68);

-- --------------------------------------------------------

--
-- Table structure for table `password_resets`
--

CREATE TABLE `password_resets` (
  `email` varchar(255) CHARACTER SET utf8mb4 COLLATE utf8mb4_unicode_ci NOT NULL,
  `token` varchar(255) CHARACTER SET utf8mb4 COLLATE utf8mb4_unicode_ci NOT NULL,
  `created_at` timestamp NULL DEFAULT NULL
) ENGINE=InnoDB DEFAULT CHARSET=utf8mb4 COLLATE=utf8mb4_unicode_ci;

-- --------------------------------------------------------

--
-- Table structure for table `personal_access_tokens`
--

CREATE TABLE `personal_access_tokens` (
  `id` bigint UNSIGNED NOT NULL,
  `tokenable_type` varchar(255) CHARACTER SET utf8mb4 COLLATE utf8mb4_unicode_ci NOT NULL,
  `tokenable_id` bigint UNSIGNED NOT NULL,
  `name` varchar(255) CHARACTER SET utf8mb4 COLLATE utf8mb4_unicode_ci NOT NULL,
  `token` varchar(64) CHARACTER SET utf8mb4 COLLATE utf8mb4_unicode_ci NOT NULL,
  `abilities` text CHARACTER SET utf8mb4 COLLATE utf8mb4_unicode_ci,
  `last_used_at` timestamp NULL DEFAULT NULL,
  `created_at` timestamp NULL DEFAULT NULL,
  `updated_at` timestamp NULL DEFAULT NULL
) ENGINE=InnoDB DEFAULT CHARSET=utf8mb4 COLLATE=utf8mb4_unicode_ci;

-- --------------------------------------------------------

--
-- Table structure for table `pre_shippings`
--

CREATE TABLE `pre_shippings` (
  `id` bigint UNSIGNED NOT NULL,
  `purchase_request_id` bigint UNSIGNED NOT NULL,
  `group_key` varchar(255) CHARACTER SET utf8mb4 COLLATE utf8mb4_unicode_ci DEFAULT NULL,
  `domestic_waybill_no` varchar(255) CHARACTER SET utf8mb4 COLLATE utf8mb4_unicode_ci DEFAULT NULL,
  `same_supplier_selection` tinyint(1) NOT NULL DEFAULT '0',
  `percentage_if_same_supplier` decimal(5,2) DEFAULT NULL,
  `domestic_cost` decimal(15,2) DEFAULT NULL,
  `cost_allocation_method` enum('quantity','percentage','value') CHARACTER SET utf8mb4 COLLATE utf8mb4_unicode_ci NOT NULL DEFAULT 'quantity',
  `allocation_percentage` decimal(5,2) DEFAULT NULL,
  `allocated_cost` decimal(15,2) DEFAULT NULL,
  `created_at` timestamp NULL DEFAULT NULL,
  `updated_at` timestamp NULL DEFAULT NULL
) ENGINE=InnoDB DEFAULT CHARSET=utf8mb4 COLLATE=utf8mb4_unicode_ci;

--
-- Dumping data for table `pre_shippings`
--

INSERT INTO `pre_shippings` (`id`, `purchase_request_id`, `group_key`, `domestic_waybill_no`, `same_supplier_selection`, `percentage_if_same_supplier`, `domestic_cost`, `cost_allocation_method`, `allocation_percentage`, `allocated_cost`, `created_at`, `updated_at`) VALUES
(1, 1, 'GRP_5_20251004', '22', 0, NULL, 50.00, 'quantity', NULL, 50.00, '2025-09-15 07:53:28', '2025-10-07 04:13:56'),
(2, 3, 'GRP_7_20251002', '#D123', 0, NULL, 250.00, 'value', NULL, 59.39, '2025-09-15 07:53:28', '2025-10-07 04:14:26'),
(3, 4, 'GRP_16_20251001', NULL, 0, NULL, NULL, 'quantity', NULL, NULL, '2025-09-15 07:53:28', '2025-10-03 07:56:26'),
(4, 7, 'GRP_21_20251008', NULL, 0, NULL, NULL, 'quantity', NULL, NULL, '2025-09-15 08:00:38', '2025-10-03 07:56:26'),
(5, 10, 'GRP_10_20251008', '223', 0, NULL, 2.00, 'quantity', NULL, 2.00, '2025-10-02 01:31:19', '2025-10-06 07:56:35'),
(6, 13, 'GRP_19_20251009', NULL, 0, NULL, NULL, 'quantity', NULL, 0.00, '2025-10-02 01:31:19', '2025-10-06 06:39:44'),
(7, 14, 'GRP_21_20251008', NULL, 0, NULL, NULL, 'quantity', NULL, NULL, '2025-10-02 01:31:19', '2025-10-03 07:56:26'),
(8, 15, 'GRP_7_20251002', '#D123', 0, NULL, 250.00, 'value', NULL, 190.61, '2025-10-02 02:05:24', '2025-10-07 04:14:26'),
(9, 17, 'GRP_3_20251212', '223', 0, NULL, 8.00, 'percentage', 39.61, 3.17, '2025-10-03 07:53:56', '2025-10-08 06:37:17'),
(10, 18, 'GRP_3_20251212', '223', 0, NULL, 8.00, 'percentage', 55.46, 4.44, '2025-10-03 07:53:56', '2025-10-08 06:37:17'),
(11, 12, 'GRP_3_20251008', '400kkj', 0, NULL, 34.00, 'quantity', NULL, 34.00, '2025-10-03 08:01:13', '2025-10-03 08:32:15'),
(12, 16, 'GRP_3_20251011', '223', 0, NULL, 8.00, 'percentage', 4.93, 0.39, '2025-10-03 08:59:08', '2025-10-06 07:56:59'),
(13, 11, 'GRP_16_20251008', '#D6677', 0, NULL, 400.00, 'percentage', 0.35, 1.40, '2025-10-06 03:36:22', '2025-10-07 03:56:40'),
(14, 6, 'GRP_16_20251008', '#D6677', 0, NULL, 400.00, 'percentage', 99.65, 398.60, '2025-10-06 03:42:24', '2025-10-07 03:56:33'),
(15, 5, 'GRP_29_20251011', '332', 0, NULL, 2568.00, 'percentage', 100.00, 2568.00, '2025-10-06 04:32:26', '2025-10-07 04:08:24');

-- --------------------------------------------------------

--
-- Table structure for table `projects`
--

CREATE TABLE `projects` (
  `id` bigint UNSIGNED NOT NULL,
  `created_by` varchar(255) CHARACTER SET utf8mb4 COLLATE utf8mb4_unicode_ci NOT NULL,
  `name` varchar(255) CHARACTER SET utf8mb4 COLLATE utf8mb4_unicode_ci NOT NULL,
  `qty` int NOT NULL,
  `department_id` bigint UNSIGNED DEFAULT NULL,
  `project_status_id` bigint UNSIGNED DEFAULT NULL,
  `img` varchar(255) CHARACTER SET utf8mb4 COLLATE utf8mb4_unicode_ci DEFAULT NULL,
  `start_date` date DEFAULT NULL,
  `deadline` date DEFAULT NULL,
  `finish_date` date DEFAULT NULL,
  `created_at` timestamp NULL DEFAULT NULL,
  `updated_at` timestamp NULL DEFAULT NULL,
  `deleted_at` timestamp NULL DEFAULT NULL
) ENGINE=InnoDB DEFAULT CHARSET=utf8mb4 COLLATE=utf8mb4_unicode_ci;

--
-- Dumping data for table `projects`
--

INSERT INTO `projects` (`id`, `created_by`, `name`, `qty`, `department_id`, `project_status_id`, `img`, `start_date`, `deadline`, `finish_date`, `created_at`, `updated_at`, `deleted_at`) VALUES
(14, '', 'Costume 1', 2, 1, NULL, 'projects/zvqZPckVQpBA9twdjkDNl1YFj8V653lvmULjEXCP.png', NULL, '2025-05-31', NULL, '2025-05-19 07:35:12', '2025-07-16 02:35:07', NULL),
(15, '', 'Costume 2', 5, 1, NULL, 'projects/nco7izn5X5Jl26ldDwilHYVNmsyUhuRgQ1FzrFYl.png', NULL, '2025-06-07', NULL, '2025-05-19 07:35:35', '2025-07-16 02:35:07', NULL),
(16, '', 'Costume 3', 3, 1, NULL, 'projects/xyFSpqbI8iO76qg3BSDv0Bz76IIpnRiLyB9J9nnY.png', NULL, '2025-06-04', NULL, '2025-05-19 07:36:07', '2025-07-16 02:35:07', NULL),
(17, '', 'Mascot 1', 1, 2, NULL, 'projects/WwxLYysaGwcbB5vWnrmz35GdAy4nlY1aDlxCOkS2.png', NULL, '2025-06-27', NULL, '2025-05-19 07:36:29', '2025-07-16 02:35:07', NULL),
(18, '', 'Mascot 2', 1, 2, NULL, 'projects/iC6qedTR8cRVPXPlYAOubatgBstx8gXuTTeIc2eo.png', NULL, '2025-07-05', NULL, '2025-05-19 07:36:41', '2025-07-16 02:35:07', NULL),
(19, '', 'Project 1', 1, 3, NULL, 'projects/1wA9TSzcWaZzQc8ErdysqOJ5QxMo4zvPt8EcNHkY.png', NULL, '2025-07-25', NULL, '2025-05-19 07:37:03', '2025-07-16 02:35:07', NULL),
(20, '', 'Project 2', 1, 3, NULL, 'projects/0sT6jN7Jn7379mQVftEC7HK1d1B1eMFeLWuGHCXt.png', NULL, '2025-05-23', NULL, '2025-05-19 07:37:22', '2025-07-16 02:35:07', NULL),
(21, '', 'Test', 5, 2, NULL, 'projects/MzmRuUIHFFQVV1HRgM77EbYwWK3BCftJ7HMdoRm1.png', NULL, '2025-05-24', NULL, '2025-05-19 07:45:58', '2025-07-16 02:35:07', NULL),
(23, '', 'Test 3', 2, 2, NULL, 'projects/iJdBsy9olbY2oyMq4lJnZskulz3RrdnM725oWiDY.png', NULL, '2025-05-24', NULL, '2025-05-19 07:46:43', '2025-07-16 02:35:07', NULL),
(24, '', 'Project 3', 2, 1, NULL, 'projects/ejZvq2QTLy8z5bM6y7UEUeAIPMTWeEuUNshlhA63.jpg', NULL, '2025-05-23', NULL, '2025-05-19 07:47:19', '2025-07-16 02:35:07', NULL),
(25, '', 'Bobo', 1, 1, NULL, NULL, NULL, NULL, NULL, '2025-05-19 07:50:24', '2025-07-16 02:35:07', NULL),
(26, '', 'Qucking', 12, 1, NULL, 'projects/h2aE72Y5oPCkEnDCqAqhiMOriqWt0Ulh6uyXhO2X.png', NULL, '2025-05-31', NULL, '2025-05-19 07:51:55', '2025-07-16 02:35:07', NULL),
(27, '', 'Mascot 7', 1, 2, NULL, NULL, NULL, NULL, NULL, '2025-05-19 08:02:52', '2025-07-16 02:35:07', NULL),
(31, '', 'test99', 9, 1, NULL, NULL, NULL, NULL, NULL, '2025-05-19 09:07:05', '2025-07-16 02:35:07', NULL),
(39, '', 'final test pro', 2, 3, NULL, 'projects/XQjjQvOXyF87BpwPi7CO0qwTaYcLb7NlwieKYIny.png', NULL, '2025-06-13', NULL, '2025-05-20 06:41:02', '2025-07-16 02:35:07', NULL),
(40, '', 'test quick add', 4, 2, NULL, NULL, NULL, NULL, NULL, '2025-05-22 08:25:43', '2025-07-16 02:35:07', NULL),
(41, '', 'testssspro', 1, 4, NULL, 'projects/pYshVyIsaPeGBS7GuNmARVodUzrk9Th9slHcDZ7q.png', NULL, '2025-06-03', NULL, '2025-06-02 02:36:03', '2025-07-16 02:35:07', NULL),
(42, '', 'Panda', 1, 2, NULL, 'projects/tCOdO1QFaV0v53rMlQhswEAjQq6dtSwam7HxujRe.png', NULL, '2025-06-14', NULL, '2025-06-04 09:09:22', '2025-07-16 02:35:07', NULL),
(43, '', 'buaya', 1, 2, NULL, NULL, '2025-06-05', '2025-06-07', NULL, '2025-06-04 09:12:54', '2025-07-16 02:35:07', NULL),
(44, '', 'ffty', 1, 3, NULL, 'projects/iAefyFCaIJwEv8lvtX5MmgwhzfrU4DLqCXqIoRdz.png', NULL, '2025-06-07', NULL, '2025-06-05 09:59:08', '2025-07-16 02:35:07', NULL),
(45, '', 'power ranger', 1, 2, NULL, 'projects/b9WXhh2IS6geSZ1qOKqJKV0JcGoIFUDpoGqzztOf.png', '2025-06-01', '2025-06-05', NULL, '2025-06-05 10:09:45', '2025-07-16 02:35:07', NULL),
(46, '', 'Server', 23, 5, NULL, 'projects/9xfqRx4eMrOvQ7oD1Wc0tMy27LQfNj58YFt8oBus.jpg', '2025-06-01', '2025-06-28', NULL, '2025-06-09 04:03:27', '2025-07-16 02:35:07', NULL),
(48, '', 'test1black', 2, NULL, NULL, 'projects/SXp2Bf8vuB6PlAouJhxsRuBSSeCngyDy02XVwHww.png', '2025-06-11', '2025-06-13', NULL, '2025-06-10 10:10:20', '2025-07-14 09:09:17', '2025-07-14 09:09:17'),
(49, '', 'Wifi', 23, 6, NULL, 'projects/A6KLjrLfGTh81LxC8Nplf74srabxgdhwXZIBSR6W.png', '2025-06-08', '2025-06-14', NULL, '2025-06-14 05:42:01', '2025-07-16 02:35:07', NULL),
(50, '', 'Server Bawah', 2, 6, NULL, NULL, NULL, NULL, NULL, '2025-06-14 05:42:38', '2025-07-16 02:35:07', NULL),
(51, 'tari', 'sdsd', 4, 1, NULL, NULL, NULL, NULL, NULL, '2025-06-14 05:58:35', '2025-07-16 02:35:07', NULL),
(52, 'tari', 'gtyo', 2, 1, NULL, NULL, NULL, NULL, NULL, '2025-06-14 06:02:20', '2025-07-16 02:35:07', NULL),
(53, 'logitech', 'Joni', 1, 2, NULL, 'projects/RxOGo4bPLrFoJZuqsR9iEmVfLjwlTsYzecuVvEbo.jpg', '2025-06-17', '2025-06-24', NULL, '2025-06-17 06:10:25', '2025-07-16 02:35:07', NULL),
(54, 'dyla', 'ssss', 3, NULL, NULL, NULL, NULL, NULL, NULL, '2025-06-17 08:07:18', '2025-07-03 08:14:17', '2025-07-03 08:14:17'),
(55, 'logitech', 'Pillow Mascottt', 2, 2, NULL, NULL, NULL, NULL, NULL, '2025-07-01 07:44:52', '2025-07-16 02:35:07', NULL),
(56, 'logitech', 'sdfsdfds', 5, NULL, NULL, NULL, NULL, NULL, NULL, '2025-07-03 01:57:30', '2025-07-03 04:43:32', '2025-07-03 04:43:32'),
(57, 'logitech', 'fdb', 5, 6, NULL, NULL, NULL, NULL, NULL, '2025-07-03 08:14:27', '2025-07-16 02:35:07', NULL),
(58, 'logitech', 'ds', 23, 2, NULL, NULL, NULL, NULL, NULL, '2025-07-04 09:13:47', '2025-07-16 02:35:07', NULL),
(59, 'logitech', 'test1ggh', 2, 1, NULL, NULL, NULL, NULL, NULL, '2025-07-04 09:37:49', '2025-07-16 02:35:07', NULL),
(60, 'logitech', 'dfbdf', 3, NULL, NULL, NULL, '2025-07-01', '2025-07-12', NULL, '2025-07-05 03:39:30', '2025-07-05 03:39:45', '2025-07-05 03:39:45'),
(61, 'logitech', 'okami', 1, 2, NULL, NULL, NULL, NULL, NULL, '2025-07-05 05:53:42', '2025-07-16 02:35:07', NULL),
(62, 'logitech', 'gty', 1, 2, NULL, NULL, NULL, NULL, NULL, '2025-07-05 05:56:07', '2025-07-16 02:35:07', NULL),
(63, 'dyla', 'tdst', 1, NULL, NULL, 'projects/eaQonLMPwQe6tPnaMabDsBksqwD0ZFuN3vaHoTxW.jpg', '2025-07-18', '2025-08-09', NULL, '2025-07-07 06:29:24', '2025-07-14 09:09:04', '2025-07-14 09:09:04'),
(64, 'logitech', 'Ninja RR', 1, 7, NULL, 'projects/XOfW54ZN9ZVUe9QPhIDvmyUs7g1lYLkpkDHfwVYl.png', '2025-07-09', '2025-08-09', '2025-09-06', '2025-07-09 07:07:45', '2025-07-16 02:35:07', NULL),
(65, 'logitech', 'masak', 1, 8, NULL, NULL, NULL, NULL, NULL, '2025-07-16 04:46:13', '2025-07-16 04:46:13', NULL),
(66, 'logitech', 'dvsdvs', 5, 4, NULL, NULL, '2025-07-11', '2025-07-18', '2025-08-09', '2025-07-17 01:23:08', '2025-07-17 01:23:08', NULL),
(67, 'logitech', 'zsdcsd', 5, 9, NULL, NULL, NULL, NULL, NULL, '2025-07-17 06:14:38', '2025-07-17 06:14:38', NULL),
(68, 'logitech', 'spidddd', 1, 10, NULL, NULL, NULL, NULL, NULL, '2025-07-17 06:15:42', '2025-07-17 06:15:42', NULL),
(69, 'logitech', 'hhri', 22, 4, NULL, NULL, NULL, NULL, NULL, '2025-07-19 02:49:45', '2025-07-19 02:49:45', NULL),
(70, 'logitech', 'asa', 2, 3, NULL, NULL, NULL, NULL, NULL, '2025-07-19 03:49:36', '2025-07-19 04:02:34', NULL),
(71, 'logitech', 'ssddrt2', 2, 14, NULL, 'projects/bFS8uFFC4XIxwWCLi1Y8Emr4YUbmJhjDtxwOovof.jpg', '2025-07-19', '2025-07-20', '2025-07-26', '2025-07-19 03:59:04', '2025-07-19 03:59:25', NULL),
(72, 'logitech', 'hari sabut', 2, 15, 2, NULL, NULL, '2025-08-22', NULL, '2025-07-19 03:59:57', '2025-09-18 09:22:12', NULL),
(73, 'logitech', 'Hotwheels', 2, 4, 3, 'projects/oGbKzBQAXAJwHOlTkzuRbTlWpDUvImy9HC2Iv1gO.png', NULL, NULL, NULL, '2025-07-22 09:31:39', '2025-09-18 07:47:37', NULL),
(74, 'logitech', 'test costume22', 1, 4, 3, NULL, NULL, NULL, NULL, '2025-09-04 08:19:42', '2025-09-18 07:47:29', NULL),
(75, 'logitech', 'test ptooo', 2, 10, 1, NULL, NULL, NULL, NULL, '2025-09-04 08:31:35', '2025-09-18 07:44:07', NULL),
(76, 'logitech', 'ddtg', 3, 4, 2, NULL, NULL, NULL, NULL, '2025-09-08 02:17:02', '2025-09-18 07:44:02', NULL),
(77, 'logitech', 'spgh', 3, 4, 2, NULL, NULL, NULL, NULL, '2025-09-08 02:57:08', '2025-09-18 07:35:21', NULL),
(78, 'logitech', 'test00998', 1, 10, 1, NULL, NULL, NULL, NULL, '2025-09-18 07:25:12', '2025-09-18 07:35:12', NULL),
(79, 'logitech', 'testprogg', 123, 4, NULL, NULL, NULL, NULL, NULL, '2025-09-26 06:53:39', '2025-09-26 06:53:39', NULL),
(80, 'logitech', 'opaaaa', 1, 14, NULL, NULL, NULL, NULL, NULL, '2025-09-26 06:54:45', '2025-09-26 06:54:45', NULL),
(81, 'logitech', 'test lliuy', 1, 13, NULL, NULL, NULL, NULL, NULL, '2025-09-26 07:03:16', '2025-10-09 07:03:15', '2025-10-09 07:03:15'),
(82, 'logitech', 'projk67', 1, 4, NULL, NULL, NULL, NULL, NULL, '2025-10-09 07:31:52', '2025-10-09 07:31:52', NULL),
(83, 'lark-sync', 'Butter Baby Mascot', 1, 17, NULL, NULL, NULL, NULL, NULL, '2025-10-15 09:53:10', '2025-10-15 09:53:10', NULL),
(84, 'lark-sync', 'NUSH Plush 25 cm', 1, 17, NULL, NULL, NULL, NULL, NULL, '2025-10-15 09:53:10', '2025-10-15 09:53:10', NULL),
(85, 'lark-sync', 'NUSH Plush Labcoat', 1, 17, NULL, NULL, NULL, NULL, NULL, '2025-10-15 09:53:10', '2025-10-15 09:53:10', NULL),
(86, 'lark-sync', '21 Days Plush', 1, 17, NULL, NULL, NULL, NULL, NULL, '2025-10-15 09:53:10', '2025-10-15 09:53:10', NULL),
(87, 'lark-sync', 'ME Merch Plush and Totebag', 1, 17, NULL, NULL, NULL, NULL, NULL, '2025-10-15 09:53:10', '2025-10-15 09:53:10', NULL),
(88, 'lark-sync', 'Garfield', 1, 17, NULL, NULL, NULL, NULL, NULL, '2025-10-15 09:53:10', '2025-10-15 09:53:10', NULL),
(89, 'lark-sync', 'PA Twinkle Mascot', 1, 17, NULL, NULL, NULL, NULL, NULL, '2025-10-15 09:53:10', '2025-10-15 09:53:10', NULL),
(90, 'lark-sync', 'Durian Boy-King fruit', 1, 17, NULL, NULL, NULL, NULL, NULL, '2025-10-15 09:53:10', '2025-10-15 09:53:10', NULL),
(91, 'lark-sync', 'MINDEF Recruit Bear', 1, 17, NULL, NULL, NULL, NULL, NULL, '2025-10-15 09:53:10', '2025-10-15 09:53:10', NULL),
(92, 'lark-sync', 'CTC RarRar Lion', 1, 17, NULL, NULL, NULL, NULL, NULL, '2025-10-15 09:53:10', '2025-10-15 09:53:10', NULL),
(93, 'lark-sync', 'Trolls - EADIE.M  RWS', 1, 17, NULL, NULL, NULL, NULL, NULL, '2025-10-15 09:53:10', '2025-10-15 09:53:10', NULL),
(94, 'lark-sync', 'Trolls Opening Dancer Male 1', 1, 17, NULL, NULL, NULL, NULL, NULL, '2025-10-15 09:53:10', '2025-10-15 09:53:10', NULL),
(95, 'lark-sync', 'Trolls Opening Dancer Male 2', 1, 17, NULL, NULL, NULL, NULL, NULL, '2025-10-15 09:53:10', '2025-10-15 09:53:10', NULL),
(96, 'lark-sync', 'HHN13 2025 RWS Costumes bulk order', 1, 17, NULL, NULL, NULL, NULL, NULL, '2025-10-15 09:53:10', '2025-10-15 09:53:10', NULL),
(97, 'lark-sync', 'RWS Tot Dancer Pants', 1, 17, NULL, NULL, NULL, NULL, NULL, '2025-10-15 09:53:10', '2025-10-15 09:53:10', NULL),
(98, 'lark-sync', 'NDP New Host', 1, 17, NULL, NULL, NULL, NULL, NULL, '2025-10-15 09:53:10', '2025-10-15 09:53:10', NULL),
(99, 'lark-sync', 'RWS TROLLS FIZZAY DANCER 1', 1, 17, NULL, NULL, NULL, NULL, NULL, '2025-10-15 09:53:10', '2025-10-15 09:53:10', NULL),
(100, 'lark-sync', 'RWS Trolls Finale Stilt Dancer', 1, 17, NULL, NULL, NULL, NULL, NULL, '2025-10-15 09:53:10', '2025-10-15 09:53:10', NULL),
(101, 'lark-sync', 'RWS Trolls Opening Dancer Male 1', 1, 17, NULL, NULL, NULL, NULL, NULL, '2025-10-15 09:53:10', '2025-10-15 09:53:10', NULL),
(102, 'lark-sync', 'RWS Trolls Opening Dancer Male 2', 1, 17, NULL, NULL, NULL, NULL, NULL, '2025-10-15 09:53:10', '2025-10-15 09:53:10', NULL),
(103, 'lark-sync', 'RWS Fizzay Dancer 2', 1, 17, NULL, NULL, NULL, NULL, NULL, '2025-10-15 09:53:10', '2025-10-15 09:53:10', NULL),
(104, 'lark-sync', 'RWS Trolls Eadie M', 1, 17, NULL, NULL, NULL, NULL, NULL, '2025-10-15 09:53:10', '2025-10-15 09:53:10', NULL),
(105, 'lark-sync', 'RWS Trolls Finale Female Dancer', 1, 17, NULL, NULL, NULL, NULL, NULL, '2025-10-15 09:53:10', '2025-10-15 09:53:10', NULL),
(106, 'lark-sync', 'RWS HHN13 Sample Female', 1, 17, NULL, NULL, NULL, NULL, NULL, '2025-10-15 09:53:10', '2025-10-15 09:53:10', NULL),
(107, 'lark-sync', 'RWS HHN13 Sample Male', 1, 17, NULL, NULL, NULL, NULL, NULL, '2025-10-15 09:53:10', '2025-10-15 09:53:10', NULL),
(108, 'lark-sync', 'RWS HHN13 Female Costume', 1, 17, NULL, NULL, NULL, NULL, NULL, '2025-10-15 09:53:10', '2025-10-15 09:53:10', NULL),
(109, 'lark-sync', 'RWS Egyptian Stilt Cover', 1, 17, NULL, NULL, NULL, NULL, NULL, '2025-10-15 09:53:10', '2025-10-15 09:53:10', NULL),
(110, 'lark-sync', 'Sana Preschool Laith Lion', 1, 17, NULL, NULL, NULL, NULL, NULL, '2025-10-15 09:53:10', '2025-10-15 09:53:10', NULL),
(111, 'lark-sync', 'Mechamato', 1, 17, NULL, NULL, NULL, NULL, NULL, '2025-10-15 09:53:10', '2025-10-15 09:53:10', NULL),
(112, 'lark-sync', 'CSA Jaga Statue', 1, 17, NULL, NULL, NULL, NULL, NULL, '2025-10-15 09:53:10', '2025-10-15 09:53:10', NULL),
(113, 'lark-sync', 'Mandai Live Show Costume', 1, 17, NULL, NULL, NULL, NULL, NULL, '2025-10-15 09:53:10', '2025-10-15 09:53:10', NULL),
(114, 'lark-sync', 'CSA Jaga Mascot', 1, 17, NULL, NULL, NULL, NULL, NULL, '2025-10-15 09:53:10', '2025-10-15 09:53:10', NULL),
(115, 'lark-sync', 'Sky Wonderland, Bunny Bunnies, Fluffy', 1, 17, NULL, NULL, NULL, NULL, NULL, '2025-10-15 09:53:10', '2025-10-15 09:53:10', NULL),
(116, 'lark-sync', 'Sky Wonderland, Bunny Bunnies, Lily', 1, 17, NULL, NULL, NULL, NULL, NULL, '2025-10-15 09:53:10', '2025-10-15 09:53:10', NULL),
(117, 'lark-sync', 'Mandai Ranger Live Costume Sample', 1, 17, NULL, NULL, NULL, NULL, NULL, '2025-10-15 09:53:10', '2025-10-15 09:53:10', NULL),
(118, 'lark-sync', 'FASHION SHOW GOWN', 1, 17, NULL, NULL, NULL, NULL, NULL, '2025-10-15 09:53:10', '2025-10-15 09:53:10', NULL),
(119, 'lark-sync', 'Waterway Sample', 1, 17, NULL, NULL, NULL, NULL, NULL, '2025-10-15 09:53:10', '2025-10-15 09:53:10', NULL),
(120, 'lark-sync', 'Waterway Pri', 1, 17, NULL, NULL, NULL, NULL, NULL, '2025-10-15 09:53:10', '2025-10-15 09:53:10', NULL),
(121, 'lark-sync', 'Walrus project Mascot', 1, 17, NULL, NULL, NULL, NULL, NULL, '2025-10-15 09:53:10', '2025-10-15 09:53:10', NULL),
(122, 'lark-sync', 'Ten ten Mascot - Provaliant Mascot', 1, 17, NULL, NULL, NULL, NULL, NULL, '2025-10-15 09:53:10', '2025-10-15 09:53:10', NULL),
(123, 'lark-sync', 'PGPS Plush Toy', 1, 17, NULL, NULL, NULL, NULL, NULL, '2025-10-15 09:53:10', '2025-10-15 09:53:10', NULL),
(124, 'lark-sync', 'Property Guru: Ling Ling Mascot', 1, 17, NULL, NULL, NULL, NULL, NULL, '2025-10-15 09:53:10', '2025-10-15 09:53:10', NULL),
(125, 'lark-sync', 'SCDF Dragon', 1, 17, NULL, NULL, NULL, NULL, NULL, '2025-10-15 09:53:10', '2025-10-15 09:53:10', NULL),
(126, 'lark-sync', 'Loaded Lion Mascot', 1, 17, NULL, NULL, NULL, NULL, NULL, '2025-10-15 09:53:10', '2025-10-15 09:53:10', NULL),
(127, 'lark-sync', 'Loaded Lion Plush Keychain 10cm', 1, 17, NULL, NULL, NULL, NULL, NULL, '2025-10-15 09:53:10', '2025-10-15 09:53:10', NULL),
(128, 'lark-sync', 'Loaded Lion Plush Toy 25cm', 1, 17, NULL, NULL, NULL, NULL, NULL, '2025-10-15 09:53:10', '2025-10-15 09:53:10', NULL),
(129, 'lark-sync', 'NDP Motivator', 1, 17, NULL, NULL, NULL, NULL, NULL, '2025-10-15 09:53:10', '2025-10-15 09:53:10', NULL),
(130, 'lark-sync', 'Ai Tong New Dress', 1, 17, NULL, NULL, NULL, NULL, NULL, '2025-10-15 09:53:10', '2025-10-15 09:53:10', NULL),
(131, 'lark-sync', 'RGPS String Ensemble', 1, 17, NULL, NULL, NULL, NULL, NULL, '2025-10-15 09:53:10', '2025-10-15 09:53:10', NULL),
(132, 'lark-sync', 'RGPS Band', 1, 17, NULL, NULL, NULL, NULL, NULL, '2025-10-15 09:53:10', '2025-10-15 09:53:10', NULL),
(133, 'lark-sync', 'Butter Baby Mascot Re-order', 1, 17, NULL, NULL, NULL, NULL, NULL, '2025-10-15 09:53:10', '2025-10-15 09:53:10', NULL),
(134, 'lark-sync', 'Stitch Statue', 1, 17, NULL, NULL, NULL, NULL, NULL, '2025-10-15 09:53:10', '2025-10-15 09:53:10', NULL),
(135, 'lark-sync', 'Ellah Mascot', 1, 17, NULL, NULL, NULL, NULL, NULL, '2025-10-15 09:53:10', '2025-10-15 09:53:10', NULL),
(136, 'lark-sync', 'Lylah Mascot', 1, 17, NULL, NULL, NULL, NULL, NULL, '2025-10-15 09:53:10', '2025-10-15 09:53:10', NULL),
(137, 'lark-sync', 'Olah Mascot', 1, 17, NULL, NULL, NULL, NULL, NULL, '2025-10-15 09:53:10', '2025-10-15 09:53:10', NULL),
(138, 'lark-sync', 'Mickey Statue', 1, 17, NULL, NULL, NULL, NULL, NULL, '2025-10-15 09:53:10', '2025-10-15 09:53:10', NULL),
(139, 'lark-sync', 'Huggy Wuggy Mascot (Nightmare)', 1, 17, NULL, NULL, NULL, NULL, NULL, '2025-10-15 09:53:10', '2025-10-15 09:53:10', NULL),
(140, 'lark-sync', 'Injured Huggy Wuggy', 1, 17, NULL, NULL, NULL, NULL, NULL, '2025-10-15 09:53:10', '2025-10-15 09:53:10', NULL),
(141, 'lark-sync', 'Injured Kissy Missy', 1, 17, NULL, NULL, NULL, NULL, NULL, '2025-10-15 09:53:10', '2025-10-15 09:53:10', NULL),
(142, 'lark-sync', 'Injured Kissy Missy + Poppy plush toy', 1, 17, NULL, NULL, NULL, NULL, NULL, '2025-10-15 09:53:10', '2025-10-15 09:53:10', NULL),
(143, 'lark-sync', 'Bunzo Bunny', 1, 17, NULL, NULL, NULL, NULL, NULL, '2025-10-15 09:53:10', '2025-10-15 09:53:10', NULL),
(144, 'lark-sync', 'Doey the Doughman', 1, 17, NULL, NULL, NULL, NULL, NULL, '2025-10-15 09:53:10', '2025-10-15 09:53:10', NULL),
(145, 'lark-sync', 'Miss Delight', 1, 17, NULL, NULL, NULL, NULL, NULL, '2025-10-15 09:53:10', '2025-10-15 09:53:10', NULL),
(146, 'lark-sync', 'Injured Huggy Wuggy stilt walker', 1, 17, NULL, NULL, NULL, NULL, NULL, '2025-10-15 09:53:10', '2025-10-15 09:53:10', NULL),
(147, 'lark-sync', 'Safari Costumes', 1, 17, NULL, NULL, NULL, NULL, NULL, '2025-10-15 09:53:10', '2025-10-15 09:53:10', NULL),
(148, 'lark-sync', 'Huntrix', 1, 17, NULL, NULL, NULL, NULL, NULL, '2025-10-15 09:53:10', '2025-10-15 09:53:10', NULL),
(149, 'lark-sync', 'Snoopy', 1, 17, NULL, NULL, NULL, NULL, NULL, '2025-10-15 09:53:10', '2025-10-15 09:53:10', NULL),
(150, 'lark-sync', 'Charlie', 1, 17, NULL, NULL, NULL, NULL, NULL, '2025-10-15 09:53:10', '2025-10-15 09:53:10', NULL),
(151, 'lark-sync', 'Kopi Boy Masot', 1, 17, NULL, NULL, NULL, NULL, NULL, '2025-10-15 09:53:10', '2025-10-15 09:53:10', NULL),
(152, 'lark-sync', 'Australia Dreamworld', 1, 17, NULL, NULL, NULL, NULL, NULL, '2025-10-15 09:53:10', '2025-10-15 09:53:10', NULL),
(153, 'lark-sync', 'Meowzart (Cat)', 1, 17, NULL, NULL, NULL, NULL, NULL, '2025-10-15 09:53:10', '2025-10-15 09:53:10', NULL),
(154, 'lark-sync', 'NUSH 20CM SAMPLE PLUSH', 1, 17, NULL, NULL, NULL, NULL, NULL, '2025-10-15 09:53:10', '2025-10-15 09:53:10', NULL),
(155, 'lark-sync', 'Pao Pao / Pop (Pig)', 1, 17, NULL, NULL, NULL, NULL, NULL, '2025-10-15 09:53:10', '2025-10-15 09:53:10', NULL),
(156, 'lark-sync', 'Xiao Xiao / Baby', 1, 17, NULL, NULL, NULL, NULL, NULL, '2025-10-15 09:53:10', '2025-10-15 09:53:10', NULL),
(157, 'lark-sync', 'ISKL Fiery', 1, 17, NULL, NULL, NULL, NULL, NULL, '2025-10-15 09:53:10', '2025-10-15 09:53:10', NULL),
(158, 'lark-sync', 'Spacetoon - Playtopia', 1, 17, NULL, NULL, NULL, NULL, NULL, '2025-10-15 09:53:10', '2025-10-15 09:53:10', NULL),
(159, 'lark-sync', 'Shanghai Horror', 1, 17, NULL, NULL, NULL, NULL, NULL, '2025-10-15 09:53:10', '2025-10-15 09:53:10', NULL),
(160, 'lark-sync', 'Ong Lai Giant Plush', 1, 17, NULL, NULL, NULL, NULL, NULL, '2025-10-15 09:53:10', '2025-10-15 09:53:10', NULL),
(161, 'lark-sync', 'White Kimono', 1, 17, NULL, NULL, NULL, NULL, NULL, '2025-10-15 09:53:10', '2025-10-15 09:53:10', NULL),
(162, 'lark-sync', 'RWS - Stale Stilts Guard', 1, 17, NULL, NULL, NULL, NULL, NULL, '2025-10-15 09:53:10', '2025-10-15 09:53:10', NULL),
(163, 'lark-sync', 'BB Ong Lai Mascot', 1, 17, NULL, NULL, NULL, NULL, NULL, '2025-10-15 09:53:10', '2025-10-15 09:53:10', NULL),
(164, 'lark-sync', 'Eldar Mascot', 1, 17, NULL, NULL, NULL, NULL, NULL, '2025-10-15 09:53:10', '2025-10-15 09:53:10', NULL),
(165, 'lark-sync', 'Johnnie Walker LED Tailcoat and Hat', 1, 17, NULL, NULL, NULL, NULL, NULL, '2025-10-15 09:53:10', '2025-10-15 09:53:10', NULL),
(166, 'lark-sync', 'Pucca Plush Toy keychain 10cm Sample', 1, 17, NULL, NULL, NULL, NULL, NULL, '2025-10-15 09:53:10', '2025-10-15 09:53:10', NULL),
(167, 'lark-sync', 'Penguin Mascot', 1, 17, NULL, NULL, NULL, NULL, NULL, '2025-10-15 09:53:10', '2025-10-15 09:53:10', NULL),
(168, 'lark-sync', 'NUSH GRADUATION PLUSH', 1, 17, NULL, NULL, NULL, NULL, NULL, '2025-10-15 09:53:10', '2025-10-15 09:53:10', NULL),
(169, 'lark-sync', 'Tiggi Mascot Sample', 1, 17, NULL, NULL, NULL, NULL, NULL, '2025-10-15 09:53:10', '2025-10-15 09:53:10', NULL),
(170, 'lark-sync', 'Mofusand Strawberry Mascot', 1, 17, NULL, NULL, NULL, NULL, NULL, '2025-10-15 09:53:10', '2025-10-15 09:53:10', NULL),
(171, 'lark-sync', 'Predator Badlands Mask', 1, 17, NULL, NULL, NULL, NULL, NULL, '2025-10-15 09:53:10', '2025-10-15 09:53:10', NULL),
(172, 'lark-sync', 'Oga Mascot', 1, 17, NULL, NULL, NULL, NULL, NULL, '2025-10-15 09:53:10', '2025-10-15 09:53:10', NULL),
(173, 'lark-sync', 'Red Ranger', 1, 17, NULL, NULL, NULL, NULL, NULL, '2025-10-15 09:53:10', '2025-10-15 09:53:10', NULL),
(174, 'lark-sync', 'Blue Ranger', 1, 17, NULL, NULL, NULL, NULL, NULL, '2025-10-15 09:53:10', '2025-10-15 09:53:10', NULL),
(175, 'lark-sync', 'Yellow Ranger', 1, 17, NULL, NULL, NULL, NULL, NULL, '2025-10-15 09:53:10', '2025-10-15 09:53:10', NULL),
(176, 'lark-sync', 'Pink Ranger', 1, 17, NULL, NULL, NULL, NULL, NULL, '2025-10-15 09:53:10', '2025-10-15 09:53:10', NULL),
(177, 'lark-sync', 'Black Ranger', 1, 17, NULL, NULL, NULL, NULL, NULL, '2025-10-15 09:53:10', '2025-10-15 09:53:10', NULL),
(178, 'lark-sync', 'Rudy (Rabbit)', 1, 17, NULL, NULL, NULL, NULL, NULL, '2025-10-15 09:53:10', '2025-10-15 09:53:10', NULL),
(179, 'lark-sync', 'Tucker (Otter)', 1, 17, NULL, NULL, NULL, NULL, NULL, '2025-10-15 09:53:10', '2025-10-15 09:53:10', NULL),
(180, 'lark-sync', 'Sally (Toucan)', 1, 17, NULL, NULL, NULL, NULL, NULL, '2025-10-15 09:53:10', '2025-10-15 09:53:10', NULL),
(181, 'lark-sync', 'Coca Cola Polar Bear', 1, 17, NULL, NULL, NULL, NULL, NULL, '2025-10-15 09:53:10', '2025-10-15 09:53:10', NULL),
(182, 'lark-sync', 'Avatar Neytiri', 1, 17, NULL, NULL, NULL, NULL, NULL, '2025-10-15 09:53:10', '2025-10-15 09:53:10', NULL),
(183, 'lark-sync', 'Jack', 1, 17, NULL, NULL, NULL, NULL, NULL, '2025-10-15 09:53:10', '2025-10-15 09:53:10', NULL),
(184, 'lark-sync', 'Emily', 1, 17, NULL, NULL, NULL, NULL, NULL, '2025-10-15 09:53:10', '2025-10-15 09:53:10', NULL),
(185, 'lark-sync', 'Avatar Jake', 1, 17, NULL, NULL, NULL, NULL, NULL, '2025-10-15 09:53:10', '2025-10-15 09:53:10', NULL),
(186, 'lark-sync', 'Papa Zola', 1, 17, NULL, NULL, NULL, NULL, NULL, '2025-10-15 09:53:10', '2025-10-15 09:53:10', NULL),
(187, 'lark-sync', 'Pipi', 1, 17, NULL, NULL, NULL, NULL, NULL, '2025-10-15 09:53:10', '2025-10-15 09:53:10', NULL),
(188, 'lark-sync', 'Along', 1, 17, NULL, NULL, NULL, NULL, NULL, '2025-10-15 09:53:10', '2025-10-15 09:53:10', NULL),
(189, 'lark-sync', 'Angah', 1, 17, NULL, NULL, NULL, NULL, NULL, '2025-10-15 09:53:10', '2025-10-15 09:53:10', NULL),
(190, 'lark-sync', 'Achik', 1, 17, NULL, NULL, NULL, NULL, NULL, '2025-10-15 09:53:10', '2025-10-15 09:53:10', NULL),
(191, 'lark-sync', 'Stitch Animatronic Sample', 1, 17, NULL, NULL, NULL, NULL, NULL, '2025-10-15 09:53:10', '2025-10-15 09:53:10', NULL),
(192, 'lark-sync', 'Emerald Citizens Female 1', 1, 17, NULL, NULL, NULL, NULL, NULL, '2025-10-15 09:53:10', '2025-10-15 09:53:10', NULL),
(193, 'lark-sync', 'Emerald Citizens Female 1 Skirt', 1, 17, NULL, NULL, NULL, NULL, NULL, '2025-10-15 09:53:10', '2025-10-15 09:53:10', NULL),
(194, 'lark-sync', 'Emerald Citizens Female 1 Blouse', 1, 17, NULL, NULL, NULL, NULL, NULL, '2025-10-15 09:53:10', '2025-10-15 09:53:10', NULL),
(195, 'lark-sync', 'Emerald Citizens Female 1 Robe', 1, 17, NULL, NULL, NULL, NULL, NULL, '2025-10-15 09:53:10', '2025-10-15 09:53:10', NULL),
(196, 'lark-sync', 'Peanuts', 1, 17, NULL, NULL, NULL, NULL, NULL, '2025-10-15 09:53:10', '2025-10-15 09:53:10', NULL),
(197, 'lark-sync', 'Butter', 1, 17, NULL, NULL, NULL, NULL, NULL, '2025-10-15 09:53:10', '2025-10-15 09:53:10', NULL),
(198, 'lark-sync', 'Kai', 1, 17, NULL, NULL, NULL, NULL, NULL, '2025-10-15 09:53:10', '2025-10-15 09:53:10', NULL),
(199, 'lark-sync', 'Pillman Mascot', 1, 17, NULL, NULL, NULL, NULL, NULL, '2025-10-15 09:53:10', '2025-10-15 09:53:10', NULL),
(200, 'lark-sync', 'Peppa Pig Mascot', 1, 17, NULL, NULL, NULL, NULL, NULL, '2025-10-15 09:53:10', '2025-10-15 09:53:10', NULL),
(201, 'lark-sync', 'Mr Merlion Animatronic 1 set 1,5 METER', 1, 17, NULL, NULL, NULL, NULL, NULL, '2025-10-15 09:53:10', '2025-10-15 09:53:10', NULL),
(202, 'lark-sync', 'Teddy Bear Plushie', 1, 17, NULL, NULL, NULL, NULL, NULL, '2025-10-15 09:53:10', '2025-10-15 09:53:10', NULL),
(203, 'lark-sync', 'Nan Hua Bear Plushie 20-25cm (repeat order)', 1, 17, NULL, NULL, NULL, NULL, NULL, '2025-10-15 09:53:10', '2025-10-15 09:53:10', NULL),
(204, 'lark-sync', 'NOT Mascot', 1, 17, NULL, NULL, NULL, NULL, NULL, '2025-10-15 09:53:10', '2025-10-15 09:53:10', NULL),
(205, 'lark-sync', 'NOT Mascot Fibreglass Statue', 1, 17, NULL, NULL, NULL, NULL, NULL, '2025-10-15 09:53:10', '2025-10-15 09:53:10', NULL),
(206, 'lark-sync', 'NOT Mascot LED Face', 1, 17, NULL, NULL, NULL, NULL, NULL, '2025-10-15 09:53:10', '2025-10-15 09:53:10', NULL),
(207, 'lark-sync', 'SPF Uniform', 1, 17, NULL, NULL, NULL, NULL, NULL, '2025-10-15 09:53:10', '2025-10-15 09:53:10', NULL),
(208, 'lark-sync', 'otter plush blue shirt', 1, 17, NULL, NULL, NULL, NULL, NULL, '2025-10-15 09:53:10', '2025-10-15 09:53:10', NULL),
(209, 'lark-sync', 'Bao Zai Christmas Hat', 1, 17, NULL, NULL, NULL, NULL, NULL, '2025-10-15 09:53:10', '2025-10-15 09:53:10', NULL),
(210, 'lark-sync', 'Kakee Mini Mascot Head', 1, 17, NULL, NULL, NULL, NULL, NULL, '2025-10-15 09:53:10', '2025-10-15 09:53:10', NULL),
(211, 'lark-sync', 'SPF Mascot', 1, 17, NULL, NULL, NULL, NULL, NULL, '2025-10-15 09:53:10', '2025-10-15 09:53:10', NULL),
(212, 'lark-sync', 'FLOAT PUSHER/ROLLINGMARQUEE', 1, 17, NULL, NULL, NULL, NULL, NULL, '2025-10-15 09:53:10', '2025-10-15 09:53:10', NULL),
(213, 'lark-sync', 'Coco (Turtle)', 1, 17, NULL, NULL, NULL, NULL, NULL, '2025-10-15 09:53:10', '2025-10-15 09:53:10', NULL),
(214, 'lark-sync', 'Becky Bunny Little Brother', 1, 17, NULL, NULL, NULL, NULL, NULL, '2025-10-15 09:53:10', '2025-10-15 09:53:10', NULL),
(215, 'lark-sync', 'Becky Bunny Big Brother', 1, 17, NULL, NULL, NULL, NULL, NULL, '2025-10-15 09:53:10', '2025-10-15 09:53:10', NULL),
(216, 'lark-sync', 'Becky Bunny Mom', 1, 17, NULL, NULL, NULL, NULL, NULL, '2025-10-15 09:53:10', '2025-10-15 09:53:10', NULL),
(217, 'lark-sync', 'Becky Bunny Dad', 1, 17, NULL, NULL, NULL, NULL, NULL, '2025-10-15 09:53:10', '2025-10-15 09:53:10', NULL),
(218, 'lark-sync', 'Becky Bunny Grandmother', 1, 17, NULL, NULL, NULL, NULL, NULL, '2025-10-15 09:53:10', '2025-10-15 09:53:10', NULL),
(219, 'lark-sync', 'Becky Bunny Grandfather', 1, 17, NULL, NULL, NULL, NULL, NULL, '2025-10-15 09:53:10', '2025-10-15 09:53:10', NULL),
(220, 'lark-sync', 'Festival Drum Top', 1, 17, NULL, NULL, NULL, NULL, NULL, '2025-10-15 09:53:10', '2025-10-15 09:53:10', NULL),
(221, 'lark-sync', 'Festival Drum Pants', 1, 17, NULL, NULL, NULL, NULL, NULL, '2025-10-15 09:53:10', '2025-10-15 09:53:10', NULL),
(222, 'lark-sync', 'Festival Drum Armband', 1, 17, NULL, NULL, NULL, NULL, NULL, '2025-10-15 09:53:10', '2025-10-15 09:53:10', NULL),
(223, 'lark-sync', 'Festival Drum Headband', 1, 17, NULL, NULL, NULL, NULL, NULL, '2025-10-15 09:53:10', '2025-10-15 09:53:10', NULL),
(224, 'lark-sync', 'Female Blazer', 1, 17, NULL, NULL, NULL, NULL, NULL, '2025-10-15 09:53:10', '2025-10-15 09:53:10', NULL),
(225, 'lark-sync', 'Male Blazer', 1, 17, NULL, NULL, NULL, NULL, NULL, '2025-10-15 09:53:10', '2025-10-15 09:53:10', NULL),
(226, 'lark-sync', 'AIA Tapir', 1, 17, NULL, NULL, NULL, NULL, NULL, '2025-10-15 09:53:10', '2025-10-15 09:53:10', NULL),
(227, 'lark-sync', 'Meena Mascot', 1, 17, NULL, NULL, NULL, NULL, NULL, '2025-10-15 09:53:10', '2025-10-15 09:53:10', NULL),
(228, 'lark-sync', 'Kai Mascot', 1, 17, NULL, NULL, NULL, NULL, NULL, '2025-10-15 09:53:10', '2025-10-15 09:53:10', NULL),
(229, 'lark-sync', 'Eden Mascot', 1, 17, NULL, NULL, NULL, NULL, NULL, '2025-10-15 09:53:10', '2025-10-15 09:53:10', NULL),
(230, 'lark-sync', 'Nurul Mascot', 1, 17, NULL, NULL, NULL, NULL, NULL, '2025-10-15 09:53:10', '2025-10-15 09:53:10', NULL),
(231, 'lark-sync', 'Angklung SYF Costume', 1, 17, NULL, NULL, NULL, NULL, NULL, '2025-10-15 09:53:10', '2025-10-15 09:53:10', NULL),
(232, 'lark-sync', 'Handbell SYF Costume', 1, 17, NULL, NULL, NULL, NULL, NULL, '2025-10-15 09:53:10', '2025-10-15 09:53:10', NULL),
(233, 'lark-sync', 'Pepperoni Pizza Plushie 20cm', 1, 17, NULL, NULL, NULL, NULL, NULL, '2025-10-15 09:53:11', '2025-10-15 09:53:11', NULL),
(234, 'lark-sync', 'Dinosaur Plushie', 1, 17, NULL, NULL, NULL, NULL, NULL, '2025-10-15 09:53:11', '2025-10-15 09:53:11', NULL),
(235, 'lark-sync', 'Motion - Iamzenith', 1, 17, NULL, NULL, NULL, NULL, NULL, '2025-10-15 09:53:11', '2025-10-15 09:53:11', NULL),
(236, 'lark-sync', 'Kleig', 1, 17, NULL, NULL, NULL, NULL, NULL, '2025-10-15 09:53:11', '2025-10-15 09:53:11', NULL),
(237, 'lark-sync', 'Ora Mascot', 1, 17, NULL, NULL, NULL, NULL, NULL, '2025-10-15 09:53:11', '2025-10-15 09:53:11', NULL),
(238, 'lark-sync', 'Tancho mascot', 1, 17, NULL, NULL, NULL, NULL, NULL, '2025-10-15 09:53:11', '2025-10-15 09:53:11', NULL),
(239, 'lark-sync', 'Shan Mascot', 1, 17, NULL, NULL, NULL, NULL, NULL, '2025-10-15 09:53:11', '2025-10-15 09:53:11', NULL),
(240, 'lark-sync', 'Gaja Mascot', 1, 17, NULL, NULL, NULL, NULL, NULL, '2025-10-15 09:53:11', '2025-10-15 09:53:11', NULL),
(241, 'lark-sync', 'Ponya Mascot', 1, 17, NULL, NULL, NULL, NULL, NULL, '2025-10-15 09:53:11', '2025-10-15 09:53:11', NULL),
(242, 'lark-sync', 'Butter Baby 30cm Plush', 1, 17, NULL, NULL, NULL, NULL, NULL, '2025-10-15 09:53:11', '2025-10-15 09:53:11', NULL),
(243, 'lark-sync', 'Pharoah Costume + Embroidery', 1, 17, NULL, NULL, NULL, NULL, NULL, '2025-10-15 09:53:11', '2025-10-15 09:53:11', NULL),
(244, 'lark-sync', 'Pharoah Costume Foam Props', 1, 17, NULL, NULL, NULL, NULL, NULL, '2025-10-15 09:53:11', '2025-10-15 09:53:11', NULL),
(245, 'lark-sync', 'Pharoah Costume 3D-print Props', 1, 17, NULL, NULL, NULL, NULL, NULL, '2025-10-15 09:53:11', '2025-10-15 09:53:11', NULL),
(246, 'lark-sync', 'Pharoah Costume - Assembly', 1, 17, NULL, NULL, NULL, NULL, NULL, '2025-10-15 09:53:11', '2025-10-15 09:53:11', NULL),
(247, 'lark-sync', 'Festival Drum Costume Set', 1, 17, NULL, NULL, NULL, NULL, NULL, '2025-10-15 09:53:11', '2025-10-15 09:53:11', NULL),
(248, 'lark-sync', 'WALK ON FAME DANCER', 1, 17, NULL, NULL, NULL, NULL, NULL, '2025-10-15 09:53:11', '2025-10-15 09:53:11', NULL),
(249, 'lark-sync', 'STAR SPORTLIGHT', 1, 17, NULL, NULL, NULL, NULL, NULL, '2025-10-15 09:53:11', '2025-10-15 09:53:11', NULL),
(250, 'lark-sync', 'STARLIT DANCER', 1, 17, NULL, NULL, NULL, NULL, NULL, '2025-10-15 09:53:11', '2025-10-15 09:53:11', NULL),
(251, 'lark-sync', 'FAIRY GODMOTHER', 1, 17, NULL, NULL, NULL, NULL, NULL, '2025-10-15 09:53:11', '2025-10-15 09:53:11', NULL),
(252, 'lark-sync', 'UNDEAD MUMMY', 1, 17, NULL, NULL, NULL, NULL, NULL, '2025-10-15 09:53:11', '2025-10-15 09:53:11', NULL),
(253, 'logitech', 'TEST PTYOOOO', 2, 14, NULL, NULL, NULL, NULL, NULL, '2025-10-16 09:56:53', '2025-10-16 09:56:53', NULL),
(254, 'tari', 'test role12345r', 2, 4, NULL, NULL, NULL, NULL, NULL, '2025-10-17 04:23:20', '2025-10-17 04:23:20', NULL);

-- --------------------------------------------------------

--
-- Table structure for table `project_costings`
--

CREATE TABLE `project_costings` (
  `id` bigint UNSIGNED NOT NULL,
  `project_id` bigint UNSIGNED NOT NULL,
  `grand_total` decimal(20,2) NOT NULL DEFAULT '0.00',
  `created_at` timestamp NULL DEFAULT NULL,
  `updated_at` timestamp NULL DEFAULT NULL
) ENGINE=InnoDB DEFAULT CHARSET=utf8mb4 COLLATE=utf8mb4_unicode_ci;

-- --------------------------------------------------------

--
-- Table structure for table `project_parts`
--

CREATE TABLE `project_parts` (
  `id` bigint UNSIGNED NOT NULL,
  `project_id` bigint UNSIGNED NOT NULL,
  `part_name` varchar(255) CHARACTER SET utf8mb4 COLLATE utf8mb4_unicode_ci NOT NULL,
  `created_at` timestamp NULL DEFAULT NULL,
  `updated_at` timestamp NULL DEFAULT NULL
) ENGINE=InnoDB DEFAULT CHARSET=utf8mb4 COLLATE=utf8mb4_unicode_ci;

--
-- Dumping data for table `project_parts`
--

INSERT INTO `project_parts` (`id`, `project_id`, `part_name`, `created_at`, `updated_at`) VALUES
(5, 64, 'Ban', '2025-07-11 09:06:01', '2025-07-11 09:06:01'),
(6, 64, 'Kap', '2025-07-11 09:06:01', '2025-07-11 09:06:01'),
(7, 64, 'Lampu', '2025-07-11 09:06:01', '2025-07-11 09:06:01'),
(8, 64, 'CVT', '2025-07-11 09:06:01', '2025-07-11 09:06:01'),
(9, 66, 'vasc', '2025-07-17 01:23:08', '2025-07-17 01:23:08'),
(10, 66, 'sdcvw', '2025-07-17 01:23:08', '2025-07-17 01:23:08');

-- --------------------------------------------------------

--
-- Table structure for table `project_statuses`
--

CREATE TABLE `project_statuses` (
  `id` bigint UNSIGNED NOT NULL,
  `name` varchar(255) CHARACTER SET utf8mb4 COLLATE utf8mb4_unicode_ci NOT NULL,
  `created_at` timestamp NULL DEFAULT NULL,
  `updated_at` timestamp NULL DEFAULT NULL
) ENGINE=InnoDB DEFAULT CHARSET=utf8mb4 COLLATE=utf8mb4_unicode_ci;

--
-- Dumping data for table `project_statuses`
--

INSERT INTO `project_statuses` (`id`, `name`, `created_at`, `updated_at`) VALUES
(1, 'Archive', NULL, NULL),
(2, 'On Progress', NULL, NULL),
(3, 'test', '2025-09-18 07:47:20', '2025-09-18 07:47:20');

-- --------------------------------------------------------

--
-- Table structure for table `purchase_requests`
--

CREATE TABLE `purchase_requests` (
  `id` bigint UNSIGNED NOT NULL,
  `type` enum('new_material','restock') CHARACTER SET utf8mb4 COLLATE utf8mb4_unicode_ci NOT NULL,
  `material_name` varchar(255) CHARACTER SET utf8mb4 COLLATE utf8mb4_unicode_ci NOT NULL,
  `inventory_id` bigint UNSIGNED DEFAULT NULL,
  `required_quantity` decimal(12,2) NOT NULL,
  `unit` varchar(255) CHARACTER SET utf8mb4 COLLATE utf8mb4_unicode_ci NOT NULL,
  `stock_level` decimal(12,2) DEFAULT NULL,
  `project_id` bigint UNSIGNED DEFAULT NULL,
  `supplier_id` bigint UNSIGNED DEFAULT NULL,
  `price_per_unit` decimal(15,2) DEFAULT NULL,
  `currency_id` bigint UNSIGNED DEFAULT NULL,
  `approval_status` enum('Pending','Approved','Decline') CHARACTER SET utf8mb4 COLLATE utf8mb4_unicode_ci DEFAULT 'Pending',
  `delivery_date` date DEFAULT NULL,
  `img` varchar(255) CHARACTER SET utf8mb4 COLLATE utf8mb4_unicode_ci DEFAULT NULL,
  `requested_by` bigint UNSIGNED NOT NULL,
  `created_at` timestamp NULL DEFAULT NULL,
  `updated_at` timestamp NULL DEFAULT NULL
) ENGINE=InnoDB DEFAULT CHARSET=utf8mb4 COLLATE=utf8mb4_unicode_ci;

--
-- Dumping data for table `purchase_requests`
--

INSERT INTO `purchase_requests` (`id`, `type`, `material_name`, `inventory_id`, `required_quantity`, `unit`, `stock_level`, `project_id`, `supplier_id`, `price_per_unit`, `currency_id`, `approval_status`, `delivery_date`, `img`, `requested_by`, `created_at`, `updated_at`) VALUES
(1, 'restock', 'abata', 192, 2.00, 'cm', 40.00, 73, 5, 45.00, 56, 'Approved', '2025-10-04', NULL, 1, '2025-09-03 07:28:11', '2025-10-03 07:55:19'),
(2, 'restock', 'ascasc', 84, 4.00, 'dm', 22.00, 70, 15, 11.00, 35, 'Decline', '2025-10-08', NULL, 1, '2025-09-04 07:52:39', '2025-10-03 07:55:26'),
(3, 'new_material', 'test req', NULL, 2.00, 'dcm', 0.00, 74, 7, 43.00, 58, 'Approved', '2025-10-02', NULL, 1, '2025-09-04 08:20:09', '2025-10-03 07:56:04'),
(4, 'new_material', 'test kabelk', NULL, 2.00, 'gl', 0.00, 25, 16, 13.00, 39, 'Approved', '2025-10-01', NULL, 1, '2025-09-04 08:34:57', '2025-10-03 07:56:06'),
(5, 'restock', 'abata', 192, 2.00, 'cm', 40.00, 25, 29, 12.00, 2, 'Approved', '2025-10-11', NULL, 1, '2025-09-04 08:37:43', '2025-10-06 04:32:19'),
(6, 'new_material', 'penggaris', NULL, 13.00, 'pcs', 0.00, 25, 16, 1233.00, 47, 'Approved', '2025-10-08', NULL, 1, '2025-09-13 03:32:11', '2025-10-06 03:42:21'),
(7, 'new_material', 'test proc', NULL, 12.00, '16', 0.00, 25, 21, 12.00, 47, 'Approved', '2025-10-08', NULL, 1, '2025-09-15 08:00:24', '2025-10-03 07:56:10'),
(10, 'new_material', 'abataa', NULL, 22.00, 'ascas', 1.00, NULL, 10, 344.00, 2, 'Approved', '2025-10-08', 'external_requests/2g74MVywrrRnSMBA3c08xnhLUCD0TfEEFTrGmtB2.png', 1, '2025-09-24 01:30:20', '2025-10-03 07:56:12'),
(11, 'new_material', 'qeqw', NULL, 1.00, '16', 0.00, 70, 16, 56.00, 40, 'Approved', '2025-10-08', 'external_requests/PWqD6NNYwaO49UUfnpIW4tIqQcWg0imBO4ax5ejx.jpg', 1, '2025-09-24 03:25:10', '2025-10-06 03:36:14'),
(12, 'new_material', 'akauypo', NULL, 12.00, 'cm', NULL, NULL, 3, 23.00, 28, 'Approved', '2025-10-08', 'external_requests/Kf3XcY6srQYGFg7amyt8EJOJyPecFv3bL8ub9qbs.jpg', 1, '2025-09-24 04:45:51', '2025-10-03 08:01:11'),
(13, 'restock', 'abata', 192, 4.30, 'cm', 40.00, NULL, 19, 144.00, 2, 'Approved', '2025-10-09', NULL, 1, '2025-09-24 07:40:28', '2025-10-03 07:56:17'),
(14, 'restock', 'aderai', 215, 7.00, 'cm', 15.10, NULL, 21, 999.00, 42, 'Approved', '2025-10-08', NULL, 1, '2025-09-26 04:16:35', '2025-10-03 07:56:19'),
(15, 'new_material', 'testmatreq', NULL, 12.00, 'cm', 0.00, 43, 7, 23.00, 35, 'Approved', '2025-10-02', 'purchase_requests/PGgfgccEmTJQwBA9txfVqnewCMnSTAWAU7s6epR3.jpg', 1, '2025-10-02 02:04:12', '2025-10-04 02:23:53'),
(16, 'restock', 'aderai', 215, 28.00, 'cm', 14.10, 43, 3, 1.00, 56, 'Approved', '2025-10-11', 'purchase_requests/uEp500rkzjsmY57lR2u6chSXcsRt3HydU2xSbI7x.png', 1, '2025-10-02 02:04:12', '2025-10-03 08:59:04'),
(17, 'new_material', 'Jamu', NULL, 45.00, 'dm', 0.00, 16, 3, 5.00, 45, 'Approved', '2025-12-12', NULL, 1, '2025-10-02 02:04:12', '2025-10-07 04:28:13'),
(18, 'restock', 'cfcf2', 124, 45.00, 'm', 47.00, NULL, 3, 7.00, 42, 'Approved', '2025-12-12', NULL, 1, '2025-10-02 02:04:12', '2025-10-07 04:28:18'),
(19, 'new_material', 'abcd', NULL, 12.00, 'cm', 0.00, 25, 19, 12000.00, 2, NULL, '2025-10-11', 'purchase_requests/XNoZc1ojZy4QeiGGqRszTv2XnnQHVKKF6VykRR1a.jpg', 1, '2025-10-07 06:23:09', '2025-10-07 07:03:03'),
(20, 'restock', 'abata', 192, 34.00, 'cm', 38.00, 25, 21, 9999.00, 43, 'Approved', NULL, 'purchase_requests/SWmOpfy03EHCxFOPZvPxE1yM0RQIm5LgUYT7Fc7q.jpg', 1, '2025-10-07 07:11:24', '2025-10-07 07:12:48'),
(21, 'new_material', 'test matttteeriaal', NULL, 21.00, 'Gulung', NULL, 43, NULL, NULL, NULL, 'Pending', NULL, NULL, 1, '2025-10-15 09:49:45', '2025-10-15 09:49:45'),
(22, 'new_material', 'test mat445570', NULL, 2.00, '16', 0.00, NULL, NULL, NULL, NULL, 'Pending', NULL, NULL, 1, '2025-10-20 04:30:24', '2025-10-20 04:30:24');

-- --------------------------------------------------------

--
-- Table structure for table `shippings`
--

CREATE TABLE `shippings` (
  `id` bigint UNSIGNED NOT NULL,
  `international_waybill_no` varchar(255) CHARACTER SET utf8mb4 COLLATE utf8mb4_unicode_ci DEFAULT NULL,
  `freight_company` varchar(255) CHARACTER SET utf8mb4 COLLATE utf8mb4_unicode_ci DEFAULT NULL,
  `freight_price` decimal(15,2) DEFAULT NULL,
  `eta_to_arrived` datetime DEFAULT NULL,
  `created_at` timestamp NULL DEFAULT NULL,
  `updated_at` timestamp NULL DEFAULT NULL,
  `shipment_status` varchar(255) CHARACTER SET utf8mb4 COLLATE utf8mb4_unicode_ci NOT NULL DEFAULT 'On Process',
  `remarks` varchar(255) CHARACTER SET utf8mb4 COLLATE utf8mb4_unicode_ci DEFAULT NULL
) ENGINE=InnoDB DEFAULT CHARSET=utf8mb4 COLLATE=utf8mb4_unicode_ci;

--
-- Dumping data for table `shippings`
--

INSERT INTO `shippings` (`id`, `international_waybill_no`, `freight_company`, `freight_price`, `eta_to_arrived`, `created_at`, `updated_at`, `shipment_status`, `remarks`) VALUES
(1, '88552200', 'Maersk', 500.00, '2025-10-11 15:52:00', '2025-09-19 08:52:35', '2025-09-19 08:52:35', 'On Process', NULL);

-- --------------------------------------------------------

--
-- Table structure for table `shipping_details`
--

CREATE TABLE `shipping_details` (
  `id` bigint UNSIGNED NOT NULL,
  `shipping_id` bigint UNSIGNED NOT NULL,
  `pre_shipping_id` bigint UNSIGNED NOT NULL,
  `percentage` decimal(5,2) DEFAULT NULL,
  `int_cost` decimal(15,2) DEFAULT NULL,
  `created_at` timestamp NULL DEFAULT NULL,
  `updated_at` timestamp NULL DEFAULT NULL
) ENGINE=InnoDB DEFAULT CHARSET=utf8mb4 COLLATE=utf8mb4_unicode_ci;

--
-- Dumping data for table `shipping_details`
--

INSERT INTO `shipping_details` (`id`, `shipping_id`, `pre_shipping_id`, `percentage`, `int_cost`, `created_at`, `updated_at`) VALUES
(1, 1, 3, 50.00, 250.00, '2025-09-19 08:52:35', '2025-09-19 08:52:35'),
(2, 1, 4, 50.00, 250.00, '2025-09-19 08:52:35', '2025-09-19 08:52:35');

-- --------------------------------------------------------

--
-- Table structure for table `suppliers`
--

CREATE TABLE `suppliers` (
  `id` bigint UNSIGNED NOT NULL,
  `name` varchar(255) CHARACTER SET utf8mb4 COLLATE utf8mb4_unicode_ci NOT NULL,
  `created_at` timestamp NULL DEFAULT NULL,
  `updated_at` timestamp NULL DEFAULT NULL
) ENGINE=InnoDB DEFAULT CHARSET=utf8mb4 COLLATE=utf8mb4_unicode_ci;

--
-- Dumping data for table `suppliers`
--

INSERT INTO `suppliers` (`id`, `name`, `created_at`, `updated_at`) VALUES
(1, 'kunmu', NULL, NULL),
(2, 'chengdu', NULL, NULL),
(3, 'Dunia Benang', NULL, NULL),
(4, 'lv', NULL, NULL),
(5, 'indo', NULL, NULL),
(6, 'MalayCable', NULL, NULL),
(7, 'dong chi', NULL, NULL),
(8, 'dunia', NULL, NULL),
(9, 'ssd', NULL, NULL),
(10, 'Dunia Jarum', NULL, NULL),
(11, 'Wei Li Ye  - CCM', NULL, NULL),
(12, 'Hong Ye  ', NULL, NULL),
(13, 'Yuan Hua  - CCM', NULL, NULL),
(14, 'Li Tai Long  x CCM', NULL, NULL),
(15, 'Kun Mu   - CCM', NULL, NULL),
(16, 'An Tai  Antai Anruda X CCM ', NULL, NULL),
(17, 'sss', NULL, NULL),
(18, 'Indomaret', NULL, NULL),
(19, 'HNS', NULL, NULL),
(20, 'erfvedr', NULL, NULL),
(21, '12asd', NULL, NULL),
(22, 'IndoPT', NULL, NULL),
(23, 'Yamaha', NULL, NULL),
(24, 'as', NULL, NULL),
(25, 'Toko Cat', NULL, NULL),
(26, 'Admin', NULL, NULL),
(27, 'Laura', NULL, NULL),
(28, 'Logitech', NULL, NULL),
(29, 'alfamide', '2025-07-25 02:44:57', '2025-07-25 02:44:57'),
(30, 'lion', '2025-07-25 02:50:43', '2025-07-25 02:50:43');

-- --------------------------------------------------------

--
-- Table structure for table `timings`
--

CREATE TABLE `timings` (
  `id` bigint UNSIGNED NOT NULL,
  `tanggal` date NOT NULL,
  `project_id` bigint UNSIGNED NOT NULL,
  `step` varchar(255) CHARACTER SET utf8mb4 COLLATE utf8mb4_unicode_ci NOT NULL,
  `parts` varchar(255) CHARACTER SET utf8mb4 COLLATE utf8mb4_unicode_ci DEFAULT NULL,
  `employee_id` bigint UNSIGNED NOT NULL,
  `start_time` time NOT NULL,
  `end_time` time NOT NULL,
  `output_qty` int NOT NULL,
  `status` enum('complete','on progress','pending') CHARACTER SET utf8mb4 COLLATE utf8mb4_unicode_ci NOT NULL,
  `remarks` varchar(255) CHARACTER SET utf8mb4 COLLATE utf8mb4_unicode_ci DEFAULT NULL,
  `created_at` timestamp NULL DEFAULT NULL,
  `updated_at` timestamp NULL DEFAULT NULL
) ENGINE=InnoDB DEFAULT CHARSET=utf8mb4 COLLATE=utf8mb4_unicode_ci;

--
-- Dumping data for table `timings`
--

INSERT INTO `timings` (`id`, `tanggal`, `project_id`, `step`, `parts`, `employee_id`, `start_time`, `end_time`, `output_qty`, `status`, `remarks`, `created_at`, `updated_at`) VALUES
(1, '2025-07-12', 15, 'sdcas', 'No Part', 1, '15:12:00', '17:12:00', 1, 'pending', NULL, '2025-07-11 08:13:12', '2025-07-11 08:13:12'),
(2, '2025-07-12', 64, 'ascsd', 'No Part', 1, '15:12:00', '17:12:00', 1, 'pending', 'casx', '2025-07-11 08:13:12', '2025-07-11 08:13:12'),
(3, '2025-07-13', 64, 'x as', 'No Part', 1, '15:12:00', '17:12:00', 1, 'pending', NULL, '2025-07-11 08:13:12', '2025-07-11 08:13:12'),
(4, '2025-07-11', 14, 'sdcsd', 'No Part', 1, '15:19:00', '18:18:00', 1, 'complete', NULL, '2025-07-11 08:18:11', '2025-07-11 08:18:11'),
(5, '2025-07-12', 16, '1', 'No Part', 1, '15:18:00', '18:18:00', 1, 'complete', NULL, '2025-07-11 08:18:52', '2025-07-11 08:18:52'),
(6, '2025-07-12', 64, 'scdvsd', 'Ban', 1, '15:18:00', '18:18:00', 1, 'pending', NULL, '2025-07-11 08:18:52', '2025-07-11 08:18:52'),
(7, '2025-07-12', 16, 'scsa', 'No Part', 1, '15:18:00', '18:18:00', 1, 'pending', NULL, '2025-07-11 08:18:52', '2025-07-11 08:18:52'),
(8, '2025-07-11', 15, 'sdcas', 'No Part', 1, '15:21:00', '17:21:00', 1, 'on progress', NULL, '2025-07-11 08:22:07', '2025-07-11 08:22:07'),
(9, '2025-07-11', 64, 'ascsd', 'Lampu', 1, '15:21:00', '17:21:00', 1, 'pending', NULL, '2025-07-11 08:22:07', '2025-07-11 08:22:07'),
(10, '2025-07-11', 14, 'sxcsxd', 'No Part', 1, '16:06:00', '20:03:00', 1, 'on progress', NULL, '2025-07-11 09:04:03', '2025-07-11 09:04:03'),
(11, '2025-07-11', 64, 'sx s', 'Ban', 1, '18:03:00', '20:03:00', 1, 'complete', NULL, '2025-07-11 09:04:03', '2025-07-11 09:04:03'),
(12, '2025-07-18', 14, 'as', 'No Part', 5, '15:01:00', '15:01:00', 1, 'on progress', NULL, '2025-07-15 06:02:39', '2025-07-15 06:02:39'),
(13, '2025-07-16', 64, 'asxcas', 'Kap', 2, '01:01:00', '01:01:00', 1, 'on progress', NULL, '2025-07-15 06:02:39', '2025-07-15 06:02:39'),
(14, '2025-07-16', 64, 'asxas', 'Kap', 5, '01:01:00', '01:01:00', 1, 'pending', NULL, '2025-07-15 06:02:39', '2025-07-15 06:02:39'),
(15, '2025-07-17', 65, 'goreng', 'No Part', 5, '04:35:00', '05:35:00', 1, 'on progress', 'swxc', '2025-07-16 08:40:07', '2025-07-16 08:40:07'),
(16, '2025-07-16', 65, 'Bakar', 'No Part', 5, '15:40:00', '04:40:00', 1, 'complete', NULL, '2025-07-16 08:40:35', '2025-07-16 08:40:35'),
(17, '2025-07-05', 14, 'asa', 'No Part', 1, '11:17:00', '17:17:00', 1, 'on progress', '1', '2025-07-19 04:17:40', '2025-07-19 04:17:40'),
(18, '2025-07-20', 14, '1', 'No Part', 1, '11:18:00', '10:18:00', 1, 'on progress', '1', '2025-07-19 04:18:35', '2025-07-19 04:18:35'),
(19, '2025-07-20', 72, '1', 'No Part', 5, '11:19:00', '10:19:00', 1, 'on progress', 'www', '2025-07-19 04:19:33', '2025-07-19 04:19:33'),
(20, '2025-07-24', 14, 'jahit', 'No Part', 1, '09:22:00', '10:22:00', 0, 'pending', NULL, '2025-07-23 02:23:02', '2025-07-23 02:23:02'),
(21, '2025-07-23', 14, 'cutting', 'No Part', 2, '09:23:00', '10:23:00', -1, 'on progress', NULL, '2025-07-23 02:24:13', '2025-07-23 02:24:13'),
(22, '2025-07-24', 14, 'asa', 'No Part', 1, '14:13:00', '22:13:00', 1, 'on progress', NULL, '2025-07-23 07:13:28', '2025-07-23 07:13:28'),
(23, '2025-07-24', 15, 'obras', 'No Part', 2, '14:25:00', '14:26:00', 2, 'pending', NULL, '2025-07-23 07:26:09', '2025-07-23 07:26:09');

-- --------------------------------------------------------

--
-- Table structure for table `units`
--

CREATE TABLE `units` (
  `id` bigint UNSIGNED NOT NULL,
  `name` varchar(255) CHARACTER SET utf8mb4 COLLATE utf8mb4_unicode_ci NOT NULL,
  `created_at` timestamp NULL DEFAULT NULL,
  `updated_at` timestamp NULL DEFAULT NULL
) ENGINE=InnoDB DEFAULT CHARSET=utf8mb4 COLLATE=utf8mb4_unicode_ci;

--
-- Dumping data for table `units`
--

INSERT INTO `units` (`id`, `name`, `created_at`, `updated_at`) VALUES
(13, 'cm', '2025-05-19 07:28:13', '2025-05-19 07:28:13'),
(14, 'mm', '2025-05-19 07:28:58', '2025-05-19 07:28:58'),
(15, 'pcs', '2025-05-19 07:30:00', '2025-05-19 07:30:00'),
(16, 'pack', '2025-05-19 07:31:00', '2025-05-19 07:31:00'),
(17, 'm', '2025-05-19 07:31:35', '2025-05-19 07:31:35'),
(18, 'kg', '2025-05-19 07:32:30', '2025-05-19 07:32:30'),
(19, 'set', '2025-05-19 07:33:55', '2025-05-19 07:33:55'),
(20, 'roll', '2025-05-19 07:45:26', '2025-05-19 07:45:26'),
(21, 'dm', '2025-05-19 07:49:49', '2025-05-19 07:49:49'),
(30, 'final test unit', '2025-05-20 06:37:41', '2025-05-20 06:37:41'),
(31, 'Kantong', '2025-06-04 06:34:17', '2025-06-04 06:34:17'),
(32, '-', '2025-06-07 05:48:09', '2025-06-07 05:48:09'),
(33, 'gh', '2025-06-07 05:50:39', '2025-06-07 05:50:39'),
(34, 'kl', '2025-06-07 06:03:47', '2025-06-07 06:03:47'),
(35, 'km ', '2025-06-09 03:20:19', '2025-06-09 03:20:19'),
(36, 'Gulung', '2025-06-09 07:58:45', '2025-06-09 07:58:45'),
(37, 'Pasang', '2025-06-16 09:19:10', '2025-06-16 09:19:10'),
(38, 'Lembar', '2025-07-03 09:49:46', '2025-07-03 09:49:46'),
(39, 'ddty', '2025-07-04 02:33:14', '2025-07-04 02:33:14'),
(40, 'dfv', '2025-07-04 02:40:12', '2025-07-04 02:40:12'),
(41, 'pop', '2025-07-04 02:54:30', '2025-07-04 02:54:30'),
(42, 'kilo', '2025-07-05 05:56:28', '2025-07-05 05:56:28'),
(43, 'test', '2025-07-07 03:41:46', '2025-07-07 03:41:46'),
(44, 'drum', '2025-07-07 04:11:49', '2025-07-07 04:11:49'),
(45, 'Kaleng', '2025-07-09 07:06:20', '2025-07-09 07:06:20'),
(46, '16', '2025-07-09 09:15:37', '2025-07-09 09:15:37'),
(47, 'sd', '2025-07-11 01:43:22', '2025-07-11 01:43:22'),
(48, 'ascas', '2025-07-11 01:43:45', '2025-07-11 01:43:45'),
(49, 'df', '2025-07-11 01:43:55', '2025-07-11 01:43:55'),
(50, 'sdcsd', '2025-07-19 02:12:34', '2025-07-19 02:12:34'),
(51, 'oke', '2025-07-19 02:26:29', '2025-07-19 02:26:29'),
(52, '(no unit)', '2025-07-19 02:42:12', '2025-07-19 02:42:12'),
(53, 'joule', '2025-07-19 02:42:13', '2025-07-19 02:42:13'),
(54, 'ton', '2025-07-25 02:51:09', '2025-07-25 02:51:09'),
(55, 'rr', '2025-09-26 06:54:30', '2025-09-26 06:54:30'),
(56, 'tyyu09', '2025-09-26 07:03:05', '2025-09-26 07:03:05'),
(57, 'lliy', '2025-09-26 07:03:39', '2025-09-26 07:03:39'),
(58, 'pkdns', '2025-09-26 07:04:23', '2025-09-26 07:04:23');

-- --------------------------------------------------------

--
-- Table structure for table `users`
--

CREATE TABLE `users` (
  `id` bigint UNSIGNED NOT NULL,
  `username` varchar(255) CHARACTER SET utf8mb4 COLLATE utf8mb4_unicode_ci NOT NULL,
  `password` varchar(255) CHARACTER SET utf8mb4 COLLATE utf8mb4_unicode_ci NOT NULL,
  `role` enum('super_admin','admin_logistic','admin_mascot','admin_costume','admin_finance','admin_animatronic','admin_procurement','admin_hr','admin','general') COLLATE utf8mb4_unicode_ci NOT NULL,
  `department_id` bigint UNSIGNED DEFAULT NULL,
  `remember_token` varchar(100) CHARACTER SET utf8mb4 COLLATE utf8mb4_unicode_ci DEFAULT NULL,
  `created_at` timestamp NULL DEFAULT NULL,
  `updated_at` timestamp NULL DEFAULT NULL,
  `deleted_at` timestamp NULL DEFAULT NULL
) ENGINE=InnoDB DEFAULT CHARSET=utf8mb4 COLLATE=utf8mb4_unicode_ci;

--
-- Dumping data for table `users`
--

INSERT INTO `users` (`id`, `username`, `password`, `role`, `department_id`, `remember_token`, `created_at`, `updated_at`, `deleted_at`) VALUES
(1, 'logitech', '$2y$10$d92eVtlqhO1zea7Ofb/jKuR6s.LKe7GYqVQkAMTEDzm.sk34iBC5C', 'super_admin', 5, 'wdEaAdRspvuJglvMEmDDhgfiJwVmdzHqp2SagxLWJrh6AXLzdlsUf8PqM4mF', '2025-05-05 23:37:44', '2025-07-17 08:21:38', NULL),
(2, 'laura', '$2y$10$agrAQMX7Zu08uOYtHcQQYeWTO1kge9xJWT.mIFMBX/XhItIyToAIy', 'admin_mascot', 2, 'Nfa241J1MnRyi3oNkMALeNYrhAmDukOtEdY8gpit2vTEk5AZVjsX52zFdAli', '2025-05-06 00:07:01', '2025-07-17 02:34:01', NULL),
(3, 'tari', '$2y$10$Q2V3kGCkazSCAtjXQ3No4./RayNoZAMEVfNdmFr//vXHBqP87xrs6', 'admin_costume', 1, NULL, '2025-05-06 00:07:27', '2025-07-17 02:34:07', NULL),
(4, 'dyla', '$2y$10$IbH1.hfTsurL05wNwT6VTepZnmQn1cyxoa.UwIjIN739.0hV11h.a', 'admin_logistic', 12, NULL, '2025-05-06 00:07:43', '2025-07-17 02:34:37', NULL),
(5, 'lesta', '$2y$10$LijMxv8aRqT7/e0sX5me/.b/BTvBoKmpZdPEfw/OmGzQfavpUxYxu', 'admin_finance', 11, NULL, '2025-05-06 00:08:01', '2025-07-21 02:57:53', NULL),
(6, 'test', '$2y$10$cWkKf3CZcradOc.3Y.gYb.5b5FMrlbzvDxeSbjROPjstBd8Tq/aiu', 'general', NULL, NULL, '2025-06-09 06:53:37', '2025-06-09 07:10:40', '2025-06-09 07:10:40'),
(8, 'test112', '$2y$10$yHJX7UNjaUBgoWVBxeHQEOGPmwbUqIykoAAuJOczfxhkgETHMcBV6', 'admin_mascot', NULL, NULL, '2025-06-09 07:11:01', '2025-06-09 10:01:52', '2025-06-09 10:01:52'),
(11, 'wahyu123', '$2y$10$d3ciOSWFDlGZw7jDfjYbeeHqzr5EiSNMDYF3aNpkKTusvFFtsg/xm', 'super_admin', NULL, NULL, '2025-06-26 04:02:15', '2025-07-04 09:15:53', NULL),
(12, 'robotic', '$2y$10$vHm8Z3MUcMduaDKkvRywze3pF8fba89f7eiSxkGfYvuYwsHonavZi', 'admin_animatronic', NULL, NULL, '2025-07-04 08:34:47', '2025-07-04 08:34:47', NULL),
(13, 'dcm', '$2y$10$STdJRYnoGxHcjiGCwJ6.d.t4M16wo76VGJfqVKpkFqVctg3Xx5RUi', 'general', NULL, NULL, '2025-07-18 07:56:41', '2025-07-18 07:56:41', NULL),
(14, 'asxa', '$2y$10$Z6MYYTuHtr9BN0ssuqG4r.irDzEoKGpW0u7zTBtLEwfGfNblyvndG', 'admin_mascot', NULL, NULL, '2025-07-18 09:47:02', '2025-07-18 09:47:02', NULL),
(15, 'abcd', '$2y$10$PoHaBl72LWj5Y3tRdUzCj.uiQcKilBwTFKIOTrMDCZHKUaHKx2jFe', 'general', NULL, NULL, '2025-07-19 04:24:31', '2025-07-19 04:24:31', NULL),
(16, 'wali band', '$2y$10$yymOlYiKbdhNAEgxa0g4s.RFyRqcPbD.CK6Yn2ANaKrcDN4H6jCcq', 'general', 15, NULL, '2025-07-19 04:56:23', '2025-10-17 03:50:54', '2025-10-17 03:50:54'),
(17, 'user', '$2y$10$6UeoMLNl/6/WwMRW3QA9Yeqa2z1D7crTqcS3lK9rK/p1l9FXKMdJK', 'admin_logistic', 7, NULL, '2025-07-19 05:26:28', '2025-07-19 05:26:28', NULL),
(18, 'asasd', '$2y$10$c.6MbWuLsEFL3nIpJ3sPTeilGrq2Iolhghm04APhWNPHXQC55eRWC', 'admin_mascot', 15, NULL, '2025-07-19 05:29:21', '2025-07-19 05:29:21', NULL),
(19, 'admin', '$2y$10$S1fabs5XQjU/mFZrLtKzrOGulHSnuiVWJr3y9IOWMQXaq8Deh6afq', 'admin', 17, NULL, '2025-10-17 02:46:52', '2025-10-17 02:46:52', NULL),
(20, 'asih', '$2y$10$xJuMw9BsJSD.JfTdmF4dGOG0TftcV0OLmH.l5c4NRAeVxxy/.AjRa', 'admin_hr', 15, NULL, '2025-10-17 03:51:11', '2025-10-17 03:51:11', NULL);

--
-- Indexes for dumped tables
--

--
-- Indexes for table `audits`
--
ALTER TABLE `audits`
  ADD PRIMARY KEY (`id`),
  ADD KEY `audits_auditable_type_auditable_id_index` (`auditable_type`,`auditable_id`),
  ADD KEY `audits_user_id_user_type_index` (`user_id`,`user_type`);

--
-- Indexes for table `categories`
--
ALTER TABLE `categories`
  ADD PRIMARY KEY (`id`),
  ADD UNIQUE KEY `categories_name_unique` (`name`);

--
-- Indexes for table `currencies`
--
ALTER TABLE `currencies`
  ADD PRIMARY KEY (`id`),
  ADD UNIQUE KEY `currencies_name_unique` (`name`);

--
-- Indexes for table `departments`
--
ALTER TABLE `departments`
  ADD PRIMARY KEY (`id`),
  ADD UNIQUE KEY `departments_name_unique` (`name`);

--
-- Indexes for table `employees`
--
ALTER TABLE `employees`
  ADD PRIMARY KEY (`id`),
  ADD UNIQUE KEY `employees_employee_no_unique` (`employee_no`),
  ADD KEY `employees_department_id_foreign` (`department_id`);

--
-- Indexes for table `employee_documents`
--
ALTER TABLE `employee_documents`
  ADD PRIMARY KEY (`id`),
  ADD KEY `employee_documents_employee_id_document_type_index` (`employee_id`,`document_type`);

--
-- Indexes for table `failed_jobs`
--
ALTER TABLE `failed_jobs`
  ADD PRIMARY KEY (`id`),
  ADD UNIQUE KEY `failed_jobs_uuid_unique` (`uuid`);

--
-- Indexes for table `goods_in`
--
ALTER TABLE `goods_in`
  ADD PRIMARY KEY (`id`),
  ADD KEY `goods_in_goods_out_id_foreign` (`goods_out_id`),
  ADD KEY `goods_in_inventory_id_foreign` (`inventory_id`),
  ADD KEY `goods_in_project_id_foreign` (`project_id`);

--
-- Indexes for table `goods_out`
--
ALTER TABLE `goods_out`
  ADD PRIMARY KEY (`id`),
  ADD KEY `goods_out_material_request_id_foreign` (`material_request_id`),
  ADD KEY `goods_out_inventory_id_foreign` (`inventory_id`),
  ADD KEY `goods_out_project_id_foreign` (`project_id`);

--
-- Indexes for table `goods_receives`
--
ALTER TABLE `goods_receives`
  ADD PRIMARY KEY (`id`),
  ADD KEY `goods_receives_shipping_id_foreign` (`shipping_id`);

--
-- Indexes for table `goods_receive_details`
--
ALTER TABLE `goods_receive_details`
  ADD PRIMARY KEY (`id`),
  ADD KEY `goods_receive_details_goods_receive_id_foreign` (`goods_receive_id`),
  ADD KEY `goods_receive_details_shipping_detail_id_foreign` (`shipping_detail_id`);

--
-- Indexes for table `inventories`
--
ALTER TABLE `inventories`
  ADD PRIMARY KEY (`id`),
  ADD KEY `inventories_currency_id_foreign` (`currency_id`),
  ADD KEY `inventories_category_id_foreign` (`category_id`),
  ADD KEY `inventories_supplier_id_foreign` (`supplier_id`),
  ADD KEY `inventories_location_id_foreign` (`location_id`);

--
-- Indexes for table `inventory_transactions`
--
ALTER TABLE `inventory_transactions`
  ADD PRIMARY KEY (`id`);

--
-- Indexes for table `leave_requests`
--
ALTER TABLE `leave_requests`
  ADD PRIMARY KEY (`id`),
  ADD KEY `leave_requests_employee_id_foreign` (`employee_id`);

--
-- Indexes for table `locations`
--
ALTER TABLE `locations`
  ADD PRIMARY KEY (`id`),
  ADD UNIQUE KEY `locations_name_unique` (`name`);

--
-- Indexes for table `material_plannings`
--
ALTER TABLE `material_plannings`
  ADD PRIMARY KEY (`id`),
  ADD KEY `material_plannings_project_id_foreign` (`project_id`),
  ADD KEY `material_plannings_unit_id_foreign` (`unit_id`),
  ADD KEY `material_plannings_requested_by_foreign` (`requested_by`);

--
-- Indexes for table `material_requests`
--
ALTER TABLE `material_requests`
  ADD PRIMARY KEY (`id`),
  ADD KEY `material_requests_inventory_id_foreign` (`inventory_id`),
  ADD KEY `material_requests_project_id_foreign` (`project_id`);

--
-- Indexes for table `material_usages`
--
ALTER TABLE `material_usages`
  ADD PRIMARY KEY (`id`),
  ADD KEY `material_usages_inventory_id_foreign` (`inventory_id`),
  ADD KEY `material_usages_project_id_foreign` (`project_id`);

--
-- Indexes for table `migrations`
--
ALTER TABLE `migrations`
  ADD PRIMARY KEY (`id`);

--
-- Indexes for table `password_resets`
--
ALTER TABLE `password_resets`
  ADD KEY `password_resets_email_index` (`email`);

--
-- Indexes for table `personal_access_tokens`
--
ALTER TABLE `personal_access_tokens`
  ADD PRIMARY KEY (`id`),
  ADD UNIQUE KEY `personal_access_tokens_token_unique` (`token`),
  ADD KEY `personal_access_tokens_tokenable_type_tokenable_id_index` (`tokenable_type`,`tokenable_id`);

--
-- Indexes for table `pre_shippings`
--
ALTER TABLE `pre_shippings`
  ADD PRIMARY KEY (`id`),
  ADD UNIQUE KEY `pre_shippings_external_request_id_unique` (`purchase_request_id`),
  ADD KEY `pre_shippings_group_key_index` (`group_key`);

--
-- Indexes for table `projects`
--
ALTER TABLE `projects`
  ADD PRIMARY KEY (`id`),
  ADD KEY `projects_department_id_foreign` (`department_id`),
  ADD KEY `projects_project_status_id_foreign` (`project_status_id`);

--
-- Indexes for table `project_costings`
--
ALTER TABLE `project_costings`
  ADD PRIMARY KEY (`id`),
  ADD KEY `project_costings_project_id_foreign` (`project_id`);

--
-- Indexes for table `project_parts`
--
ALTER TABLE `project_parts`
  ADD PRIMARY KEY (`id`),
  ADD KEY `project_parts_project_id_foreign` (`project_id`);

--
-- Indexes for table `project_statuses`
--
ALTER TABLE `project_statuses`
  ADD PRIMARY KEY (`id`),
  ADD UNIQUE KEY `project_statuses_name_unique` (`name`);

--
-- Indexes for table `purchase_requests`
--
ALTER TABLE `purchase_requests`
  ADD PRIMARY KEY (`id`),
  ADD KEY `external_requests_inventory_id_foreign` (`inventory_id`),
  ADD KEY `external_requests_project_id_foreign` (`project_id`),
  ADD KEY `external_requests_requested_by_foreign` (`requested_by`);

--
-- Indexes for table `shippings`
--
ALTER TABLE `shippings`
  ADD PRIMARY KEY (`id`);

--
-- Indexes for table `shipping_details`
--
ALTER TABLE `shipping_details`
  ADD PRIMARY KEY (`id`),
  ADD KEY `shipping_details_shipping_id_foreign` (`shipping_id`),
  ADD KEY `shipping_details_pre_shipping_id_foreign` (`pre_shipping_id`);

--
-- Indexes for table `suppliers`
--
ALTER TABLE `suppliers`
  ADD PRIMARY KEY (`id`),
  ADD UNIQUE KEY `suppliers_name_unique` (`name`);

--
-- Indexes for table `timings`
--
ALTER TABLE `timings`
  ADD PRIMARY KEY (`id`),
  ADD KEY `timings_project_id_foreign` (`project_id`),
  ADD KEY `timings_employee_id_foreign` (`employee_id`);

--
-- Indexes for table `units`
--
ALTER TABLE `units`
  ADD PRIMARY KEY (`id`),
  ADD UNIQUE KEY `units_name_unique` (`name`);

--
-- Indexes for table `users`
--
ALTER TABLE `users`
  ADD PRIMARY KEY (`id`),
  ADD UNIQUE KEY `users_username_unique` (`username`),
  ADD KEY `users_department_id_foreign` (`department_id`);

--
-- AUTO_INCREMENT for dumped tables
--

--
-- AUTO_INCREMENT for table `audits`
--
ALTER TABLE `audits`
  MODIFY `id` bigint UNSIGNED NOT NULL AUTO_INCREMENT, AUTO_INCREMENT=97;

--
-- AUTO_INCREMENT for table `categories`
--
ALTER TABLE `categories`
  MODIFY `id` bigint UNSIGNED NOT NULL AUTO_INCREMENT, AUTO_INCREMENT=78;

--
-- AUTO_INCREMENT for table `currencies`
--
ALTER TABLE `currencies`
  MODIFY `id` bigint UNSIGNED NOT NULL AUTO_INCREMENT, AUTO_INCREMENT=61;

--
-- AUTO_INCREMENT for table `departments`
--
ALTER TABLE `departments`
  MODIFY `id` bigint UNSIGNED NOT NULL AUTO_INCREMENT, AUTO_INCREMENT=18;

--
-- AUTO_INCREMENT for table `employees`
--
ALTER TABLE `employees`
  MODIFY `id` bigint UNSIGNED NOT NULL AUTO_INCREMENT, AUTO_INCREMENT=18;

--
-- AUTO_INCREMENT for table `employee_documents`
--
ALTER TABLE `employee_documents`
  MODIFY `id` bigint UNSIGNED NOT NULL AUTO_INCREMENT, AUTO_INCREMENT=14;

--
-- AUTO_INCREMENT for table `failed_jobs`
--
ALTER TABLE `failed_jobs`
  MODIFY `id` bigint UNSIGNED NOT NULL AUTO_INCREMENT;

--
-- AUTO_INCREMENT for table `goods_in`
--
ALTER TABLE `goods_in`
  MODIFY `id` bigint UNSIGNED NOT NULL AUTO_INCREMENT, AUTO_INCREMENT=80;

--
-- AUTO_INCREMENT for table `goods_out`
--
ALTER TABLE `goods_out`
  MODIFY `id` bigint UNSIGNED NOT NULL AUTO_INCREMENT, AUTO_INCREMENT=301;

--
-- AUTO_INCREMENT for table `goods_receives`
--
ALTER TABLE `goods_receives`
  MODIFY `id` bigint UNSIGNED NOT NULL AUTO_INCREMENT;

--
-- AUTO_INCREMENT for table `goods_receive_details`
--
ALTER TABLE `goods_receive_details`
  MODIFY `id` bigint UNSIGNED NOT NULL AUTO_INCREMENT;

--
-- AUTO_INCREMENT for table `inventories`
--
ALTER TABLE `inventories`
  MODIFY `id` bigint UNSIGNED NOT NULL AUTO_INCREMENT, AUTO_INCREMENT=232;

--
-- AUTO_INCREMENT for table `inventory_transactions`
--
ALTER TABLE `inventory_transactions`
  MODIFY `id` bigint UNSIGNED NOT NULL AUTO_INCREMENT;

--
-- AUTO_INCREMENT for table `leave_requests`
--
ALTER TABLE `leave_requests`
  MODIFY `id` bigint UNSIGNED NOT NULL AUTO_INCREMENT, AUTO_INCREMENT=13;

--
-- AUTO_INCREMENT for table `locations`
--
ALTER TABLE `locations`
  MODIFY `id` bigint UNSIGNED NOT NULL AUTO_INCREMENT, AUTO_INCREMENT=41;

--
-- AUTO_INCREMENT for table `material_plannings`
--
ALTER TABLE `material_plannings`
  MODIFY `id` bigint UNSIGNED NOT NULL AUTO_INCREMENT, AUTO_INCREMENT=3;

--
-- AUTO_INCREMENT for table `material_requests`
--
ALTER TABLE `material_requests`
  MODIFY `id` bigint UNSIGNED NOT NULL AUTO_INCREMENT, AUTO_INCREMENT=534;

--
-- AUTO_INCREMENT for table `material_usages`
--
ALTER TABLE `material_usages`
  MODIFY `id` bigint UNSIGNED NOT NULL AUTO_INCREMENT, AUTO_INCREMENT=3418;

--
-- AUTO_INCREMENT for table `migrations`
--
ALTER TABLE `migrations`
  MODIFY `id` int UNSIGNED NOT NULL AUTO_INCREMENT, AUTO_INCREMENT=92;

--
-- AUTO_INCREMENT for table `personal_access_tokens`
--
ALTER TABLE `personal_access_tokens`
  MODIFY `id` bigint UNSIGNED NOT NULL AUTO_INCREMENT;

--
-- AUTO_INCREMENT for table `pre_shippings`
--
ALTER TABLE `pre_shippings`
  MODIFY `id` bigint UNSIGNED NOT NULL AUTO_INCREMENT, AUTO_INCREMENT=16;

--
-- AUTO_INCREMENT for table `projects`
--
ALTER TABLE `projects`
  MODIFY `id` bigint UNSIGNED NOT NULL AUTO_INCREMENT, AUTO_INCREMENT=255;

--
-- AUTO_INCREMENT for table `project_costings`
--
ALTER TABLE `project_costings`
  MODIFY `id` bigint UNSIGNED NOT NULL AUTO_INCREMENT;

--
-- AUTO_INCREMENT for table `project_parts`
--
ALTER TABLE `project_parts`
  MODIFY `id` bigint UNSIGNED NOT NULL AUTO_INCREMENT, AUTO_INCREMENT=11;

--
-- AUTO_INCREMENT for table `project_statuses`
--
ALTER TABLE `project_statuses`
  MODIFY `id` bigint UNSIGNED NOT NULL AUTO_INCREMENT, AUTO_INCREMENT=4;

--
-- AUTO_INCREMENT for table `purchase_requests`
--
ALTER TABLE `purchase_requests`
  MODIFY `id` bigint UNSIGNED NOT NULL AUTO_INCREMENT, AUTO_INCREMENT=23;

--
-- AUTO_INCREMENT for table `shippings`
--
ALTER TABLE `shippings`
  MODIFY `id` bigint UNSIGNED NOT NULL AUTO_INCREMENT, AUTO_INCREMENT=2;

--
-- AUTO_INCREMENT for table `shipping_details`
--
ALTER TABLE `shipping_details`
  MODIFY `id` bigint UNSIGNED NOT NULL AUTO_INCREMENT, AUTO_INCREMENT=3;

--
-- AUTO_INCREMENT for table `suppliers`
--
ALTER TABLE `suppliers`
  MODIFY `id` bigint UNSIGNED NOT NULL AUTO_INCREMENT, AUTO_INCREMENT=31;

--
-- AUTO_INCREMENT for table `timings`
--
ALTER TABLE `timings`
  MODIFY `id` bigint UNSIGNED NOT NULL AUTO_INCREMENT, AUTO_INCREMENT=24;

--
-- AUTO_INCREMENT for table `units`
--
ALTER TABLE `units`
  MODIFY `id` bigint UNSIGNED NOT NULL AUTO_INCREMENT, AUTO_INCREMENT=59;

--
-- AUTO_INCREMENT for table `users`
--
ALTER TABLE `users`
  MODIFY `id` bigint UNSIGNED NOT NULL AUTO_INCREMENT, AUTO_INCREMENT=21;

--
-- Constraints for dumped tables
--

--
-- Constraints for table `employees`
--
ALTER TABLE `employees`
  ADD CONSTRAINT `employees_department_id_foreign` FOREIGN KEY (`department_id`) REFERENCES `departments` (`id`);

--
-- Constraints for table `employee_documents`
--
ALTER TABLE `employee_documents`
  ADD CONSTRAINT `employee_documents_employee_id_foreign` FOREIGN KEY (`employee_id`) REFERENCES `employees` (`id`) ON DELETE CASCADE;

--
-- Constraints for table `goods_in`
--
ALTER TABLE `goods_in`
  ADD CONSTRAINT `goods_in_goods_out_id_foreign` FOREIGN KEY (`goods_out_id`) REFERENCES `goods_out` (`id`) ON DELETE CASCADE,
  ADD CONSTRAINT `goods_in_inventory_id_foreign` FOREIGN KEY (`inventory_id`) REFERENCES `inventories` (`id`),
  ADD CONSTRAINT `goods_in_project_id_foreign` FOREIGN KEY (`project_id`) REFERENCES `projects` (`id`);

--
-- Constraints for table `goods_out`
--
ALTER TABLE `goods_out`
  ADD CONSTRAINT `goods_out_inventory_id_foreign` FOREIGN KEY (`inventory_id`) REFERENCES `inventories` (`id`) ON DELETE CASCADE,
  ADD CONSTRAINT `goods_out_material_request_id_foreign` FOREIGN KEY (`material_request_id`) REFERENCES `material_requests` (`id`) ON DELETE CASCADE,
  ADD CONSTRAINT `goods_out_project_id_foreign` FOREIGN KEY (`project_id`) REFERENCES `projects` (`id`) ON DELETE CASCADE;

--
-- Constraints for table `goods_receives`
--
ALTER TABLE `goods_receives`
  ADD CONSTRAINT `goods_receives_shipping_id_foreign` FOREIGN KEY (`shipping_id`) REFERENCES `shippings` (`id`) ON DELETE CASCADE;

--
-- Constraints for table `goods_receive_details`
--
ALTER TABLE `goods_receive_details`
  ADD CONSTRAINT `goods_receive_details_goods_receive_id_foreign` FOREIGN KEY (`goods_receive_id`) REFERENCES `goods_receives` (`id`) ON DELETE CASCADE,
  ADD CONSTRAINT `goods_receive_details_shipping_detail_id_foreign` FOREIGN KEY (`shipping_detail_id`) REFERENCES `shipping_details` (`id`) ON DELETE CASCADE;

--
-- Constraints for table `material_plannings`
--
ALTER TABLE `material_plannings`
  ADD CONSTRAINT `material_plannings_project_id_foreign` FOREIGN KEY (`project_id`) REFERENCES `projects` (`id`),
  ADD CONSTRAINT `material_plannings_requested_by_foreign` FOREIGN KEY (`requested_by`) REFERENCES `users` (`id`),
  ADD CONSTRAINT `material_plannings_unit_id_foreign` FOREIGN KEY (`unit_id`) REFERENCES `units` (`id`);
COMMIT;

/*!40101 SET CHARACTER_SET_CLIENT=@OLD_CHARACTER_SET_CLIENT */;
/*!40101 SET CHARACTER_SET_RESULTS=@OLD_CHARACTER_SET_RESULTS */;
/*!40101 SET COLLATION_CONNECTION=@OLD_COLLATION_CONNECTION */;
